customer_id,order_id,sales,row_num
AA-10315,CA-2016-103982,3930.072,1
AA-10315,CA-2014-128055,673.568,2
AA-10315,CA-2016-103982,431.976,3
AA-10315,CA-2017-147039,362.94,4
AA-10315,CA-2014-128055,52.98,5
AA-10315,CA-2016-103982,41.72,6
AA-10315,CA-2015-121391,26.96,7
AA-10315,CA-2014-138100,14.94,8
AA-10315,CA-2014-138100,14.56,9
AA-10315,CA-2017-147039,11.54,10
AA-10315,CA-2016-103982,2.304,11
AA-10375,CA-2016-131065,499.98,1
AA-10375,CA-2015-140921,149.97,2
AA-10375,CA-2017-100230,116.98,3
AA-10375,CA-2015-114503,84.96,4
AA-10375,US-2017-169488,39.96,5
AA-10375,CA-2014-130729,34.272,6
AA-10375,CA-2015-140921,28.4,7
AA-10375,CA-2017-100230,17.94,8
AA-10375,US-2017-169488,16.9,9
AA-10375,CA-2016-126613,16.768,10
AA-10375,CA-2014-158064,16.52,11
AA-10375,CA-2017-100230,14.952,12
AA-10375,CA-2016-131065,8.26,13
AA-10375,CA-2016-131065,5.28,14
AA-10375,CA-2015-109939,5.248,15
AA-10480,CA-2016-114601,479.97,1
AA-10480,CA-2016-114601,447.84,2
AA-10480,CA-2016-121671,265.17,3
AA-10480,CA-2016-121671,242.94,4
AA-10480,CA-2016-114601,209.97,5
AA-10480,CA-2016-121671,51.84,6
AA-10480,CA-2014-155271,27.46,7
AA-10480,CA-2016-121671,21.93,8
AA-10480,CA-2017-114412,15.552,9
AA-10480,CA-2016-114601,11.56,10
AA-10480,CA-2016-114601,8.64,11
AA-10645,CA-2015-110863,1323.9,1
AA-10645,CA-2016-147137,1279.165,2
AA-10645,CA-2014-154963,853.93,3
AA-10645,CA-2014-143210,271.9,4
AA-10645,CA-2014-154963,170.058,5
AA-10645,CA-2016-131205,129.92,6
AA-10645,CA-2016-131205,113.94,7
AA-10645,CA-2015-110863,106.32,8
AA-10645,CA-2014-154963,82.782,9
AA-10645,CA-2016-131205,42.6,10
AA-10645,CA-2016-147137,27.92,11
AA-10645,CA-2016-147137,25.4,12
AA-10645,CA-2017-157196,12.96,13
AA-10645,CA-2014-143210,9.82,14
AA-10645,CA-2016-131205,5.28,15
AB-10015,CA-2016-140935,341.96,1
AB-10015,CA-2014-156587,242.94,2
AB-10015,CA-2016-140935,221.98,3
AB-10015,CA-2014-156587,48.712,4
AB-10015,CA-2014-156587,17.94,5
AB-10015,CA-2014-152905,12.624,6
AB-10060,CA-2016-129714,4355.168,1
AB-10060,CA-2017-107174,2036.86,2
AB-10060,CA-2017-107174,449.568,3
AB-10060,CA-2017-118213,167.94,4
AB-10060,US-2016-108637,160.32,5
AB-10060,US-2016-108637,127.88,6
AB-10060,CA-2017-107174,108.96,7
AB-10060,CA-2017-159688,79.99,8
AB-10060,CA-2017-118213,67.8,9
AB-10060,CA-2016-129714,49.12,10
AB-10060,US-2016-108637,46,11
AB-10060,CA-2016-161207,27.93,12
AB-10060,CA-2016-129714,24.56,13
AB-10060,CA-2017-134173,20.736,14
AB-10060,CA-2016-129714,6.79,15
AB-10060,CA-2016-129714,3.048,16
AB-10105,CA-2016-117121,9892.74,1
AB-10105,CA-2014-103100,1103.97,2
AB-10105,CA-2017-101042,821.88,3
AB-10105,CA-2017-153822,471.92,4
AB-10105,CA-2017-126788,470.376,5
AB-10105,US-2016-122245,393.165,6
AB-10105,CA-2017-121643,344.704,7
AB-10105,CA-2015-163181,287.91,8
AB-10105,CA-2015-163181,177.648,9
AB-10105,CA-2017-153822,89.584,10
AB-10105,CA-2015-163181,84.784,11
AB-10105,CA-2015-163181,64.96,12
AB-10105,CA-2017-140781,39.816,13
AB-10105,CA-2015-163181,32.06,14
AB-10105,CA-2015-163181,23.64,15
AB-10105,CA-2017-101042,21.96,16
AB-10105,CA-2017-153822,18.18,17
AB-10105,CA-2017-153822,12.624,18
AB-10105,CA-2014-103100,3.69,19
AB-10150,CA-2014-169061,479.97,1
AB-10150,CA-2017-158876,99.136,2
AB-10150,CA-2014-169061,97.82,3
AB-10150,CA-2017-120761,91.96,4
AB-10150,CA-2014-169061,59.52,5
AB-10150,CA-2014-169061,49.632,6
AB-10150,CA-2014-169061,18.62,7
AB-10150,CA-2017-158876,16.896,8
AB-10150,CA-2017-158876,15.992,9
AB-10150,CA-2016-147970,15.552,10
AB-10150,CA-2015-168186,14.94,11
AB-10150,CA-2017-158876,6.672,12
AB-10165,CA-2015-115945,304.23,1
AB-10165,CA-2015-131534,166.24,2
AB-10165,CA-2017-145737,163.96,3
AB-10165,CA-2017-126634,94.2,4
AB-10165,CA-2017-144932,89.856,5
AB-10165,CA-2015-115945,88.752,6
AB-10165,CA-2015-144043,46.688,7
AB-10165,US-2014-139500,37.296,8
AB-10165,CA-2015-131534,33.4,9
AB-10165,CA-2017-131212,24.816,10
AB-10165,CA-2015-115945,20.96,11
AB-10165,CA-2017-131212,14.976,12
AB-10165,CA-2017-144932,14.592,13
AB-10165,CA-2017-144932,13.872,14
AB-10255,CA-2017-126662,479.984,1
AB-10255,CA-2017-155873,192.16,2
AB-10255,CA-2015-142055,37.94,3
AB-10255,CA-2015-110093,36.784,4
AB-10255,CA-2017-127705,27.44,5
AB-10255,CA-2014-122679,19.68,6
AB-10255,CA-2017-155873,19.44,7
AB-10255,CA-2016-151155,18.92,8
AB-10255,CA-2016-151323,17.05,9
AB-10255,CA-2017-155873,16.68,10
AB-10255,CA-2016-151155,15.42,11
AB-10255,US-2016-158708,13.616,12
AB-10255,CA-2017-127705,2.97,13
AB-10600,US-2017-155425,899.136,1
AB-10600,US-2017-155425,239.952,2
AB-10600,US-2017-155425,201.584,3
AB-10600,US-2017-155425,95.994,4
AB-10600,US-2017-155425,38.388,5
AB-10600,CA-2015-158323,17.088,6
AB-10600,CA-2014-115336,14.48,7
AB-10600,CA-2015-111234,9.24,8
AC-10420,CA-2014-129924,698.352,1
AC-10420,US-2017-158218,127.92,2
AC-10420,CA-2016-144400,57.576,3
AC-10420,CA-2014-129924,7.712,4
AC-10450,CA-2017-141789,1793.98,1
AC-10450,CA-2017-158729,1665.62,2
AC-10450,CA-2016-163573,1219.96,3
AC-10450,US-2014-167262,742.336,4
AC-10450,CA-2015-164441,52.272,5
AC-10450,CA-2015-164441,17.94,6
AC-10450,CA-2016-116232,16.56,7
AC-10450,US-2015-106495,11.672,8
AC-10450,CA-2016-116232,7.506,9
AC-10615,CA-2017-157987,1282.41,1
AC-10615,CA-2017-157987,254.526,2
AC-10615,CA-2017-157987,238,3
AC-10615,CA-2017-157987,197.97,4
AC-10615,CA-2017-157987,167.97,5
AC-10615,CA-2015-100734,147.184,6
AC-10615,CA-2017-136007,71.96,7
AC-10615,CA-2017-157987,26.432,8
AC-10615,CA-2017-157987,23.1,9
AC-10615,CA-2017-157987,18.9,10
AC-10615,CA-2017-157987,17.12,11
AC-10615,CA-2017-157987,12.98,12
AC-10615,CA-2017-101637,12.768,13
AC-10615,CA-2017-157987,11.54,14
AC-10615,CA-2017-136007,8.4,15
AC-10615,CA-2017-157987,4.92,16
AC-10615,CA-2015-100734,3.576,17
AC-10660,CA-2016-161928,201.584,1
AC-10660,US-2014-122021,183.372,2
AC-10660,CA-2017-135650,143.728,3
AC-10660,CA-2016-134544,84.784,4
AC-10660,CA-2016-158617,35.88,5
AC-10660,US-2014-122021,7.968,6
AD-10180,CA-2017-127432,2999.95,1
AD-10180,CA-2017-127432,1126.02,2
AD-10180,CA-2017-143245,897.15,3
AD-10180,US-2014-152030,600.558,4
AD-10180,US-2017-136784,163.96,5
AD-10180,CA-2017-160416,163.96,6
AD-10180,CA-2017-127432,51.45,7
AD-10180,CA-2015-120439,51.072,8
AD-10180,CA-2017-143245,19.44,9
AD-10180,CA-2015-124268,15.48,10
AD-10180,CA-2017-127432,11.96,11
AF-10870,CA-2016-146934,662.84,1
AF-10870,CA-2016-146934,345,2
AF-10870,CA-2016-146934,257.98,3
AF-10870,US-2017-139969,233.058,4
AF-10870,CA-2016-146934,174.286,5
AF-10870,CA-2016-146934,95.1,6
AF-10870,CA-2017-125269,72.784,7
AF-10870,CA-2016-126270,71.97,8
AF-10870,CA-2017-167871,44.384,9
AF-10870,CA-2016-146934,26.88,10
AF-10870,CA-2016-139234,26.176,11
AF-10870,CA-2016-126270,18.088,12
AF-10870,CA-2017-125269,10.43,13
AF-10870,CA-2015-168634,7.78,14
AF-10870,CA-2016-139234,3.208,15
AF-10870,CA-2017-167871,2.944,16
AF-10885,CA-2014-114181,349.965,1
AF-10885,CA-2015-114300,287.94,2
AF-10885,CA-2015-114300,83.72,3
AF-10885,CA-2014-103702,63.924,4
AF-10885,CA-2016-115588,38.976,5
AF-10885,CA-2014-114181,22.32,6
AF-10885,CA-2016-115588,14.72,7
AG-10270,CA-2016-105732,1336.44,1
AG-10270,CA-2016-105732,378,2
AG-10270,CA-2016-105732,373.08,3
AG-10270,CA-2016-105732,149.95,4
AG-10270,CA-2014-103058,99.98,5
AG-10270,CA-2014-167164,55.5,6
AG-10270,CA-2016-105732,40.74,7
AG-10270,CA-2015-153738,37.68,8
AG-10270,CA-2016-105732,29.97,9
AG-10270,CA-2016-105732,17.61,10
AG-10270,CA-2016-105732,16.9,11
AG-10270,CA-2017-139416,15.008,12
AG-10270,CA-2016-105732,14.4,13
AG-10300,CA-2014-147298,230.28,1
AG-10300,CA-2016-143749,81.94,2
AG-10300,CA-2015-166800,31.08,3
AG-10300,CA-2017-161823,5.96,4
AG-10330,CA-2017-142909,182.55,1
AG-10330,CA-2016-104150,167.28,2
AG-10330,CA-2017-107748,95.84,3
AG-10330,CA-2016-104150,81.54,4
AG-10330,CA-2017-104927,75.88,5
AG-10330,CA-2017-104927,25.92,6
AG-10330,CA-2017-107748,12.96,7
AG-10330,CA-2017-108287,12.672,8
AG-10330,CA-2017-104927,6.33,9
AG-10390,CA-2014-158470,71.28,1
AG-10390,CA-2014-158470,58.05,2
AG-10390,CA-2017-107244,19.76,3
AG-10390,CA-2016-109820,15.696,4
AG-10390,CA-2016-109820,14.427,5
AG-10390,CA-2014-125171,14.4,6
AG-10390,CA-2016-136483,4.704,7
AG-10390,CA-2016-109820,2.628,8
AG-10495,CA-2015-162201,516.96,1
AG-10495,CA-2015-111948,418.32,2
AG-10495,CA-2015-118738,347.361,3
AG-10495,CA-2015-104241,192.22,4
AG-10495,CA-2015-162201,173.488,5
AG-10495,CA-2015-162201,173.208,6
AG-10495,CA-2015-111948,123.858,7
AG-10495,CA-2015-156146,105.584,8
AG-10495,CA-2015-156146,68.72,9
AG-10495,CA-2017-132976,59.712,10
AG-10495,CA-2015-162201,42.24,11
AG-10495,CA-2017-132976,24.84,12
AG-10495,CA-2016-168921,19.296,13
AG-10495,CA-2015-162201,18.264,14
AG-10495,CA-2015-118738,15.552,15
AG-10495,CA-2017-132976,11.648,16
AG-10495,CA-2015-118738,10.368,17
AG-10495,CA-2015-162201,9,18
AG-10495,CA-2015-162201,4.448,19
AG-10495,CA-2015-142692,3.592,20
AG-10525,CA-2014-158281,559.71,1
AG-10525,CA-2015-164084,481.176,2
AG-10525,CA-2014-167850,178.384,3
AG-10525,CA-2015-164084,90,4
AG-10525,CA-2015-164084,70.26,5
AG-10525,CA-2015-169572,46.62,6
AG-10525,CA-2014-167850,15.552,7
AG-10525,CA-2015-164084,7.24,8
AG-10675,CA-2016-108987,2396.2656,1
AG-10675,CA-2016-133368,315.776,2
AG-10675,CA-2015-137512,244.006,3
AG-10675,CA-2016-108987,131.136,4
AG-10675,CA-2016-133368,89.568,5
AG-10675,CA-2016-108987,57.584,6
AG-10675,US-2017-146822,49.12,7
AG-10675,CA-2017-163335,40.29,8
AG-10675,CA-2017-163335,38.71,9
AG-10675,CA-2016-108987,35.952,10
AG-10675,CA-2017-101483,34.848,11
AG-10675,CA-2017-101483,22,12
AG-10675,CA-2015-137512,15.936,13
AG-10675,US-2017-104094,13.48,14
AG-10675,CA-2017-101483,4.368,15
AG-10765,CA-2015-110947,113.1,1
AG-10765,CA-2017-126123,13.456,2
AG-10765,CA-2015-113222,10.74,3
AG-10900,US-2014-119137,1023.936,1
AG-10900,CA-2016-160108,680.01,2
AG-10900,US-2014-119137,479.04,3
AG-10900,CA-2015-130785,411.332,4
AG-10900,CA-2016-160108,405.86,5
AG-10900,CA-2017-110198,314.352,6
AG-10900,CA-2015-130785,293.199,7
AG-10900,CA-2017-116939,177.55,8
AG-10900,CA-2016-158435,173.24,9
AG-10900,CA-2015-136728,170.072,10
AG-10900,CA-2017-161557,108.4,11
AG-10900,CA-2015-148376,106.96,12
AG-10900,CA-2016-158435,65.17,13
AG-10900,CA-2015-130785,28.752,14
AG-10900,CA-2015-148376,21.56,15
AG-10900,CA-2016-158435,14.62,16
AG-10900,US-2014-119137,9.24,17
AG-10900,US-2014-119137,8.16,18
AG-10900,CA-2015-136728,7.824,19
AG-10900,CA-2015-115399,6.912,20
AG-10900,CA-2017-110198,4.608,21
AH-10030,CA-2015-130113,668.16,1
AH-10030,CA-2015-130113,323.1,2
AH-10030,CA-2014-113768,279.456,3
AH-10030,CA-2014-122070,247.84,4
AH-10030,CA-2016-162747,86.45,5
AH-10030,US-2014-158400,49.408,6
AH-10030,CA-2014-157644,34.77,7
AH-10030,CA-2014-157644,18.9,8
AH-10030,CA-2017-164000,18.704,9
AH-10030,CA-2014-122070,9.912,10
AH-10030,CA-2014-113768,8,11
AH-10075,CA-2016-149797,841.568,1
AH-10075,CA-2017-125451,637.896,2
AH-10075,CA-2017-145702,314.352,3
AH-10075,CA-2017-125451,240.744,4
AH-10075,CA-2016-144015,231.72,5
AH-10075,CA-2017-125451,210.68,6
AH-10075,CA-2017-118857,196.45,7
AH-10075,CA-2017-112004,190.896,8
AH-10075,CA-2016-147109,165.6,9
AH-10075,CA-2016-147109,51.84,10
AH-10075,CA-2017-125451,43.44,11
AH-10075,CA-2017-125451,35,12
AH-10075,CA-2017-145702,27.888,13
AH-10075,CA-2016-144015,17.9,14
AH-10075,CA-2017-165029,12.84,15
AH-10075,CA-2016-144015,12.48,16
AH-10075,CA-2017-112004,8.595,17
AH-10075,CA-2014-160066,5.22,18
AH-10075,CA-2015-161795,3.008,19
AH-10075,CA-2017-125451,2.22,20
AH-10120,CA-2016-145261,377.45,1
AH-10120,CA-2014-123295,259.136,2
AH-10120,CA-2017-150987,244.55,3
AH-10120,CA-2017-150987,195.76,4
AH-10120,CA-2017-107958,163.96,5
AH-10120,CA-2016-145261,112.776,6
AH-10120,CA-2017-151211,102.93,7
AH-10120,CA-2017-151211,98.16,8
AH-10120,CA-2016-135594,50.12,9
AH-10120,CA-2016-145261,45.24,10
AH-10120,CA-2016-145261,28.68,11
AH-10120,CA-2016-145261,18.688,12
AH-10120,CA-2016-145261,15.936,13
AH-10120,CA-2016-145261,11.648,14
AH-10120,CA-2017-131632,5.248,15
AH-10120,CA-2017-107958,5.232,16
AH-10195,CA-2016-112697,961.48,1
AH-10195,CA-2016-112697,254.058,2
AH-10195,CA-2016-112697,194.528,3
AH-10195,CA-2015-125185,99.372,4
AH-10195,CA-2015-125185,33.568,5
AH-10195,CA-2017-123043,24.672,6
AH-10195,CA-2017-154732,16.03,7
AH-10195,CA-2017-123043,3.744,8
AH-10210,CA-2017-146983,1577.94,1
AH-10210,CA-2017-147956,1003.62,2
AH-10210,CA-2015-165050,773.94,3
AH-10210,CA-2014-153983,575.92,4
AH-10210,US-2017-148831,348.56,5
AH-10210,CA-2017-166919,195.96,6
AH-10210,CA-2017-104080,171.2,7
AH-10210,CA-2015-155040,79.9,8
AH-10210,CA-2014-153983,30.4,9
AH-10210,CA-2015-165050,21.36,10
AH-10210,CA-2016-166485,16.496,11
AH-10210,CA-2015-165050,6.688,12
AH-10210,CA-2017-104080,3.36,13
AH-10465,CA-2015-141243,1352.3976,1
AH-10465,CA-2017-115546,539.97,2
AH-10465,CA-2015-141243,398.4,3
AH-10465,CA-2016-126165,71.088,4
AH-10465,CA-2017-115546,22.58,5
AH-10465,CA-2017-145275,14.94,6
AH-10465,CA-2015-141243,7.056,7
AH-10585,CA-2014-162278,383.96,1
AH-10585,US-2017-152492,239.24,2
AH-10585,CA-2014-162278,63.92,3
AH-10585,CA-2016-160479,35.4,4
AH-10585,CA-2017-109715,15.984,5
AH-10690,CA-2016-113831,2275.5,1
AH-10690,CA-2016-113831,1979.7,2
AH-10690,CA-2015-110548,946.344,3
AH-10690,CA-2016-144148,863.128,4
AH-10690,CA-2015-113628,523.92,5
AH-10690,CA-2016-148740,361.376,6
AH-10690,CA-2014-160276,177.68,7
AH-10690,CA-2015-113628,146.136,8
AH-10690,CA-2015-139780,116.4,9
AH-10690,CA-2015-113628,100.792,10
AH-10690,CA-2016-138282,87.84,11
AH-10690,CA-2016-158869,70.88,12
AH-10690,CA-2016-113831,62.1,13
AH-10690,CA-2016-145709,52.68,14
AH-10690,CA-2015-112214,33.488,15
AH-10690,CA-2015-112214,23.04,16
AH-10690,CA-2015-166604,17.94,17
AH-10690,CA-2015-112214,14.76,18
AH-10690,CA-2015-113628,11.76,19
AH-10690,CA-2016-145709,11.568,20
AH-10690,CA-2015-113628,5.238,21
AH-10690,CA-2015-113628,4.662,22
AH-10690,CA-2015-112214,1.362,23
AI-10855,CA-2014-131387,1679.96,1
AI-10855,CA-2016-158694,720.76,2
AI-10855,CA-2017-116855,504.9,3
AI-10855,CA-2016-158694,467.46,4
AI-10855,CA-2014-102330,319.968,5
AI-10855,CA-2014-159709,158.13,6
AI-10855,CA-2016-158694,129.92,7
AI-10855,CA-2014-102330,88.8,8
AI-10855,CA-2016-158694,67.71,9
AI-10855,US-2017-160759,63.686,10
AI-10855,CA-2016-158694,61.4,11
AI-10855,CA-2014-159709,43.6,12
AI-10855,CA-2015-167479,19.44,13
AI-10855,CA-2015-158918,17.12,14
AI-10855,CA-2016-158694,14.7,15
AI-10855,CA-2017-107552,6.68,16
AI-10855,CA-2017-155929,6.368,17
AI-10855,CA-2016-158694,5.184,18
AJ-10780,CA-2014-141313,1737.18,1
AJ-10780,CA-2014-108609,1421.664,2
AJ-10780,CA-2014-141313,704.25,3
AJ-10780,CA-2017-111577,307.776,4
AJ-10780,US-2017-133361,261.96,5
AJ-10780,CA-2014-141313,141.76,6
AJ-10780,US-2017-133361,89.97,7
AJ-10780,US-2017-133361,74,8
AJ-10780,CA-2014-149020,51.94,9
AJ-10780,US-2017-133361,37.2,10
AJ-10780,US-2017-133361,14.7,11
AJ-10780,CA-2015-165554,10.86,12
AJ-10780,CA-2016-123617,7.434,13
AJ-10780,US-2017-133361,3.76,14
AJ-10780,CA-2014-149020,2.89,15
AJ-10795,CA-2017-142342,1194.165,1
AJ-10795,CA-2016-123946,1059.12,2
AJ-10795,CA-2014-110786,767.952,3
AJ-10795,CA-2014-106810,310.88,4
AJ-10795,CA-2014-110786,274.77,5
AJ-10795,CA-2014-110786,191.976,6
AJ-10795,CA-2016-134474,191.472,7
AJ-10795,CA-2014-110786,70.56,8
AJ-10795,CA-2016-123946,67.9,9
AJ-10795,CA-2016-134474,59.184,10
AJ-10795,CA-2017-142342,57.9,11
AJ-10795,CA-2017-142342,32.4,12
AJ-10795,CA-2014-110786,24.9,13
AJ-10795,CA-2014-110786,21.12,14
AJ-10795,CA-2016-123946,20.7,15
AJ-10795,CA-2014-110786,14.352,16
AJ-10795,CA-2016-123946,11.34,17
AJ-10795,CA-2017-142342,10.56,18
AJ-10795,CA-2016-134474,5.248,19
AJ-10795,CA-2016-123015,4.992,20
AJ-10945,CA-2017-133004,638.73,1
AJ-10945,US-2015-132836,403.68,2
AJ-10945,CA-2016-115378,301.96,3
AJ-10945,US-2015-132836,299.98,4
AJ-10945,CA-2015-126347,50,5
AJ-10945,CA-2015-164497,45.28,6
AJ-10945,US-2015-132836,41.9,7
AJ-10945,US-2015-132836,28.91,8
AJ-10945,CA-2014-155852,19.456,9
AJ-10945,CA-2017-137421,9.344,10
AJ-10960,CA-2014-113362,449.15,1
AJ-10960,CA-2014-131800,122.94,2
AJ-10960,CA-2014-131800,35.448,3
AJ-10960,CA-2014-113362,11.07,4
AJ-10960,CA-2017-123246,10.64,5
AM-10360,US-2015-107944,239.97,1
AM-10360,US-2015-107944,192.72,2
AM-10360,CA-2017-161340,115.96,3
AM-10360,CA-2017-109701,79.47,4
AM-10360,CA-2017-109701,69.456,5
AM-10360,CA-2016-157000,37.224,6
AM-10360,CA-2016-157000,20.016,7
AM-10360,CA-2014-132542,15.36,8
AM-10360,CA-2017-161340,13.872,9
AM-10360,CA-2017-109701,10.86,10
AM-10360,CA-2017-109701,10.08,11
AM-10360,CA-2017-109701,9.024,12
AM-10705,CA-2014-145387,1604.9,1
AM-10705,CA-2016-145905,900.08,2
AM-10705,US-2017-124821,871.4,3
AM-10705,CA-2014-145387,385.686,4
AM-10705,CA-2017-157903,383.84,5
AM-10705,CA-2016-145905,350.98,6
AM-10705,CA-2017-104731,302.94,7
AM-10705,CA-2017-104731,271.96,8
AM-10705,CA-2017-104731,231.72,9
AM-10705,CA-2017-104731,101.94,10
AM-10705,CA-2014-145387,49.25,11
AM-10705,CA-2015-151470,45.584,12
AM-10705,CA-2014-145387,34.08,13
AM-10705,CA-2017-104731,19.68,14
AM-10705,CA-2014-145387,17.67,15
AM-10705,CA-2015-100573,17.48,16
AM-10705,CA-2017-104731,14.94,17
AM-10705,CA-2014-145387,14.76,18
AM-10705,CA-2015-138457,13.092,19
AM-10705,CA-2016-145905,13.08,20
AM-10705,CA-2017-104731,8.8,21
AO-10810,CA-2016-148096,161.28,1
AP-10720,US-2016-103674,437.472,1
AP-10720,US-2016-103674,271.96,2
AP-10720,US-2016-103674,249.584,3
AP-10720,US-2016-114174,173.94,4
AP-10720,CA-2014-127964,125.76,5
AP-10720,CA-2017-143021,79.974,6
AP-10720,CA-2017-143021,58.408,7
AP-10720,CA-2016-136322,45.568,8
AP-10720,CA-2016-136322,28.752,9
AP-10720,US-2015-165449,27.168,10
AP-10720,CA-2016-120250,25.632,11
AP-10720,CA-2014-127964,25.32,12
AP-10720,US-2016-103674,18.69,13
AP-10720,US-2016-114174,14.76,14
AP-10720,US-2016-103674,13.86,15
AP-10720,US-2016-103674,13.376,16
AP-10720,US-2016-103674,13.36,17
AP-10720,CA-2014-127964,9.99,18
AP-10720,CA-2016-154403,4.98,19
AP-10915,CA-2016-168893,842.94,1
AP-10915,CA-2014-146969,686.32,2
AP-10915,CA-2014-124737,223.056,3
AP-10915,CA-2014-146969,204.6,4
AP-10915,US-2017-132059,180.588,5
AP-10915,CA-2016-128412,153.552,6
AP-10915,CA-2014-124737,143.64,7
AP-10915,CA-2016-128412,123.92,8
AP-10915,CA-2017-168228,123.92,9
AP-10915,CA-2014-105270,112.648,10
AP-10915,CA-2016-128412,65.34,11
AP-10915,CA-2014-146969,62.18,12
AP-10915,US-2017-132059,47.984,13
AP-10915,CA-2017-168228,47.3,14
AP-10915,CA-2016-128412,44.75,15
AP-10915,CA-2016-128412,35.1,16
AP-10915,CA-2014-124737,31.104,17
AP-10915,CA-2014-105270,30.48,18
AP-10915,CA-2017-146136,24.448,19
AP-10915,CA-2016-168893,24.1,20
AP-10915,CA-2016-168893,20,21
AP-10915,CA-2014-124737,15.552,22
AP-10915,US-2016-164588,12.84,23
AP-10915,CA-2017-168228,12.39,24
AP-10915,CA-2014-113047,11.85,25
AP-10915,CA-2016-168893,8.75,26
AP-10915,CA-2014-146969,8.72,27
AP-10915,CA-2016-168893,7.98,28
AP-10915,CA-2014-124737,6.8,29
AP-10915,CA-2014-146969,6.48,30
AP-10915,CA-2014-124737,4.224,31
AR-10345,US-2014-115189,523.764,1
AR-10345,US-2014-115189,251.964,2
AR-10345,CA-2015-139374,179.886,3
AR-10345,CA-2017-126396,85.2,4
AR-10345,CA-2017-126438,14.88,5
AR-10405,US-2017-134481,1488.424,1
AR-10405,CA-2015-164427,239.7,2
AR-10405,CA-2014-157882,143.432,3
AR-10405,CA-2014-157882,122.352,4
AR-10405,CA-2017-140844,103.12,5
AR-10405,CA-2017-140844,97.82,6
AR-10405,CA-2017-149468,41.28,7
AR-10510,CA-2016-147536,89.97,1
AR-10510,CA-2015-112319,58.32,2
AR-10510,US-2014-105767,55.188,3
AR-10510,CA-2014-115056,26.136,4
AR-10510,US-2014-105767,21.168,5
AR-10510,CA-2017-111808,10.8,6
AR-10510,US-2014-105767,3.282,7
AR-10540,CA-2017-138289,5443.96,1
AR-10540,US-2015-136987,639.968,2
AR-10540,CA-2017-138289,302.67,3
AR-10540,CA-2017-138289,56.07,4
AR-10540,CA-2014-122588,52.96,5
AR-10540,US-2015-136987,52.76,6
AR-10540,CA-2016-138037,27.24,7
AR-10540,CA-2017-154935,17.88,8
AR-10540,CA-2015-123505,14.94,9
AR-10570,CA-2016-157588,51.75,1
AR-10570,CA-2016-157588,36.4,2
AR-10825,CA-2017-118724,1626.192,1
AR-10825,CA-2016-132304,1115.17,2
AR-10825,CA-2017-141425,384.592,3
AR-10825,US-2016-148110,347.802,4
AR-10825,CA-2016-160745,316,5
AR-10825,CA-2016-160745,302.376,6
AR-10825,US-2017-108343,183.92,7
AR-10825,US-2017-108343,163.764,8
AR-10825,CA-2014-109218,32.4,9
AR-10825,CA-2015-160213,19.44,10
AR-10825,CA-2016-160745,14.8,11
AR-10825,US-2017-108343,13.36,12
AR-10825,CA-2017-118724,3.52,13
AS-10045,CA-2017-162691,1439.982,1
AS-10045,CA-2017-113481,695.7,2
AS-10045,CA-2016-148747,477.666,3
AS-10045,CA-2017-101749,171.288,4
AS-10045,US-2017-147655,88.074,5
AS-10045,US-2014-150126,65.78,6
AS-10045,CA-2017-162691,36.288,7
AS-10045,CA-2016-162901,31.4,8
AS-10045,CA-2017-113481,28.854,9
AS-10090,CA-2015-127509,1024.38,1
AS-10090,CA-2014-156160,579.528,2
AS-10090,CA-2017-136448,538.194,3
AS-10090,CA-2016-119865,353.568,4
AS-10090,CA-2016-119865,186.144,5
AS-10090,CA-2014-156160,97.44,6
AS-10090,CA-2017-145877,94.2,7
AS-10090,CA-2017-136448,71.976,8
AS-10090,CA-2017-136448,47.984,9
AS-10090,CA-2016-119865,36.56,10
AS-10090,US-2017-108063,34.65,11
AS-10090,CA-2017-145877,28.4,12
AS-10090,CA-2015-127509,26.22,13
AS-10090,CA-2017-136448,22.512,14
AS-10090,CA-2016-104311,18.936,15
AS-10090,CA-2015-127509,17.34,16
AS-10090,CA-2015-127509,17.22,17
AS-10090,CA-2014-132913,13.97,18
AS-10090,CA-2014-156160,13.04,19
AS-10090,CA-2016-104311,12.672,20
AS-10090,CA-2016-150007,6,21
AS-10090,CA-2016-104311,5.04,22
AS-10090,CA-2014-156160,3.984,23
AS-10090,CA-2017-136448,3.444,24
AS-10090,CA-2016-150007,1.908,25
AS-10135,CA-2017-162929,41.28,1
AS-10135,CA-2017-162929,13.36,2
AS-10135,CA-2016-149461,4.18,3
AS-10225,CA-2014-110408,1394.95,1
AS-10225,CA-2017-112515,1292.94,2
AS-10225,CA-2014-110408,545.88,3
AS-10225,CA-2014-110408,275.97,4
AS-10225,CA-2017-112515,261.74,5
AS-10225,CA-2016-143154,165.6,6
AS-10225,CA-2017-112515,164.88,7
AS-10225,CA-2017-117926,69.48,8
AS-10225,CA-2015-144253,26.8,9
AS-10225,CA-2017-112515,25.584,10
AS-10225,CA-2017-112515,14.4,11
AS-10225,CA-2017-112515,10.776,12
AS-10240,CA-2014-149958,142.776,1
AS-10240,CA-2014-149958,131.904,2
AS-10240,CA-2016-118913,60.81,3
AS-10240,CA-2014-149958,45.696,4
AS-10240,CA-2014-149958,43.188,5
AS-10240,CA-2017-101049,41.256,6
AS-10240,CA-2016-114405,36.744,7
AS-10240,CA-2016-114405,33.528,8
AS-10240,CA-2017-101049,17.92,9
AS-10240,CA-2014-128538,7.64,10
AS-10240,CA-2014-149958,7.218,11
AS-10240,CA-2015-150749,5.56,12
AS-10285,US-2016-164196,2678.94,1
AS-10285,CA-2016-163755,209.88,2
AS-10285,CA-2017-149706,116.312,3
AS-10285,CA-2016-114209,82.656,4
AS-10285,CA-2016-134775,50.96,5
AS-10285,CA-2016-134775,49.536,6
AS-10285,US-2016-106677,23.988,7
AS-10630,CA-2017-100314,336.51,1
AS-10630,CA-2014-101392,269.36,2
AS-10630,US-2015-146745,129.568,3
AS-10630,CA-2017-100314,27.968,4
AS-10630,CA-2017-124597,15.528,5
AS-10630,US-2016-155404,13.28,6
AS-10630,CA-2017-124597,11.952,7
AS-10630,CA-2017-100314,7.968,8
AS-10630,US-2015-146745,6.368,9
AS-10630,CA-2014-162684,5.68,10
AS-10630,CA-2017-124597,4.608,11
AS-10630,US-2017-129224,4.608,12
AT-10435,CA-2017-102407,896.328,1
AT-10435,CA-2017-102407,189,2
AT-10435,CA-2016-100468,33.52,3
AT-10435,CA-2014-120243,11.56,4
AT-10435,CA-2017-102407,11.16,5
AT-10435,CA-2017-106355,11.12,6
AT-10435,CA-2016-100468,9.94,7
AT-10435,CA-2014-111360,5.742,8
AT-10435,CA-2015-133977,3.444,9
AT-10735,CA-2015-123113,2625.12,1
AT-10735,CA-2016-108210,223.96,2
AT-10735,CA-2017-103443,166.72,3
AT-10735,CA-2014-146731,143.856,4
AT-10735,CA-2017-103443,124.36,5
AT-10735,CA-2017-153787,97.16,6
AT-10735,CA-2017-135034,95.984,7
AT-10735,CA-2014-146500,95.94,8
AT-10735,CA-2016-108210,79.96,9
AT-10735,CA-2016-112893,55.36,10
AT-10735,CA-2016-116603,45.96,11
AT-10735,CA-2014-146500,25.3,12
AT-10735,CA-2017-103443,24.816,13
AT-10735,CA-2015-123113,17.94,14
AT-10735,CA-2017-106824,5.94,15
AT-10735,CA-2014-146731,3.488,16
AW-10840,CA-2017-143798,310.88,1
AW-10840,CA-2017-123001,201.584,2
AW-10840,CA-2017-123001,74,3
AW-10840,CA-2015-129112,21.48,4
AW-10840,CA-2015-149678,12.88,5
AW-10840,CA-2017-143798,10.368,6
AW-10840,CA-2017-123001,9.4,7
AW-10840,CA-2015-129112,8.784,8
AW-10930,CA-2016-136812,1117.92,1
AW-10930,CA-2017-107321,689.408,2
AW-10930,CA-2016-120824,379.372,3
AW-10930,CA-2015-144519,339.96,4
AW-10930,CA-2016-120824,67.536,5
AW-10930,CA-2016-120824,64.384,6
AW-10930,CA-2015-144519,63.98,7
AW-10930,US-2014-103905,38.272,8
AW-10930,US-2014-103905,29.932,9
AW-10930,CA-2016-120824,15.552,10
AW-10930,US-2017-118157,15.28,11
AW-10930,CA-2016-120824,11.264,12
AW-10930,CA-2016-120824,6.984,13
AW-10930,CA-2017-107321,6.672,14
AW-10930,CA-2016-163216,4.928,15
AY-10555,CA-2017-137428,97.184,1
AY-10555,CA-2014-102652,91.96,2
AY-10555,CA-2017-137428,81.568,3
AY-10555,CA-2016-139934,66.976,4
AY-10555,CA-2014-102652,55.48,5
AY-10555,CA-2014-102652,33.11,6
AY-10555,CA-2017-137428,24.32,7
AY-10555,CA-2014-102652,19.44,8
AY-10555,CA-2017-137428,18.96,9
AY-10555,CA-2014-101427,8.016,10
AZ-10750,CA-2016-100993,557.728,1
AZ-10750,CA-2014-148586,366.786,2
AZ-10750,CA-2016-100993,186.54,3
AZ-10750,CA-2016-100993,159.968,4
AZ-10750,CA-2017-110940,121.536,5
AZ-10750,CA-2015-151253,88.776,6
AZ-10750,CA-2015-151253,64.14,7
AZ-10750,CA-2015-130876,36.63,8
AZ-10750,CA-2014-158442,15.552,9
AZ-10750,CA-2016-100993,14.73,10
AZ-10750,CA-2014-158442,5.184,11
AZ-10750,CA-2014-158442,4.448,12
BB-10990,CA-2015-141810,344.704,1
BB-10990,CA-2014-169642,276.28,2
BB-10990,CA-2016-103947,31.56,3
BB-10990,CA-2016-103947,30.144,4
BB-10990,CA-2015-141810,29.372,5
BB-10990,US-2017-112928,17.48,6
BB-10990,CA-2017-118136,5.98,7
BB-11545,US-2017-118941,1779.9,1
BB-11545,CA-2016-169838,1568.61,2
BB-11545,CA-2017-102379,1159.056,3
BB-11545,CA-2017-158561,1158.12,4
BB-11545,US-2017-118941,219.9,5
BB-11545,CA-2016-155166,212.94,6
BB-11545,CA-2017-102379,179.9,7
BB-11545,CA-2016-169838,160,8
BB-11545,CA-2016-124506,95.968,9
BB-11545,CA-2016-124506,47.992,10
BB-11545,CA-2017-102379,39.992,11
BB-11545,CA-2017-130043,31.872,12
BB-11545,CA-2016-155166,26.49,13
BB-11545,CA-2015-107083,24.588,14
BB-11545,US-2017-118941,17.52,15
BB-11545,CA-2016-169838,17.3,16
BB-11545,CA-2015-115168,10.56,17
BB-11545,CA-2015-107083,7.98,18
BB-11545,CA-2015-107083,5.344,19
BB-11545,CA-2015-107083,1.696,20
BC-11125,CA-2017-113530,681.408,1
BC-11125,CA-2014-147543,478.48,2
BC-11125,CA-2014-113859,340.116,3
BC-11125,CA-2015-158351,319.984,4
BC-11125,US-2017-120418,280.792,5
BC-11125,US-2017-120418,215.592,6
BC-11125,CA-2016-143910,145.764,7
BC-11125,CA-2016-123050,89.97,8
BC-11125,US-2017-120418,88.04,9
BC-11125,CA-2016-123050,82.64,10
BC-11125,US-2017-120418,68.448,11
BC-11125,CA-2016-149335,37.17,12
BC-11125,CA-2017-113530,36.32,13
BC-11125,CA-2016-123050,31.02,14
BC-11125,US-2017-120418,15.872,15
BC-11125,US-2016-134369,12.96,16
BC-11125,CA-2017-113530,5.58,17
BC-11125,CA-2017-113530,3.52,18
BD-11320,CA-2015-120677,2567.84,1
BD-11320,CA-2016-136406,1121.568,2
BD-11320,CA-2016-119165,492.835,3
BD-11320,CA-2016-167241,312.03,4
BD-11320,CA-2017-117485,291.96,5
BD-11320,CA-2016-110086,239.984,6
BD-11320,CA-2016-167241,165.6,7
BD-11320,CA-2017-107125,117.488,8
BD-11320,CA-2017-158071,88.776,9
BD-11320,CA-2015-121699,64.75,10
BD-11320,CA-2017-122735,39.96,11
BD-11320,CA-2016-130680,38.24,12
BD-11320,CA-2016-167241,37.52,13
BD-11320,CA-2017-122735,29.7,14
BD-11320,CA-2017-107125,18.84,15
BD-11320,CA-2016-167241,17.94,16
BD-11320,CA-2017-158071,15.58,17
BD-11320,CA-2017-158071,11.56,18
BD-11500,US-2017-105935,2939.93,1
BD-11500,CA-2014-140795,468.9,2
BD-11500,US-2017-133312,359.499,3
BD-11500,US-2014-151015,322.192,4
BD-11500,CA-2015-117828,194.32,5
BD-11500,US-2017-105935,62.72,6
BD-11500,CA-2015-167696,31.12,7
BD-11500,US-2014-151015,19.136,8
BD-11500,US-2017-133312,10.48,9
BD-11560,CA-2015-163923,151.96,1
BD-11560,CA-2017-124716,110.96,2
BD-11560,CA-2017-124716,45.68,3
BD-11560,CA-2017-124716,11.94,4
BD-11605,CA-2014-157147,1325.85,1
BD-11605,CA-2016-112102,343.92,2
BD-11605,CA-2014-157147,333.999,3
BD-11605,CA-2017-144694,235.944,4
BD-11605,US-2014-164406,195.136,5
BD-11605,CA-2016-105746,170.786,6
BD-11605,US-2014-164406,152.91,7
BD-11605,US-2014-164406,92.94,8
BD-11605,CA-2016-112102,63.9,9
BD-11605,US-2015-123960,56.3,10
BD-11605,US-2015-123960,53.7,11
BD-11605,US-2014-164406,46.44,12
BD-11605,CA-2016-112102,40.99,13
BD-11605,US-2015-123960,36.26,14
BD-11605,US-2015-123960,32.4,15
BD-11605,US-2015-123960,29.16,16
BD-11605,CA-2015-158792,22.2,17
BD-11605,CA-2014-157147,19.9,18
BD-11605,CA-2017-144694,17.88,19
BD-11605,US-2014-164406,17.856,20
BD-11620,CA-2017-130211,333.09,1
BD-11620,CA-2014-152254,310.688,2
BD-11620,CA-2017-100202,302.376,3
BD-11620,CA-2017-130211,248.98,4
BD-11620,CA-2016-157686,194.848,5
BD-11620,CA-2016-111976,108.576,6
BD-11620,CA-2016-111941,33.568,7
BD-11620,CA-2016-111976,5.984,8
BD-11635,CA-2015-110814,232.4,1
BD-11635,CA-2015-110814,164.646,2
BD-11635,CA-2014-152422,91.92,3
BD-11635,CA-2017-109589,71,4
BD-11635,CA-2015-110814,22.68,5
BD-11725,CA-2017-146192,675.06,1
BD-11725,CA-2015-128139,294.93,2
BD-11725,CA-2017-125472,241.96,3
BD-11725,CA-2017-168396,123.96,4
BD-11725,CA-2015-128139,70.98,5
BD-11725,CA-2017-168396,51.75,6
BD-11725,CA-2016-165015,46.72,7
BD-11725,CA-2017-101574,9.24,8
BD-11725,CA-2017-125472,8.01,9
BD-11725,CA-2017-125472,3.89,10
BD-11770,CA-2017-115105,240.784,1
BD-11770,CA-2016-148698,86.352,2
BD-11770,CA-2016-124667,83.36,3
BD-11770,CA-2016-165918,81.98,4
BD-11770,CA-2016-124667,59.97,5
BD-11770,US-2016-122182,39.992,6
BD-11770,CA-2016-165918,39.624,7
BD-11770,CA-2016-165918,14.256,8
BD-11770,CA-2016-165918,7.38,9
BD-11770,CA-2017-145338,4.768,10
BE-11335,CA-2017-137596,1928.78,1
BE-11335,CA-2017-137596,1199.8,2
BE-11335,CA-2017-137596,352.38,3
BE-11335,US-2017-105046,269.98,4
BE-11335,CA-2017-155985,211.84,5
BE-11335,US-2017-105046,99.9,6
BE-11335,CA-2016-166912,81.98,7
BE-11335,US-2017-105046,39.08,8
BE-11335,CA-2016-128307,20.936,9
BE-11410,CA-2016-125220,1649.75,1
BE-11410,CA-2017-141782,268.576,2
BE-11410,CA-2017-121314,251.64,3
BE-11410,CA-2016-108630,61.12,4
BE-11410,CA-2016-161662,30.352,5
BE-11455,US-2017-166324,848.544,1
BE-11455,CA-2015-122406,199.98,2
BE-11455,CA-2015-122406,128.85,3
BE-11455,US-2017-166324,122.382,4
BE-11455,CA-2015-122406,110.98,5
BE-11455,CA-2016-140774,107.94,6
BE-11455,CA-2016-118052,54.712,7
BE-11455,US-2016-146857,54.48,8
BE-11455,CA-2016-118052,49.568,9
BE-11455,CA-2015-115924,25.9,10
BE-11455,US-2017-166324,8.7,11
BE-11455,CA-2015-122406,8.4,12
BE-11455,CA-2016-118052,7.216,13
BF-10975,CA-2016-100041,314.55,1
BF-10975,CA-2014-117345,78.304,2
BF-10975,CA-2014-117345,62.92,3
BF-10975,CA-2014-117345,44.128,4
BF-10975,US-2017-120908,20.664,5
BF-10975,CA-2014-109904,17.94,6
BF-10975,CA-2014-117345,17.544,7
BF-10975,CA-2015-116260,11.12,8
BF-10975,CA-2015-116750,7.23,9
BF-10975,CA-2015-137281,6.48,10
BF-10975,CA-2015-116750,4.928,11
BF-11005,CA-2017-103380,659.976,1
BF-11005,US-2016-105452,302.72,2
BF-11005,CA-2016-137729,246.168,3
BF-11005,CA-2017-103380,56.56,4
BF-11005,US-2016-105452,24.7,5
BF-11005,CA-2014-141355,14.576,6
BF-11005,CA-2017-103380,9.02,7
BF-11005,CA-2017-103380,8.62,8
BF-11005,CA-2016-137729,5.98,9
BF-11005,CA-2017-103380,5.56,10
BF-11020,CA-2015-145758,1035.8,1
BF-11020,CA-2016-156265,333.576,2
BF-11020,US-2017-124779,319.984,3
BF-11020,CA-2016-159940,253.372,4
BF-11020,CA-2017-134495,218.352,5
BF-11020,US-2017-124779,213.43,6
BF-11020,CA-2016-156265,136.464,7
BF-11020,CA-2016-159940,60.288,8
BF-11020,CA-2017-114804,52.792,9
BF-11020,US-2017-124779,45.92,10
BF-11020,US-2017-124779,42.616,11
BF-11020,CA-2017-134495,23.976,12
BF-11020,CA-2016-159940,23.688,13
BF-11020,CA-2014-165568,21.36,14
BF-11020,US-2017-124779,21.184,15
BF-11020,CA-2017-134495,20.808,16
BF-11020,US-2017-124779,20.736,17
BF-11020,CA-2016-156265,12.544,18
BF-11020,CA-2017-134495,6.264,19
BF-11020,CA-2016-159940,2.632,20
BF-11080,CA-2017-140676,94.85,1
BF-11080,CA-2017-140676,90.86,2
BF-11080,CA-2017-140676,39.9,3
BF-11080,CA-2017-117128,21.6,4
BF-11080,CA-2014-163013,14.67,5
BF-11080,CA-2017-117128,11.07,6
BF-11170,CA-2016-159891,1270.99,1
BF-11170,CA-2017-151799,1199.98,2
BF-11170,US-2014-138247,818.376,3
BF-11170,CA-2017-151799,526.582,4
BF-11170,US-2014-138247,361.96,5
BF-11170,CA-2014-110184,255.936,6
BF-11170,CA-2014-110184,249.75,7
BF-11170,CA-2015-145835,222.384,8
BF-11170,US-2014-138247,173.656,9
BF-11170,US-2015-113327,167.944,10
BF-11170,US-2015-113327,153.728,11
BF-11170,CA-2016-159891,125.36,12
BF-11170,CA-2017-151799,73.85,13
BF-11170,US-2014-138247,62.85,14
BF-11170,CA-2016-149111,36.792,15
BF-11170,CA-2017-151799,25.71,16
BF-11170,US-2014-138247,23.99,17
BF-11170,US-2016-120460,22.608,18
BF-11170,US-2014-138247,20.34,19
BF-11170,CA-2016-149111,18.624,20
BF-11170,US-2015-113327,18.272,21
BF-11170,CA-2017-151799,17.28,22
BF-11170,CA-2015-145835,16,23
BF-11170,US-2017-119039,14.976,24
BF-11170,US-2015-113327,12.224,25
BF-11170,CA-2016-162348,9.98,26
BF-11170,CA-2014-167724,7.83,27
BF-11215,CA-2016-154662,692.94,1
BF-11215,CA-2017-106859,288.24,2
BF-11215,CA-2017-106859,214.95,3
BF-11215,CA-2017-106859,140.736,4
BF-11215,CA-2017-106859,90.8,5
BF-11215,CA-2014-103219,56.52,6
BF-11215,CA-2017-102729,55.616,7
BF-11215,CA-2017-106859,45.36,8
BF-11275,CA-2017-161130,361.376,1
BF-11275,CA-2014-148040,314.352,2
BF-11275,CA-2014-148040,74.352,3
BF-11275,CA-2017-169012,41.91,4
BG-11035,CA-2015-141565,1369.764,1
BG-11035,CA-2017-117198,659.9,2
BG-11035,CA-2015-141565,294.368,3
BG-11035,CA-2015-120901,152.688,4
BG-11035,US-2014-114377,149.9,5
BG-11035,CA-2016-134110,67.176,6
BG-11035,CA-2014-155390,42.208,7
BG-11035,CA-2017-165715,32.776,8
BG-11035,CA-2016-134110,15.232,9
BG-11035,CA-2015-120901,5.888,10
BG-11035,CA-2017-169005,5.56,11
BG-11035,CA-2015-120901,3.488,12
BG-11695,US-2016-162852,845.488,1
BG-11695,CA-2016-153682,839.988,2
BG-11695,CA-2015-108588,59.52,3
BG-11695,CA-2014-127523,35.91,4
BG-11695,CA-2017-105543,33.29,5
BG-11695,CA-2017-121412,29.328,6
BG-11695,CA-2015-108588,17.48,7
BG-11695,CA-2015-108588,13.168,8
BG-11740,CA-2017-135419,486.368,1
BG-11740,CA-2016-165995,339.96,2
BG-11740,CA-2017-119389,60.312,3
BG-11740,CA-2015-154200,51.98,4
BG-11740,CA-2016-165995,47.04,5
BG-11740,CA-2016-145240,10.784,6
BG-11740,CA-2014-164749,9.912,7
BH-11710,CA-2014-115812,1706.184,1
BH-11710,CA-2014-115812,911.424,2
BH-11710,CA-2014-115812,907.152,3
BH-11710,US-2014-140914,797.944,4
BH-11710,CA-2016-112123,479.95,5
BH-11710,CA-2016-112123,447.86,6
BH-11710,CA-2017-135587,320.64,7
BH-11710,CA-2016-112123,166.44,8
BH-11710,CA-2014-115812,114.9,9
BH-11710,CA-2017-127306,111.984,10
BH-11710,CA-2017-135587,52,11
BH-11710,CA-2014-115812,48.86,12
BH-11710,CA-2017-127306,36.288,13
BH-11710,CA-2017-112865,36.048,14
BH-11710,CA-2015-149300,32.985,15
BH-11710,CA-2014-115812,18.504,16
BH-11710,CA-2017-127306,18.336,17
BH-11710,US-2014-140914,10.984,18
BH-11710,US-2015-130491,9.54,19
BH-11710,CA-2014-115812,7.28,20
BH-11710,CA-2017-127306,5.97,21
BH-11710,US-2015-130491,5.81,22
BH-11710,US-2015-130491,5.76,23
BH-11710,CA-2017-127306,2.508,24
BK-11260,US-2014-140452,214.95,1
BK-11260,CA-2014-125612,102.3,2
BK-11260,CA-2017-151183,46.36,3
BK-11260,CA-2015-113110,40.14,4
BK-11260,CA-2014-125612,39.96,5
BK-11260,US-2014-140452,35.168,6
BK-11260,US-2014-140452,35.04,7
BK-11260,CA-2015-113110,33.36,8
BK-11260,CA-2017-117009,21.96,9
BK-11260,CA-2014-125612,21.36,10
BK-11260,CA-2015-113110,17.568,11
BK-11260,CA-2015-113110,14.62,12
BK-11260,US-2014-140452,14.016,13
BK-11260,US-2014-140452,10.776,14
BK-11260,CA-2016-130799,6.96,15
BK-11260,US-2014-140452,4.6,16
BM-11140,CA-2014-139892,8159.952,1
BM-11140,CA-2014-139892,1740.06,2
BM-11140,CA-2017-121706,356.79,3
BM-11140,CA-2014-139892,275.928,4
BM-11140,CA-2016-106278,215.976,5
BM-11140,CA-2016-126004,193.86,6
BM-11140,CA-2016-126004,182.94,7
BM-11140,CA-2014-139892,177.98,8
BM-11140,CA-2014-139892,143.976,9
BM-11140,CA-2016-126004,78.15,10
BM-11140,CA-2016-126004,40.56,11
BM-11140,CA-2014-139892,32.064,12
BM-11140,CA-2014-139892,9.936,13
BM-11140,CA-2016-126004,1.728,14
BM-11575,CA-2016-160304,231.98,1
BM-11575,US-2017-129203,195.136,2
BM-11575,CA-2016-160304,173.94,3
BM-11575,CA-2015-105102,79.872,4
BM-11575,CA-2015-105102,46.384,5
BM-11575,CA-2016-142615,27.88,6
BM-11575,CA-2017-155642,22.608,7
BM-11575,CA-2017-165155,15.51,8
BM-11575,CA-2015-105102,12.96,9
BM-11575,CA-2017-155642,1.892,10
BM-11650,CA-2017-152912,1633.14,1
BM-11650,CA-2017-149048,914.97,2
BM-11650,CA-2017-152912,826.62,3
BM-11650,CA-2015-124107,619.95,4
BM-11650,CA-2017-149048,587.97,5
BM-11650,CA-2017-152912,544.38,6
BM-11650,CA-2017-149048,530.34,7
BM-11650,US-2014-134733,435.999,8
BM-11650,CA-2017-167101,221.92,9
BM-11650,CA-2015-100454,186.048,10
BM-11650,CA-2017-149048,180.96,11
BM-11650,CA-2017-102519,143.73,12
BM-11650,US-2014-134733,83.984,13
BM-11650,CA-2015-100454,60.45,14
BM-11650,CA-2015-124107,57.96,15
BM-11650,CA-2017-102519,46.94,16
BM-11650,CA-2014-125514,36.27,17
BM-11650,CA-2015-124107,29.403,18
BM-11650,CA-2015-124107,29.16,19
BM-11650,CA-2017-167101,26,20
BM-11650,CA-2014-125514,25.96,21
BM-11650,CA-2017-149048,14.94,22
BM-11650,CA-2014-165379,14.352,23
BM-11650,CA-2015-100454,11.52,24
BM-11650,CA-2017-152912,9.64,25
BM-11650,CA-2014-125514,6.48,26
BM-11650,CA-2016-163202,2.907,27
BM-11650,CA-2017-121678,1.824,28
BM-11785,CA-2014-106971,475.944,1
BM-11785,CA-2016-101966,419.944,2
BM-11785,CA-2014-116568,186.304,3
BM-11785,US-2015-157014,47.984,4
BM-11785,US-2015-157014,35.49,5
BM-11785,US-2015-157014,32.07,6
BM-11785,CA-2015-165813,29.304,7
BM-11785,CA-2016-105473,28.8,8
BM-11785,US-2015-157014,24,9
BM-11785,CA-2017-152968,23.08,10
BM-11785,CA-2016-117660,13.712,11
BM-11785,CA-2014-133270,13.36,12
BM-11785,CA-2016-117660,5.904,13
BN-11470,CA-2014-138527,166.84,1
BN-11470,CA-2017-114370,49.616,2
BN-11470,CA-2014-138527,15.216,3
BN-11470,CA-2015-106215,12.576,4
BN-11470,US-2017-149006,10.68,5
BN-11470,CA-2014-138527,10.368,6
BN-11515,CA-2016-169943,454.9,1
BN-11515,CA-2016-169943,242.9,2
BN-11515,CA-2014-103940,137.24,3
BN-11515,CA-2017-131625,114.9,4
BN-11515,CA-2014-118339,93.78,5
BN-11515,CA-2014-103940,57.93,6
BN-11515,CA-2014-118339,53.4,7
BN-11515,CA-2016-169943,47.744,8
BN-11515,CA-2014-118339,47.18,9
BN-11515,CA-2016-169943,39.76,10
BN-11515,CA-2016-169943,35.92,11
BN-11515,CA-2014-118339,35.88,12
BN-11515,CA-2014-103940,35.34,13
BN-11515,CA-2014-103940,30.28,14
BN-11515,CA-2014-118339,19.68,15
BN-11515,CA-2017-163405,6.63,16
BN-11515,CA-2017-163405,5.88,17
BO-11350,CA-2016-105207,1592.85,1
BO-11350,CA-2017-132199,373.47,2
BO-11350,CA-2017-128076,239.984,3
BO-11350,CA-2017-128076,210.58,4
BO-11350,CA-2017-144883,50.4,5
BO-11350,CA-2016-137204,41.568,6
BO-11350,CA-2017-128076,30.96,7
BO-11350,CA-2017-132199,26.388,8
BO-11350,CA-2016-105207,11.88,9
BO-11350,CA-2017-132199,8,10
BO-11425,CA-2017-158386,124.75,1
BO-11425,CA-2015-136658,6.08,2
BP-11050,CA-2016-160535,563.4,1
BP-11050,CA-2016-160535,319.92,2
BP-11050,CA-2017-151596,42.76,3
BP-11050,CA-2017-143084,19.4,4
BP-11050,CA-2017-143084,13.9,5
BP-11050,CA-2016-108364,1.8,6
BP-11095,CA-2014-162992,583.8,1
BP-11095,CA-2017-160325,437.85,2
BP-11095,CA-2017-160325,391.98,3
BP-11095,CA-2017-135377,287.976,4
BP-11095,CA-2014-162992,211.168,5
BP-11095,CA-2015-148180,99.2,6
BP-11095,CA-2017-137365,95.976,7
BP-11095,CA-2014-137911,88.768,8
BP-11095,CA-2016-156811,43.92,9
BP-11095,CA-2014-146990,30.18,10
BP-11095,CA-2016-156811,25.032,11
BP-11095,CA-2015-148180,23.136,12
BP-11095,CA-2014-162992,22.55,13
BP-11095,CA-2017-161851,15.57,14
BP-11095,CA-2014-162992,14.62,15
BP-11095,US-2014-134971,12.462,16
BP-11095,CA-2017-105445,9.432,17
BP-11095,CA-2014-146990,5.92,18
BP-11155,CA-2015-158491,989.97,1
BP-11155,CA-2016-154767,275.24,2
BP-11155,CA-2016-154767,121.96,3
BP-11155,CA-2015-158491,119.98,4
BP-11155,CA-2016-154767,61.96,5
BP-11155,CA-2017-147564,49.12,6
BP-11155,CA-2017-156139,38.376,7
BP-11155,CA-2017-128629,18.84,8
BP-11155,CA-2016-154767,8.74,9
BP-11155,CA-2016-154767,7.96,10
BP-11185,CA-2017-130036,1119.888,1
BP-11185,CA-2015-166219,1099.96,2
BP-11185,CA-2016-142902,466.768,3
BP-11185,US-2017-140907,324.9,4
BP-11185,CA-2016-115574,141.372,5
BP-11185,CA-2016-158211,104.58,6
BP-11185,CA-2015-166219,103.481,7
BP-11185,CA-2017-146626,101.12,8
BP-11185,US-2017-140907,49.08,9
BP-11185,CA-2017-167150,19.936,10
BP-11185,US-2017-140907,18.24,11
BP-11185,CA-2016-142902,15.232,12
BP-11185,CA-2016-142902,15.136,13
BP-11185,CA-2017-130036,12.672,14
BP-11185,US-2015-112508,6.992,15
BP-11185,CA-2016-142902,6.264,16
BP-11185,CA-2016-158211,4.672,17
BP-11230,CA-2015-135174,1022.97,1
BP-11230,CA-2017-142888,70.98,2
BP-11230,CA-2014-101462,59.92,3
BP-11230,US-2016-116442,14.76,4
BP-11230,CA-2016-141551,6.48,5
BP-11230,CA-2016-141551,6.38,6
BP-11290,CA-2016-142398,638.288,1
BP-11290,CA-2017-137505,364.08,2
BP-11290,CA-2016-142895,363.92,3
BP-11290,CA-2017-154760,274.491,4
BP-11290,CA-2014-153976,258.279,5
BP-11290,CA-2016-150483,191.079,6
BP-11290,CA-2017-156664,130.112,7
BP-11290,CA-2017-137505,71.088,8
BP-11290,CA-2016-150483,32.064,9
BP-11290,CA-2016-150483,18.496,10
BP-11290,CA-2016-142398,13.208,11
BP-11290,CA-2016-150483,10.368,12
BP-11290,CA-2017-156664,7.236,13
BP-11290,CA-2016-142895,6.264,14
BP-11290,CA-2017-156664,4.824,15
BS-11365,US-2016-107440,9099.93,1
BS-11365,CA-2014-168130,887.103,2
BS-11365,US-2014-143581,344.91,3
BS-11365,CA-2016-149965,57.69,4
BS-11365,US-2014-148194,57.68,5
BS-11365,US-2016-107440,25.3,6
BS-11365,US-2014-148194,12.18,7
BS-11365,US-2016-107440,9.96,8
BS-11365,CA-2016-149965,6.9,9
BS-11380,US-2017-112347,906.68,1
BS-11380,CA-2017-160633,899.982,2
BS-11380,CA-2015-142475,590.352,3
BS-11380,CA-2017-116288,242.94,4
BS-11380,US-2017-112347,242.352,5
BS-11380,CA-2017-160633,139.96,6
BS-11380,US-2017-112347,114.288,7
BS-11380,CA-2017-160633,86.352,8
BS-11380,US-2017-112347,57.36,9
BS-11380,US-2017-112347,49.616,10
BS-11380,US-2017-112347,36.624,11
BS-11380,US-2014-134712,12.624,12
BS-11590,CA-2014-106376,1113.024,1
BS-11590,US-2017-109610,701.96,2
BS-11590,US-2015-109015,337.98,3
BS-11590,CA-2014-106376,167.968,4
BS-11590,CA-2014-149524,61.96,5
BS-11590,CA-2016-105900,33.4,6
BS-11590,CA-2014-107398,20.856,7
BS-11590,US-2015-109015,8.39,8
BS-11590,CA-2014-107398,6.528,9
BS-11590,CA-2014-107398,2.862,10
BS-11665,CA-2016-101791,1297.368,1
BS-11665,CA-2015-126725,777.21,2
BS-11665,CA-2015-126725,415.968,3
BS-11665,CA-2015-126725,304.9,4
BS-11665,CA-2015-126725,225.568,5
BS-11665,CA-2014-126032,86.376,6
BS-11665,CA-2015-126725,80.96,7
BS-11665,CA-2015-126725,36.6,8
BS-11665,CA-2015-126725,32.4,9
BS-11665,CA-2016-101791,25.176,10
BS-11665,CA-2016-101791,5.584,11
BS-11755,CA-2014-103373,779.796,1
BS-11755,CA-2016-156748,496.86,2
BS-11755,CA-2016-156748,389.97,3
BS-11755,CA-2014-133690,218.75,4
BS-11755,CA-2017-135069,195.104,5
BS-11755,CA-2017-123778,160.96,6
BS-11755,CA-2015-126137,120.666,7
BS-11755,CA-2017-130631,68.46,8
BS-11755,CA-2017-123778,25.824,9
BS-11755,CA-2017-130631,19.6,10
BS-11755,CA-2016-156748,13.76,11
BS-11755,CA-2014-133690,2.6,12
BS-11800,CA-2017-135279,501.81,1
BS-11800,CA-2017-135279,191.6,2
BS-11800,CA-2015-122371,124.46,3
BS-11800,CA-2015-122371,64.17,4
BS-11800,CA-2017-135279,35.97,5
BS-11800,CA-2017-135279,12.96,6
BS-11800,CA-2017-135279,9.82,7
BS-11800,CA-2017-135279,8.64,8
BT-11305,CA-2014-166954,1487.04,1
BT-11305,CA-2014-166954,303.25,2
BT-11305,CA-2014-166954,270.72,3
BT-11305,CA-2017-115994,239.97,4
BT-11305,CA-2015-138002,191.82,5
BT-11305,CA-2017-115994,37.74,6
BT-11305,CA-2015-153612,17.12,7
BT-11305,CA-2015-103723,13.9,8
BT-11305,CA-2015-138002,6.096,9
BT-11395,CA-2015-110016,1106.91,1
BT-11395,CA-2017-117513,399.672,2
BT-11395,US-2015-120502,258.576,3
BT-11395,CA-2014-107769,257.98,4
BT-11395,US-2015-120502,75.84,5
BT-11395,US-2015-120502,37.68,6
BT-11395,CA-2015-110016,19.92,7
BT-11395,CA-2015-111325,16.032,8
BT-11395,CA-2016-126935,9.584,9
BT-11440,CA-2014-151946,353.568,1
BT-11440,US-2016-163461,76.864,2
BT-11440,CA-2016-106383,72.294,3
BT-11440,CA-2014-151946,56.96,4
BT-11440,CA-2014-151946,15.56,5
BT-11440,CA-2014-139283,14.67,6
BT-11440,CA-2014-151946,13.96,7
BT-11485,CA-2015-165085,355.96,1
BT-11485,CA-2016-122511,30.336,2
BT-11485,CA-2015-165085,28.9,3
BT-11530,CA-2017-117212,892.224,1
BT-11530,CA-2017-117212,889.536,2
BT-11530,CA-2017-117212,223.92,3
BT-11530,CA-2014-146864,216.4,4
BT-11530,CA-2017-123029,159.98,5
BT-11530,CA-2016-148208,110.376,6
BT-11530,CA-2017-117212,81.92,7
BT-11530,CA-2016-148208,55.176,8
BT-11530,CA-2014-104780,31.84,9
BT-11530,CA-2017-117212,23.12,10
BT-11680,CA-2014-121629,998.85,1
BT-11680,CA-2016-123358,579.51,2
BT-11680,CA-2015-132626,464.97,3
BT-11680,CA-2015-132626,181.96,4
BT-11680,CA-2015-132626,153.36,5
BT-11680,CA-2016-123358,150.66,6
BT-11680,CA-2016-123358,113.76,7
BT-11680,CA-2015-132626,98.21,8
BT-11680,CA-2015-132626,84.09,9
BT-11680,CA-2015-132626,79.36,10
BT-11680,US-2017-161193,77.6,11
BT-11680,CA-2016-146423,51.84,12
BT-11680,CA-2016-123358,48.032,13
BT-11680,CA-2015-132626,43.68,14
BT-11680,CA-2017-158967,19.104,15
BT-11680,CA-2015-132626,15.8,16
BT-11680,CA-2016-146423,15.48,17
BT-11680,CA-2015-132626,12.39,18
BT-11680,US-2017-161193,4.656,19
BT-11680,CA-2015-125710,3.44,20
BV-11245,CA-2015-156734,643.136,1
BV-11245,US-2016-168410,296.37,2
BV-11245,CA-2017-104220,207,3
BV-11245,CA-2015-103793,74.352,4
BV-11245,US-2016-168410,68.95,5
BV-11245,CA-2017-104220,40.3,6
BV-11245,US-2016-168410,39.98,7
BV-11245,CA-2017-104220,34.58,8
BV-11245,CA-2016-123526,33.4,9
BV-11245,CA-2017-104220,32.35,10
BV-11245,CA-2015-156734,20.736,11
BV-11245,CA-2017-104220,18.28,12
BV-11245,CA-2017-104220,7.71,13
BV-11245,CA-2015-156734,6.129,14
BW-11065,CA-2015-119634,46.152,1
BW-11065,CA-2014-100391,14.62,2
BW-11110,CA-2017-159366,3059.982,1
BW-11110,CA-2017-154074,569.568,2
BW-11110,CA-2015-137302,311.976,3
BW-11110,CA-2017-154074,149.73,4
BW-11110,CA-2016-101161,99.87,5
BW-11110,CA-2016-101161,82.26,6
BW-11110,CA-2015-137302,63.936,7
BW-11110,CA-2016-127194,62.82,8
BW-11110,CA-2015-137302,59.52,9
BW-11110,CA-2015-106565,51.84,10
BW-11110,US-2016-126844,51.712,11
BW-11110,CA-2015-137302,50.352,12
BW-11110,CA-2016-101161,37.94,13
BW-11110,CA-2016-101161,34.7,14
BW-11110,CA-2017-151855,27.192,15
BW-11110,CA-2016-101161,24.9,16
BW-11110,CA-2017-151855,12.06,17
BW-11200,CA-2014-109897,806.336,1
BW-11200,CA-2016-116596,427.644,2
BW-11200,CA-2016-120873,290.98,3
BW-11200,CA-2014-109897,85.44,4
BW-11200,CA-2016-116596,40.67,5
BW-11200,CA-2016-116596,33.48,6
BW-11200,CA-2017-143343,16.4,7
BW-11200,US-2014-167633,15.552,8
BW-11200,CA-2016-116596,9.728,9
CA-11965,CA-2016-157791,1999.96,1
CA-11965,CA-2015-161452,892.224,2
CA-11965,CA-2015-105690,439.992,3
CA-11965,CA-2015-105690,246.1328,4
CA-11965,CA-2014-167997,141.96,5
CA-11965,CA-2017-122112,24.448,6
CA-11965,CA-2017-134649,15.47,7
CA-11965,CA-2015-105690,11.696,8
CA-11965,CA-2014-167997,10.68,9
CA-11965,CA-2017-134649,7.16,10
CA-12055,CA-2016-107328,513.024,1
CA-12055,CA-2016-107328,487.92,2
CA-12055,CA-2016-168081,258.696,3
CA-12055,CA-2016-125661,139.96,4
CA-12055,US-2016-164945,134.272,5
CA-12055,CA-2015-162621,69.12,6
CA-12055,CA-2016-125661,40.752,7
CA-12055,CA-2015-162621,16.27,8
CA-12055,CA-2016-107328,15.24,9
CA-12055,CA-2015-162621,4.47,10
CA-12265,CA-2015-120362,912.75,1
CA-12265,CA-2017-140053,545.85,2
CA-12265,CA-2017-122196,391.98,3
CA-12265,CA-2017-106432,328.3992,4
CA-12265,CA-2017-102610,143.928,5
CA-12265,CA-2016-106894,100,6
CA-12265,CA-2017-102610,95.976,7
CA-12265,CA-2014-128237,45.48,8
CA-12265,CA-2014-128237,25.44,9
CA-12265,CA-2014-128237,14.88,10
CA-12265,CA-2017-169607,9.96,11
CA-12265,US-2014-111171,8.69,12
CA-12265,CA-2016-106894,7.83,13
CA-12265,CA-2014-128237,6.56,14
CA-12265,CA-2017-102610,4.928,15
CA-12265,CA-2017-102610,3.564,16
CA-12265,CA-2017-106432,2.072,17
CA-12310,CA-2017-120936,481.32,1
CA-12310,US-2014-150434,359.98,2
CA-12310,US-2016-116365,180.96,3
CA-12310,US-2016-116365,165.6,4
CA-12310,US-2014-150434,70.56,5
CA-12310,US-2017-145366,57.576,6
CA-12310,US-2017-145366,37.208,7
CA-12310,US-2016-116365,30.08,8
CA-12310,CA-2017-120936,13.98,9
CA-12310,US-2014-150434,3.81,10
CA-12775,CA-2014-140858,1228.465,1
CA-12775,CA-2017-145653,498.26,2
CA-12775,US-2015-140200,393.165,3
CA-12775,CA-2014-140858,335.52,4
CA-12775,CA-2015-135853,175.23,5
CA-12775,CA-2015-135853,125.99,6
CA-12775,CA-2017-122175,87.4,7
CA-12775,CA-2017-122175,42.85,8
CA-12775,CA-2014-140858,41.472,9
CA-12775,CA-2014-140858,31.086,10
CA-12775,CA-2015-135853,23,11
CA-12775,CA-2017-122175,17,12
CA-12775,CA-2014-145576,13.128,13
CA-12775,CA-2014-145576,13,14
CA-12775,US-2016-132857,6.672,15
CA-12775,CA-2017-122175,6.16,16
CA-12775,CA-2014-140858,3.168,17
CB-12025,CA-2015-146563,999.432,1
CB-12025,CA-2015-146563,918.785,2
CB-12025,CA-2015-121188,892.35,3
CB-12025,CA-2015-121188,728.82,4
CB-12025,CA-2015-146563,724.08,5
CB-12025,CA-2017-144484,406.6,6
CB-12025,CA-2015-121188,307.666,7
CB-12025,CA-2017-131282,243.992,8
CB-12025,US-2017-102904,239.92,9
CB-12025,CA-2016-117583,204.95,10
CB-12025,CA-2016-117583,79.95,11
CB-12025,US-2017-152898,67.9,12
CB-12025,CA-2015-121188,43.176,13
CB-12025,CA-2015-121188,41.36,14
CB-12025,CA-2016-117583,34.65,15
CB-12025,CA-2017-100160,29.24,16
CB-12025,CA-2016-117583,25.92,17
CB-12025,CA-2014-140004,7.408,18
CB-12025,CA-2017-131282,7.12,19
CB-12025,CA-2014-130869,7.08,20
CB-12025,CA-2014-140004,6.048,21
CB-12025,CA-2017-100160,4.896,22
CB-12025,CA-2015-121188,4.16,23
CB-12025,CA-2015-146563,2.724,24
CB-12415,CA-2016-147417,1439.976,1
CB-12415,US-2017-157896,146.82,2
CB-12415,CA-2017-152660,61.568,3
CB-12415,CA-2016-113656,59.99,4
CB-12415,CA-2016-139941,52.56,5
CB-12415,CA-2016-163398,27.384,6
CB-12415,US-2015-136259,27.2,7
CB-12415,CA-2016-163398,26.406,8
CB-12415,US-2015-136259,7.218,9
CB-12415,CA-2017-111374,4.956,10
CB-12415,CA-2016-163398,2.182,11
CB-12535,US-2016-165505,1564.29,1
CB-12535,CA-2015-100146,722.352,2
CB-12535,CA-2015-100146,509.9575,3
CB-12535,CA-2017-161046,299.97,4
CB-12535,CA-2017-161046,262.24,5
CB-12535,CA-2017-161046,234.36,6
CB-12535,CA-2015-100146,122.91,7
CB-12535,US-2016-165505,99.98,8
CB-12535,CA-2015-100146,97.568,9
CB-12535,CA-2015-104514,85.52,10
CB-12535,CA-2017-161046,42.68,11
CB-12535,CA-2015-104514,20.04,12
CB-12535,CA-2016-147585,14.82,13
CB-12535,CA-2017-136826,14.016,14
CB-12535,CA-2015-104514,9.84,15
CB-12535,CA-2015-113971,8.352,16
CB-12535,US-2016-165505,8.04,17
CB-12535,CA-2015-111094,6.58,18
CC-12100,CA-2014-136399,627.168,1
CC-12100,CA-2014-136399,395,2
CC-12100,CA-2014-136399,241.568,3
CC-12100,CA-2015-108532,131.98,4
CC-12100,CA-2015-108532,114.52,5
CC-12100,CA-2015-104297,85.056,6
CC-12100,CA-2016-129308,59.994,7
CC-12100,CA-2014-136399,44.46,8
CC-12100,CA-2016-161781,40.88,9
CC-12100,CA-2016-129308,10.08,10
CC-12100,CA-2016-129308,9.42,11
CC-12100,CA-2015-113040,5.104,12
CC-12145,CA-2015-121797,1919.976,1
CC-12145,CA-2015-121797,227.36,2
CC-12145,CA-2014-141726,104.85,3
CC-12145,CA-2015-132906,51.52,4
CC-12145,CA-2015-122623,47.516,5
CC-12145,CA-2014-141726,43.02,6
CC-12145,CA-2017-146185,31.744,7
CC-12145,CA-2014-141726,19.92,8
CC-12145,CA-2016-130078,10.56,9
CC-12145,CA-2014-141726,8.704,10
CC-12145,CA-2016-148201,6.48,11
CC-12220,CA-2016-145730,637.896,1
CC-12220,CA-2014-166891,589.41,2
CC-12220,CA-2017-161410,545.916,3
CC-12220,CA-2017-152695,426.79,4
CC-12220,CA-2017-161410,358.2,5
CC-12220,CA-2016-145730,287.91,6
CC-12220,CA-2017-119914,243.16,7
CC-12220,US-2017-107888,139.92,8
CC-12220,CA-2016-155474,107.984,9
CC-12220,US-2017-107888,107.88,10
CC-12220,CA-2016-131380,87.92,11
CC-12220,US-2017-107888,73.68,12
CC-12220,CA-2016-155992,69.9,13
CC-12220,CA-2015-147879,45.68,14
CC-12220,CA-2016-155992,41.85,15
CC-12220,CA-2016-145730,36.6,16
CC-12220,US-2017-107888,33.29,17
CC-12220,CA-2014-161634,32.4,18
CC-12220,CA-2016-155474,19.296,19
CC-12220,CA-2017-152695,10.86,20
CC-12220,CA-2016-131380,5.98,21
CC-12370,CA-2016-143714,8399.976,1
CC-12370,CA-2016-135265,2799.96,2
CC-12370,CA-2016-135265,287.968,3
CC-12370,CA-2016-154690,225.296,4
CC-12370,US-2017-155866,187.76,5
CC-12370,CA-2016-143714,122.382,6
CC-12370,CA-2016-135265,48.94,7
CC-12370,US-2017-155866,38.88,8
CC-12370,CA-2016-143714,10.368,9
CC-12370,CA-2016-143714,6.294,10
CC-12370,CA-2017-106691,1.248,11
CC-12430,CA-2017-166695,518.272,1
CC-12430,CA-2017-143035,371.97,2
CC-12430,CA-2016-116736,371.97,3
CC-12430,CA-2017-166695,343.2,4
CC-12430,CA-2016-116736,322.59,5
CC-12430,CA-2015-150791,271.764,6
CC-12430,CA-2016-118570,217.056,7
CC-12430,CA-2017-126221,209.3,8
CC-12430,CA-2017-143035,83.92,9
CC-12430,CA-2016-163384,32.4,10
CC-12430,CA-2016-116736,29.99,11
CC-12430,CA-2017-125290,26.38,12
CC-12430,CA-2017-125290,13.9,13
CC-12430,CA-2016-163384,13.216,14
CC-12430,US-2016-148957,12.32,15
CC-12430,US-2016-114888,11.952,16
CC-12430,CA-2017-166695,6.98,17
CC-12430,CA-2017-143035,6.63,18
CC-12430,US-2016-114888,6.24,19
CC-12475,CA-2016-158260,686.4,1
CC-12475,US-2017-160836,512.19,2
CC-12475,CA-2017-144225,164.88,3
CC-12475,CA-2017-158344,63.96,4
CC-12475,US-2014-163146,56.4,5
CC-12475,CA-2016-146836,45.576,6
CC-12475,CA-2016-146836,44.94,7
CC-12475,CA-2017-100811,39.296,8
CC-12475,US-2016-139388,14.96,9
CC-12475,CA-2016-155033,10.56,10
CC-12475,US-2017-160836,10.272,11
CC-12475,CA-2017-100811,8.448,12
CC-12475,US-2017-160836,1.556,13
CC-12550,CA-2017-169901,47.976,1
CC-12550,CA-2017-118542,45.36,2
CC-12550,CA-2017-123071,10.368,3
CC-12550,CA-2017-118542,10.128,4
CC-12610,CA-2014-124688,1202.94,1
CC-12610,CA-2014-124688,579.95,2
CC-12610,CA-2017-155957,213.136,3
CC-12610,CA-2015-161445,140.736,4
CC-12610,CA-2016-157707,120.784,5
CC-12610,CA-2016-157707,90.882,6
CC-12610,CA-2015-132507,61.792,7
CC-12610,CA-2017-155957,52.272,8
CC-12610,CA-2016-118178,31.086,9
CC-12610,CA-2014-124688,29.12,10
CC-12610,CA-2016-157707,15.992,11
CC-12610,CA-2016-146521,1.941,12
CC-12670,CA-2017-112753,917.9235,1
CC-12670,CA-2014-154158,424.272,2
CC-12670,CA-2016-152121,271.992,3
CC-12670,CA-2017-163139,221.55,4
CC-12670,CA-2016-167759,134.85,5
CC-12670,CA-2014-154158,83.92,6
CC-12670,CA-2014-154158,64.784,7
CC-12670,CA-2014-154158,45.528,8
CC-12670,CA-2017-112753,38.88,9
CC-12670,CA-2015-128993,21.98,10
CC-12670,CA-2017-163139,20.37,11
CC-12670,CA-2017-163139,17.52,12
CC-12670,US-2016-100419,4.788,13
CC-12670,CA-2014-154158,1.344,14
CC-12685,CA-2015-140984,991.2,1
CC-12685,CA-2015-140984,879.984,2
CC-12685,CA-2015-109190,479.976,3
CC-12685,CA-2015-119480,163.44,4
CC-12685,CA-2015-119480,106.32,5
CC-12685,CA-2015-109190,60.736,6
CC-12685,CA-2015-119480,51.55,7
CC-12685,US-2014-158057,51.465,8
CC-12685,CA-2015-119480,42.76,9
CC-12685,CA-2015-140984,12.96,10
CC-12685,US-2014-158057,7.644,11
CC-12685,CA-2015-109190,6.08,12
CD-11920,CA-2017-111556,1259.97,1
CD-11920,CA-2015-101910,283.92,2
CD-11920,CA-2017-111556,183.968,3
CD-11920,CA-2016-122017,81.96,4
CD-11920,CA-2016-122017,70.56,5
CD-11920,CA-2017-111556,68.97,6
CD-11920,CA-2017-111556,46.76,7
CD-11920,CA-2014-147235,24.9,8
CD-11920,CA-2017-107853,12.96,9
CD-11980,CA-2017-144596,318.96,1
CD-11980,US-2017-119438,182.994,2
CD-11980,US-2017-119438,82.524,3
CD-11980,US-2017-119438,27.816,4
CD-11980,US-2017-119438,2.688,5
CD-12280,US-2017-132444,169.68,1
CD-12280,CA-2017-102925,166.5,2
CD-12280,CA-2017-102925,164.688,3
CD-12280,US-2017-132444,132.52,4
CD-12280,CA-2017-102925,128.124,5
CD-12280,CA-2017-102925,110.96,6
CD-12280,CA-2017-102925,99.98,7
CD-12280,US-2017-132444,95.94,8
CD-12280,CA-2017-102925,12.96,9
CD-12280,CA-2017-102925,11.424,10
CD-12280,US-2017-132444,8.448,11
CD-12280,US-2017-132444,2.96,12
CD-12790,CA-2016-124352,868.59,1
CD-12790,CA-2015-149972,601.536,2
CD-12790,CA-2016-124352,121.6,3
CD-12790,CA-2016-145135,59.97,4
CD-12790,CA-2014-166961,51.45,5
CD-12790,CA-2014-166961,37.056,6
CD-12790,CA-2016-124352,29.46,7
CD-12790,CA-2016-124352,20.16,8
CD-12790,CA-2016-145135,13.36,9
CD-12790,CA-2016-124352,12.96,10
CD-12790,CA-2014-139857,12.35,11
CD-12790,CA-2014-166961,10.98,12
CD-12790,CA-2015-149972,7.9,13
CD-12790,CA-2014-166961,7.86,14
CD-12790,CA-2016-124352,5.5,15
CG-12040,CA-2016-140081,447.696,1
CG-12040,CA-2016-121020,239.976,2
CG-12040,CA-2016-164350,67.56,3
CG-12040,CA-2016-140081,29.718,4
CG-12040,US-2017-104955,28.91,5
CG-12040,CA-2017-143217,18.24,6
CG-12040,CA-2016-140081,15.552,7
CG-12520,CA-2016-152156,731.94,1
CG-12520,CA-2016-152156,261.96,2
CG-12520,US-2015-123918,131.376,3
CG-12520,CA-2017-164098,18.16,4
CG-12520,US-2015-123918,5.344,5
CH-12070,CA-2016-109344,1127.976,1
CH-12070,CA-2015-123673,299.9,2
CH-12070,CA-2015-127110,78.256,3
CH-12070,CA-2015-127110,31.104,4
CJ-11875,CA-2016-163951,16.52,1
CJ-12010,CA-2016-128818,3999.95,1
CJ-12010,CA-2017-102204,2803.92,2
CJ-12010,CA-2017-144491,1023.332,3
CJ-12010,CA-2017-102204,933.262,4
CJ-12010,CA-2017-144491,600.558,5
CJ-12010,CA-2016-128818,442.764,6
CJ-12010,US-2016-161683,394.816,7
CJ-12010,CA-2017-144491,211.246,8
CJ-12010,CA-2016-128818,199.95,9
CJ-12010,US-2016-112977,176.784,10
CJ-12010,CA-2017-122105,95.92,11
CJ-12010,CA-2016-128818,63.68,12
CJ-12010,CA-2016-128818,44.4,13
CJ-12010,CA-2017-144491,39.992,14
CJ-12010,US-2016-161683,18.192,15
CJ-12010,CA-2017-150469,11.84,16
CJ-12010,CA-2016-122392,11.648,17
CJ-12010,CA-2016-122392,4.16,18
CJ-12010,CA-2017-102204,3.328,19
CK-12205,CA-2017-110443,1039.992,1
CK-12205,US-2016-100720,494.376,2
CK-12205,CA-2016-112256,175.92,3
CK-12205,CA-2017-110443,150.8,4
CK-12205,US-2016-100720,143.982,5
CK-12205,CA-2014-131541,129.888,6
CK-12205,CA-2016-140018,127.554,7
CK-12205,CA-2017-110821,119.448,8
CK-12205,CA-2017-110821,118.16,9
CK-12205,CA-2017-104577,87.6,10
CK-12205,CA-2016-140018,77.952,11
CK-12205,CA-2016-110982,58.24,12
CK-12205,US-2015-144771,53.04,13
CK-12205,CA-2017-110443,51.84,14
CK-12205,CA-2014-131541,48.944,15
CK-12205,CA-2014-113929,41.4,16
CK-12205,CA-2014-113929,39.552,17
CK-12205,CA-2014-113929,35,18
CK-12205,CA-2016-140018,30.345,19
CK-12205,CA-2016-110982,21.552,20
CK-12205,CA-2015-135363,15.552,21
CK-12205,CA-2014-131541,14.32,22
CK-12205,CA-2016-112256,13.344,23
CK-12205,US-2015-144771,11.032,24
CK-12205,CA-2017-122028,10.782,25
CK-12205,CA-2014-166884,10.464,26
CK-12205,CA-2014-166884,8.32,27
CK-12205,US-2016-100720,5.84,28
CK-12205,CA-2015-135363,5.232,29
CK-12205,CA-2016-112256,5.184,30
CK-12205,CA-2016-112256,4.752,31
CK-12205,CA-2016-112256,4.448,32
CK-12325,US-2014-125521,1139.92,1
CK-12325,CA-2017-109085,899.43,2
CK-12325,CA-2017-109085,455.97,3
CK-12325,CA-2016-134789,159.92,4
CK-12325,CA-2014-104472,73.32,5
CK-12325,CA-2014-104472,59.808,6
CK-12325,CA-2017-109085,57.594,7
CK-12325,CA-2017-109085,30.144,8
CK-12325,CA-2016-134789,30,9
CK-12325,CA-2016-134789,25.92,10
CK-12325,US-2017-135230,7.58,11
CK-12595,CA-2017-100902,431.16,1
CK-12595,CA-2015-142237,341.488,2
CK-12595,US-2016-167472,323.37,3
CK-12595,CA-2015-142237,289.8,4
CK-12595,CA-2017-100902,268.24,5
CK-12595,US-2016-167472,179.94,6
CK-12595,CA-2017-138611,119.94,7
CK-12595,CA-2016-158610,69.52,8
CK-12595,US-2016-167472,64.14,9
CK-12595,US-2016-167472,59.94,10
CK-12595,CA-2017-104647,37.44,11
CK-12595,CA-2016-119683,29.34,12
CK-12595,US-2016-167472,26.85,13
CK-12595,CA-2015-142237,25.344,14
CK-12595,CA-2016-124233,24.7,15
CK-12595,US-2016-167472,12.96,16
CK-12595,US-2017-127341,12.128,17
CK-12595,CA-2014-106264,11.91,18
CK-12595,US-2016-167472,11.67,19
CK-12595,CA-2015-142237,11.12,20
CK-12595,CA-2015-142237,6.48,21
CK-12595,CA-2015-120516,5.64,22
CK-12595,CA-2017-138611,3.648,23
CK-12595,CA-2014-106264,3.48,24
CK-12595,CA-2015-142237,2.502,25
CK-12760,US-2017-117247,652.45,1
CK-12760,CA-2015-127754,266.352,2
CK-12760,CA-2016-101336,140.75,3
CK-12760,CA-2014-107755,115.36,4
CK-12760,CA-2016-101336,77.55,5
CK-12760,US-2017-166611,68.742,6
CK-12760,US-2017-117247,66.645,7
CK-12760,US-2016-140809,56.45,8
CK-12760,CA-2016-101336,36.63,9
CK-12760,CA-2014-104976,34.68,10
CK-12760,CA-2016-101630,25.71,11
CK-12760,CA-2016-101336,24.88,12
CK-12760,CA-2016-101630,8.67,13
CK-12760,CA-2015-160696,7.24,14
CL-11890,CA-2017-121888,782.94,1
CL-11890,CA-2017-121888,242.48,2
CL-11890,CA-2017-121888,39.99,3
CL-11890,US-2016-150035,16.74,4
CL-11890,CA-2017-121888,16.28,5
CL-12565,CA-2015-135580,2548.56,1
CL-12565,CA-2017-119452,1805.88,2
CL-12565,CA-2014-125731,1487.04,3
CL-12565,CA-2016-106530,1006.056,4
CL-12565,CA-2016-153178,673.568,5
CL-12565,CA-2016-134803,558.4,6
CL-12565,CA-2016-153178,437.85,7
CL-12565,CA-2014-116239,354.9,8
CL-12565,CA-2016-118129,303.92,9
CL-12565,CA-2015-135580,287.88,10
CL-12565,CA-2015-135580,271.44,11
CL-12565,CA-2016-134803,262.24,12
CL-12565,CA-2016-134803,182.72,13
CL-12565,CA-2016-134803,131.6,14
CL-12565,CA-2014-131310,123.136,15
CL-12565,CA-2016-128867,75.96,16
CL-12565,CA-2015-135580,74.94,17
CL-12565,CA-2015-135580,68.52,18
CL-12565,CA-2016-106530,58.112,19
CL-12565,CA-2016-128867,27.24,20
CL-12565,CA-2016-106530,25.12,21
CL-12565,CA-2016-134803,22.72,22
CL-12565,CA-2014-125731,21.728,23
CL-12565,CA-2014-127936,21.24,24
CL-12565,CA-2017-129567,17.456,25
CL-12565,CA-2014-131310,11.264,26
CL-12565,CA-2016-106530,10.688,27
CL-12565,CA-2016-106530,10.368,28
CL-12700,CA-2016-149279,1325.76,1
CL-12700,CA-2016-108875,511.056,2
CL-12700,US-2017-166037,449.91,3
CL-12700,CA-2016-108875,21.44,4
CL-12700,CA-2017-141446,18,5
CL-12700,CA-2016-149279,15.552,6
CL-12700,CA-2017-159604,8.76,7
CL-12700,CA-2016-149279,3.108,8
CM-11815,CA-2017-121489,572.58,1
CM-11815,CA-2017-121489,388.704,2
CM-11815,CA-2017-145765,271.968,3
CM-11815,CA-2017-145765,195.96,4
CM-11815,CA-2017-140494,111.96,5
CM-11815,CA-2014-127383,49.568,6
CM-11815,CA-2017-121489,33.18,7
CM-11815,CA-2014-151554,20.736,8
CM-11815,CA-2017-145765,15.552,9
CM-11815,CA-2016-110730,13.68,10
CM-11935,US-2016-135923,451.136,1
CM-11935,US-2016-135923,64.864,2
CM-11935,CA-2015-147816,35.12,3
CM-11935,US-2016-135923,14.272,4
CM-12115,CA-2017-100524,677.58,1
CM-12115,CA-2017-149699,474.95,2
CM-12115,CA-2017-137414,369.16,3
CM-12115,CA-2017-100524,75.04,4
CM-12115,CA-2017-100524,29.78,5
CM-12115,CA-2017-137414,17.46,6
CM-12160,CA-2016-155530,2003.52,1
CM-12160,CA-2017-113453,329.988,2
CM-12160,CA-2016-111493,98.16,3
CM-12160,CA-2017-113453,71.376,4
CM-12160,CA-2017-162936,23.18,5
CM-12160,CA-2017-156412,5.346,6
CM-12160,US-2017-139955,1.744,7
CM-12190,CA-2017-146164,607.52,1
CM-12190,CA-2015-101154,443.92,2
CM-12190,CA-2017-165386,183.372,3
CM-12190,US-2017-118598,119.94,4
CM-12190,CA-2015-152527,77.88,5
CM-12190,CA-2017-146164,31.16,6
CM-12190,CA-2015-158554,11.352,7
CM-12235,CA-2016-155845,1399.944,1
CM-12235,CA-2016-144309,679.96,2
CM-12235,CA-2016-101525,109.92,3
CM-12235,US-2016-114230,39.808,4
CM-12235,CA-2016-149237,26.94,5
CM-12235,CA-2016-101525,19.44,6
CM-12235,CA-2016-101525,11.16,7
CM-12385,CA-2015-145352,6354.95,1
CM-12385,CA-2017-111738,2022.272,2
CM-12385,CA-2015-128027,269.49,3
CM-12385,CA-2017-119746,222.384,4
CM-12385,CA-2015-145352,46.74,5
CM-12385,CA-2017-119746,11.52,6
CM-12385,CA-2017-111738,9.12,7
CM-12385,CA-2015-145352,8.34,8
CM-12385,CA-2017-119746,6.464,9
CM-12385,CA-2015-145352,2.74,10
CM-12445,CA-2016-133697,56.686,1
CM-12445,CA-2016-145898,51.45,2
CM-12445,CA-2016-133697,51.016,3
CM-12445,CA-2016-145898,35.4,4
CM-12445,CA-2016-145898,29.9,5
CM-12445,CA-2016-133697,25.248,6
CM-12445,CA-2014-133851,23.1,7
CM-12445,CA-2016-145898,7.83,8
CM-12445,CA-2014-133851,7.36,9
CM-12655,US-2016-113677,2279.96,1
CM-12655,CA-2017-113418,1704.89,2
CM-12655,CA-2015-140410,1212.848,3
CM-12655,CA-2017-143126,521.96,4
CM-12655,CA-2015-168088,383.4656,5
CM-12655,CA-2015-140410,89.97,6
CM-12655,CA-2015-168088,65.584,7
CM-12655,CA-2015-140410,42.6,8
CM-12655,CA-2016-169026,23.34,9
CM-12655,US-2016-113677,14.94,10
CM-12715,CA-2015-133585,1227.9984,1
CM-12715,CA-2014-103492,755.944,2
CM-12715,CA-2014-103492,719.952,3
CM-12715,CA-2014-104563,481.568,4
CM-12715,CA-2014-104563,436.704,5
CM-12715,CA-2014-104563,204.9,6
CM-12715,CA-2015-133585,55.328,7
CM-12715,CA-2014-144974,41.376,8
CM-12715,CA-2014-144974,21.184,9
CM-12715,CA-2014-104563,20.65,10
CM-12715,CA-2014-103492,11.98,11
CM-12715,CA-2014-144974,5.97,12
CM-12715,CA-2014-103492,0.898,13
Co-12640,CA-2015-147501,558.4,1
Co-12640,US-2014-112949,471.9,2
Co-12640,CA-2016-140543,191.88,3
Co-12640,CA-2014-162866,32.952,4
Co-12640,CA-2014-162866,30.016,5
Co-12640,CA-2015-147501,6.368,6
Co-12640,CA-2014-136280,5.04,7
Co-12640,US-2014-112949,3.52,8
CP-12085,US-2017-167402,4164.05,1
CP-12085,US-2017-167402,212.94,2
CP-12085,US-2017-167402,209.94,3
CP-12085,CA-2016-113236,184.704,4
CP-12085,CA-2014-127187,129.98,5
CP-12085,CA-2016-113236,47.92,6
CP-12085,CA-2017-144064,47.36,7
CP-12085,CA-2015-145457,46.9,8
CP-12085,CA-2017-132430,45.888,9
CP-12085,US-2017-167402,32.4,10
CP-12085,CA-2017-144064,27.44,11
CP-12085,CA-2016-128258,11.34,12
CP-12085,CA-2017-144064,3.24,13
CP-12340,US-2014-148838,1579.746,1
CP-12340,CA-2015-105571,1345.485,2
CP-12340,US-2014-148838,1071.576,3
CP-12340,US-2014-148838,613.908,4
CP-12340,CA-2016-133613,566.97,5
CP-12340,US-2016-108098,177,6
CP-12340,US-2014-148838,155.04,7
CP-12340,CA-2017-168102,113.568,8
CP-12340,CA-2016-127642,111.96,9
CP-12340,CA-2016-164889,71.088,10
CP-12340,US-2014-148838,34.86,11
CP-12340,CA-2015-105571,16.146,12
CP-12340,CA-2017-117240,13.128,13
CP-12340,CA-2016-133613,9.84,14
CP-12340,CA-2016-133613,7.96,15
CR-12580,US-2017-105998,1673.184,1
CR-12580,CA-2016-155551,230.376,2
CR-12580,US-2017-105998,199.75,3
CR-12580,CA-2016-165561,25.35,4
CR-12580,CA-2016-101742,10.528,5
CR-12580,CA-2016-155551,9.664,6
CR-12625,CA-2014-111003,289.2,1
CR-12625,CA-2016-162159,121.78,2
CR-12625,CA-2014-111003,45.48,3
CR-12625,US-2014-112795,19.44,4
CR-12730,CA-2017-116519,904.9,1
CR-12730,CA-2014-166716,421.372,2
CR-12730,CA-2016-137239,134.288,3
CR-12730,CA-2016-137239,113.552,4
CR-12730,CA-2016-164035,23.12,5
CR-12730,CA-2016-137239,3.318,6
CR-12820,CA-2017-159149,438.336,1
CR-12820,US-2017-136868,344.91,2
CR-12820,US-2017-136868,319.96,3
CR-12820,CA-2017-159149,175.44,4
CR-12820,CA-2017-159149,89.0664,5
CR-12820,CA-2015-128958,13.12,6
CS-11845,CA-2017-131828,963.136,1
CS-11845,CA-2017-147452,167.94,2
CS-11845,CA-2017-131828,88.776,3
CS-11845,US-2015-138716,25.032,4
CS-11845,CA-2014-130575,9.264,5
CS-11845,CA-2015-136378,9.156,6
CS-11845,CA-2017-147452,3.89,7
CS-11860,CA-2014-124618,479.984,1
CS-11860,CA-2017-158883,25.344,2
CS-11860,US-2017-123204,17.48,3
CS-11860,US-2014-121566,6.6,4
CS-11860,CA-2017-106047,3.816,5
CS-11860,US-2014-121566,2.688,6
CS-11860,CA-2015-150413,1.72,7
CS-11950,US-2014-141257,585.552,1
CS-11950,US-2014-159926,539.964,2
CS-11950,CA-2017-102820,419.944,3
CS-11950,CA-2016-161746,340.92,4
CS-11950,US-2016-151827,280.782,5
CS-11950,CA-2016-161746,242.136,6
CS-11950,CA-2015-151869,102.582,7
CS-11950,CA-2016-120796,99.846,8
CS-11950,US-2014-159926,76.792,9
CS-11950,CA-2017-118640,69.712,10
CS-11950,US-2014-159926,60.312,11
CS-11950,US-2014-159926,50.997,12
CS-11950,US-2017-126053,41.96,13
CS-11950,US-2016-151827,31.984,14
CS-11950,CA-2015-151869,20.04,15
CS-11950,CA-2016-161746,19.96,16
CS-11950,CA-2016-161746,12.39,17
CS-11950,CA-2017-144365,11.68,18
CS-11950,US-2017-126053,9.45,19
CS-11950,CA-2016-159737,8.808,20
CS-11950,US-2014-159926,1.944,21
CS-12130,CA-2014-118962,340.144,1
CS-12130,CA-2015-102036,199.74,2
CS-12130,CA-2014-118962,110.96,3
CS-12130,US-2016-144211,108.576,4
CS-12130,US-2015-120712,88.8,5
CS-12130,CA-2014-118962,20.94,6
CS-12130,US-2016-144211,15.48,7
CS-12175,CA-2017-117632,285.48,1
CS-12175,CA-2017-117632,238.62,2
CS-12175,CA-2014-109302,196.21,3
CS-12175,US-2016-159415,79.12,4
CS-12175,CA-2017-117632,19.168,5
CS-12175,CA-2016-157714,9.99,6
CS-12175,CA-2017-161592,8.1,7
CS-12175,CA-2017-117632,7.77,8
CS-12250,CA-2014-162775,646.74,1
CS-12250,CA-2014-162775,572.58,2
CS-12250,CA-2014-101560,397.6,3
CS-12250,CA-2017-105487,239.96,4
CS-12250,CA-2017-105487,103.192,5
CS-12250,CA-2015-136420,89.696,6
CS-12250,CA-2017-139080,86.352,7
CS-12250,CA-2014-101560,85.96,8
CS-12250,US-2014-169390,64.96,9
CS-12250,CA-2014-162775,50.94,10
CS-12250,CA-2015-136420,50.12,11
CS-12250,CA-2017-105487,40.68,12
CS-12250,CA-2015-149811,39.9,13
CS-12250,CA-2017-105487,36,14
CS-12250,CA-2016-161095,33.568,15
CS-12250,CA-2015-149811,32.34,16
CS-12250,CA-2017-139080,25.92,17
CS-12250,CA-2017-139080,19.68,18
CS-12250,CA-2016-119641,18.96,19
CS-12250,CA-2014-101560,13.12,20
CS-12250,CA-2014-162775,11.36,21
CS-12250,CA-2017-148992,10.688,22
CS-12250,CA-2016-161095,7.752,23
CS-12250,CA-2015-121041,6.608,24
CS-12250,CA-2017-139080,6.48,25
CS-12250,CA-2014-162775,5.64,26
CS-12355,CA-2015-142755,619.95,1
CS-12355,CA-2017-124296,479.97,2
CS-12355,CA-2017-111269,479.952,3
CS-12355,CA-2015-142755,279.9,4
CS-12355,CA-2017-131233,242.352,5
CS-12355,CA-2017-124296,232.88,6
CS-12355,CA-2015-139164,217.584,7
CS-12355,CA-2014-109043,152.24,8
CS-12355,CA-2015-139164,143.976,9
CS-12355,CA-2014-109043,91.36,10
CS-12355,CA-2014-141005,62.94,11
CS-12355,CA-2016-128111,39.68,12
CS-12355,CA-2017-165687,35.04,13
CS-12355,CA-2017-164364,27.93,14
CS-12355,CA-2017-111269,23.92,15
CS-12355,CA-2017-105053,17.472,16
CS-12355,CA-2015-142755,15.28,17
CS-12355,CA-2017-131233,10.776,18
CS-12355,CA-2017-164364,9.96,19
CS-12355,CA-2017-164364,9.21,20
CS-12355,CA-2015-139164,5.43,21
CS-12355,CA-2015-142755,4.36,22
CS-12400,CA-2016-133816,743.988,1
CS-12400,US-2017-100930,620.6145,2
CS-12400,US-2017-100930,617.976,3
CS-12400,CA-2014-127586,310.12,4
CS-12400,CA-2017-127096,300.904,5
CS-12400,US-2015-119312,270.34,6
CS-12400,US-2017-100930,258.072,7
CS-12400,US-2017-100930,233.86,8
CS-12400,US-2017-119662,230.376,9
CS-12400,CA-2016-140207,29.12,10
CS-12400,CA-2017-135111,25.9,11
CS-12400,US-2017-100930,5.328,12
CS-12400,CA-2017-107293,2.78,13
CS-12400,CA-2017-135111,2.48,14
CS-12460,US-2017-126179,287.97,1
CS-12460,CA-2017-148691,136.99,2
CS-12460,CA-2017-148691,83.92,3
CS-12460,US-2017-126179,23.99,4
CS-12460,CA-2017-148691,14.624,5
CS-12460,CA-2017-148691,3.15,6
CS-12490,CA-2016-118073,562.2925,1
CS-12490,CA-2015-128608,235.188,2
CS-12490,CA-2016-100671,111.672,3
CS-12490,CA-2015-128608,107.118,4
CS-12490,CA-2015-128608,26.376,5
CS-12490,CA-2015-128608,10.384,6
CS-12490,CA-2015-128608,10.368,7
CS-12490,CA-2016-144785,6.99,8
CS-12505,CA-2016-108196,4499.985,1
CS-12505,CA-2016-108196,456.588,2
CS-12505,CA-2016-134208,396,3
CS-12505,US-2017-115609,168.1,4
CS-12505,CA-2016-108196,59.976,5
CS-12505,CA-2016-121958,52.136,6
CS-12505,CA-2015-159380,25.68,7
CS-12505,CA-2014-100860,18.75,8
CS-12505,CA-2015-159380,12.84,9
CT-11995,CA-2014-166086,872.32,1
CT-11995,US-2016-126893,494.982,2
CT-11995,CA-2017-137085,312.552,3
CT-11995,CA-2017-162481,269.97,4
CT-11995,CA-2014-138681,242.352,5
CT-11995,CA-2014-138681,221.92,6
CT-11995,CA-2014-166086,194.25,7
CT-11995,CA-2015-145849,190.86,8
CT-11995,US-2016-141264,185.376,9
CT-11995,CA-2014-138681,71.976,10
CT-11995,US-2016-141264,58.924,11
CT-11995,CA-2014-138681,51.968,12
CT-11995,CA-2015-145849,24.32,13
CT-11995,CA-2014-166086,16.14,14
CT-11995,CA-2014-166086,8.64,15
CT-11995,CA-2017-158106,8.64,16
CT-11995,CA-2014-138681,8.448,17
CT-11995,CA-2017-162481,8.26,18
CV-12295,US-2014-137869,1184.72,1
CV-12295,US-2017-117534,479.984,2
CV-12295,CA-2014-151792,239.976,3
CV-12295,US-2017-117534,211.168,4
CV-12295,US-2017-117534,185.92,5
CV-12295,US-2017-117534,176.04,6
CV-12295,CA-2017-119655,146.86,7
CV-12295,CA-2016-123120,63.94,8
CV-12295,CA-2016-123120,60.6,9
CV-12295,CA-2017-119655,36.56,10
CV-12295,CA-2016-123120,22.72,11
CV-12295,US-2017-117534,16.02,12
CV-12295,US-2014-137869,6.12,13
CV-12805,US-2016-144057,856.656,1
CV-12805,CA-2017-151484,332.704,2
CV-12805,CA-2017-135692,220.2656,3
CV-12805,CA-2017-157252,207.846,4
CV-12805,CA-2017-164707,167.976,5
CV-12805,CA-2017-164707,109.53,6
CV-12805,US-2016-144057,76.64,7
CV-12805,CA-2017-146493,53.9,8
CV-12805,CA-2017-151484,51.968,9
CV-12805,CA-2017-151484,51.336,10
CV-12805,US-2016-144057,48.784,11
CV-12805,CA-2017-151484,42.408,12
CV-12805,CA-2017-146780,41.96,13
CV-12805,CA-2017-135692,33.12,14
CV-12805,CA-2016-120859,21.88,15
CV-12805,US-2016-144057,18.528,16
CV-12805,US-2016-144057,13.184,17
CV-12805,CA-2017-137582,11.808,18
CV-12805,CA-2017-164707,9.82,19
CW-11905,CA-2017-152436,592.74,1
CW-11905,CA-2017-161655,299.52,2
CW-11905,CA-2014-133753,70.368,3
CW-11905,CA-2014-133753,63.984,4
CW-11905,CA-2016-119018,38.88,5
CW-11905,CA-2015-119214,29.04,6
CW-11905,CA-2015-119214,14.62,7
CW-11905,CA-2014-133753,7.992,8
CW-11905,CA-2016-119018,7.712,9
CW-11905,CA-2015-156153,7.56,10
CW-11905,CA-2016-119018,4.176,11
CY-12745,CA-2017-130302,895.944,1
CY-12745,CA-2015-112144,621.76,2
CY-12745,CA-2017-117114,508.768,3
CY-12745,CA-2015-109708,467.04,4
CY-12745,US-2014-122959,210.392,5
CY-12745,US-2016-101616,87.28,6
CY-12745,CA-2016-166163,71.976,7
CY-12745,CA-2017-130715,17.9,8
CY-12745,CA-2017-117114,9.912,9
CY-12745,CA-2015-112144,5.904,10
CY-12745,CA-2016-166163,3.15,11
DA-13450,US-2017-158512,40.08,1
DA-13450,US-2017-158512,37.68,2
DA-13450,CA-2014-115133,16.704,3
DA-13450,US-2014-157406,10.368,4
DA-13450,US-2014-138835,9.64,5
DA-13450,US-2014-157406,6.24,6
DA-13450,CA-2014-115133,3.152,7
DB-12910,CA-2016-101672,915.136,1
DB-12910,US-2017-159205,671.93,2
DB-12910,CA-2017-124898,184.66,3
DB-12910,CA-2017-141201,148.257,4
DB-12910,CA-2016-101672,97.82,5
DB-12910,US-2017-159205,61,6
DB-12910,CA-2017-155089,45.66,7
DB-12910,CA-2016-137176,15.008,8
DB-12910,CA-2014-108707,10.368,9
DB-12910,CA-2016-101672,8.56,10
DB-12910,CA-2016-127985,7.04,11
DB-12910,CA-2016-101672,6.16,12
DB-12970,CA-2016-110975,866.646,1
DB-12970,CA-2017-132178,763.44,2
DB-12970,CA-2016-110975,313.176,3
DB-12970,CA-2015-141593,273.568,4
DB-12970,CA-2016-162943,253.764,5
DB-12970,US-2014-159618,79.512,6
DB-12970,CA-2017-132178,69.52,7
DB-12970,US-2014-159618,67.9932,8
DB-12970,CA-2015-141593,55.264,9
DB-12970,US-2014-159618,36.288,10
DB-12970,CA-2015-141593,34.248,11
DB-12970,US-2014-159618,16.656,12
DB-12970,CA-2015-141593,6.48,13
DB-12970,US-2014-159618,2.672,14
DB-13060,CA-2014-128146,1322.93,1
DB-13060,CA-2016-113292,871.8,2
DB-13060,CA-2016-127369,714.3,3
DB-13060,CA-2014-104269,457.568,4
DB-13060,CA-2017-132353,323.976,5
DB-13060,CA-2017-121258,258.576,6
DB-13060,CA-2017-107629,95.232,7
DB-13060,CA-2017-121258,91.96,8
DB-13060,CA-2017-107629,56.328,9
DB-13060,CA-2017-107629,39.264,10
DB-13060,CA-2017-121258,29.6,11
DB-13060,CA-2014-128146,3.76,12
DB-13120,CA-2015-101889,1548.99,1
DB-13120,US-2017-148551,760.98,2
DB-13120,CA-2015-161998,172.704,3
DB-13120,CA-2015-124653,132.79,4
DB-13120,CA-2015-130204,129.45,5
DB-13120,CA-2015-161998,63.552,6
DB-13120,CA-2015-130204,31.44,7
DB-13120,CA-2015-124653,21.56,8
DB-13120,CA-2015-101889,19.872,9
DB-13120,CA-2015-130204,17.9,10
DB-13120,CA-2015-124653,12.96,11
DB-13120,CA-2017-160514,10.56,12
DB-13120,CA-2015-136700,8.96,13
DB-13210,CA-2016-158778,887.271,1
DB-13210,CA-2017-165841,281.97,2
DB-13210,CA-2017-165841,166.44,3
DB-13210,CA-2015-157812,129.568,4
DB-13210,CA-2016-122448,122.352,5
DB-13210,US-2016-162677,119.976,6
DB-13210,CA-2017-109960,104.88,7
DB-13210,CA-2017-152709,85.52,8
DB-13210,CA-2016-158778,71.246,9
DB-13210,US-2016-162677,67.64,10
DB-13210,US-2016-134761,36.192,11
DB-13210,CA-2017-109960,34.7,12
DB-13210,CA-2017-109960,33.72,13
DB-13210,CA-2015-157812,18.392,14
DB-13210,CA-2017-109960,14.94,15
DB-13210,CA-2015-157812,14.112,16
DB-13210,CA-2016-158778,7.872,17
DB-13210,CA-2016-149370,5.344,18
DB-13210,CA-2016-108567,2.694,19
DB-13270,CA-2016-163804,2079.4,1
DB-13270,CA-2017-122504,761.544,2
DB-13270,CA-2016-163804,629.95,3
DB-13270,CA-2017-154011,457.485,4
DB-13270,CA-2016-143609,403.92,5
DB-13270,CA-2014-107181,82.896,6
DB-13270,CA-2016-163804,72.42,7
DB-13270,CA-2017-122504,59.97,8
DB-13270,US-2016-144477,37.312,9
DB-13270,CA-2015-118227,25.99,10
DB-13270,CA-2017-154011,6.888,11
DB-13270,US-2015-141453,3.882,12
DB-13360,CA-2016-139556,434.646,1
DB-13360,CA-2017-150623,286.15,2
DB-13360,CA-2014-100972,166.44,3
DB-13360,CA-2017-150623,99.99,4
DB-13360,CA-2016-119123,51.184,5
DB-13360,CA-2015-143882,43.056,6
DB-13405,CA-2017-157091,526.45,1
DB-13405,CA-2015-129322,447.86,2
DB-13405,CA-2017-140949,119.7,3
DB-13405,CA-2015-129322,113.92,4
DB-13405,CA-2017-140949,107.44,5
DB-13405,CA-2015-141145,87.168,6
DB-13405,CA-2017-140949,71.6,7
DB-13405,CA-2017-140949,59.1,8
DB-13405,CA-2017-140949,57.06,9
DB-13405,CA-2017-140949,46.53,10
DB-13405,CA-2015-129322,39.66,11
DB-13405,CA-2017-140949,18.75,12
DB-13405,CA-2017-140949,7.31,13
DB-13555,CA-2017-115882,942.784,1
DB-13555,CA-2014-136336,828.84,2
DB-13555,US-2017-133200,772.68,3
DB-13555,US-2017-133200,623.4648,4
DB-13555,CA-2017-104885,441.96,5
DB-13555,CA-2017-115882,74.352,6
DB-13555,CA-2017-104885,68.04,7
DB-13555,CA-2017-104885,59.52,8
DB-13555,CA-2017-104885,57.96,9
DB-13555,US-2017-133200,11.06,10
DB-13555,CA-2017-158036,9.096,11
DB-13555,CA-2014-114314,8.92,12
DB-13555,CA-2014-114314,7.31,13
DB-13555,CA-2014-151953,2.816,14
DB-13615,CA-2015-137946,959.984,1
DB-13615,CA-2016-135636,387.72,2
DB-13615,CA-2016-115224,352.38,3
DB-13615,CA-2017-145779,84.416,4
DB-13615,CA-2017-133074,55.86,5
DB-13615,CA-2017-132185,43.584,6
DB-13615,CA-2014-137351,43.176,7
DB-13615,CA-2016-115224,34.05,8
DB-13615,CA-2015-137946,14.368,9
DB-13615,CA-2017-132185,8.76,10
DB-13615,CA-2015-137946,4.752,11
DB-13660,CA-2017-121853,594.816,1
DB-13660,CA-2017-121853,211.04,2
DB-13660,US-2017-105830,156.512,3
DB-13660,CA-2017-121853,72.96,4
DB-13660,CA-2014-104402,65.97,5
DB-13660,CA-2017-105886,18.96,6
DB-13660,CA-2015-111990,10.476,7
DB-13660,CA-2017-101959,9.84,8
DB-13660,CA-2017-101959,7.78,9
DB-13660,CA-2017-101077,6.848,10
DC-12850,CA-2017-128363,1614.582,1
DC-12850,CA-2017-128363,423.648,2
DC-12850,CA-2016-130911,301.47,3
DC-12850,US-2014-160444,281.424,4
DC-12850,CA-2017-128363,272.048,5
DC-12850,US-2014-160444,220.776,6
DC-12850,CA-2017-131016,47.584,7
DC-12850,US-2017-133781,37.608,8
DC-12850,CA-2017-128363,31.984,9
DC-12850,CA-2017-128363,24.32,10
DC-12850,CA-2016-130911,18.656,11
DC-12850,CA-2017-128363,14.76,12
DC-12850,CA-2015-143532,14.496,13
DC-12850,CA-2017-100426,12.48,14
DC-12850,CA-2017-131016,8.928,15
DC-12850,CA-2014-145212,5.46,16
DC-12850,CA-2017-167017,4.36,17
DC-12850,CA-2017-128363,1.584,18
DC-13285,CA-2015-117884,447.944,1
DC-13285,CA-2017-104003,307.666,2
DC-13285,CA-2015-117884,150.408,3
DC-13285,CA-2014-106803,119.8,4
DC-13285,US-2017-136189,82.38,5
DC-13285,CA-2016-137736,41.86,6
DC-13285,CA-2014-106803,24.56,7
DD-13570,US-2014-104759,79.984,1
DD-13570,CA-2017-147844,59.52,2
DD-13570,CA-2014-166730,39.128,3
DD-13570,CA-2017-147844,34.4,4
DD-13570,CA-2017-110926,25.06,5
DD-13570,CA-2017-147844,15.7,6
DD-13570,US-2014-104759,8.134,7
DD-13570,US-2016-148334,4.312,8
DD-13570,CA-2017-125640,3.304,9
DE-13255,CA-2015-153381,1408.1,1
DE-13255,CA-2016-126529,63.312,2
DE-13255,CA-2015-142601,61.96,3
DE-13255,CA-2014-109134,20.04,4
DE-13255,CA-2016-126529,15.588,5
DE-13255,CA-2016-126529,15.552,6
DE-13255,CA-2014-123253,3.912,7
DF-13135,CA-2016-168032,1439.968,1
DF-13135,CA-2016-168032,626.1,2
DF-13135,CA-2015-124933,212.64,3
DF-13135,CA-2014-153479,95.648,4
DF-13135,CA-2014-153479,14.45,5
DF-13135,CA-2016-168032,1.728,6
DG-13300,CA-2017-123372,1979.89,1
DG-13300,CA-2015-130848,582.336,2
DG-13300,US-2015-153500,282.888,3
DG-13300,US-2015-153500,168.464,4
DG-13300,CA-2017-123372,79.96,5
DG-13300,CA-2014-139423,76.12,6
DG-13300,US-2016-106313,19.44,7
DG-13300,US-2015-153500,6.72,8
DH-13075,CA-2015-159534,1087.936,1
DH-13075,CA-2015-104941,899.97,2
DH-13075,US-2017-147886,795.48,3
DH-13075,CA-2014-102274,629.1,4
DH-13075,US-2017-147886,532.72,5
DH-13075,CA-2015-159534,199.98,6
DH-13075,CA-2014-102274,193.95,7
DH-13075,CA-2015-102316,184.752,8
DH-13075,CA-2015-159534,83.92,9
DH-13075,CA-2015-159534,49.848,10
DH-13075,CA-2014-102274,36.99,11
DH-13075,CA-2015-104941,32.4,12
DH-13075,US-2017-147886,26.72,13
DH-13075,US-2017-147886,26.48,14
DH-13075,CA-2015-104941,24.78,15
DH-13075,CA-2015-159534,23.99,16
DH-13075,US-2017-147886,21.56,17
DH-13075,US-2017-147886,20.04,18
DH-13075,CA-2015-104941,19.14,19
DH-13075,CA-2015-102316,15.984,20
DH-13075,US-2017-147886,12.96,21
DH-13075,CA-2016-166240,8.712,22
DH-13075,CA-2014-102274,5.46,23
DH-13675,CA-2014-105249,411.332,1
DH-13675,CA-2014-156244,211.248,2
DH-13675,CA-2014-156244,158.928,3
DH-13675,CA-2015-127593,85.3,4
DH-13675,CA-2014-156244,47.96,5
DH-13675,CA-2014-105249,41.4,6
DH-13675,CA-2015-145324,39.96,7
DH-13675,CA-2014-156244,31.104,8
DH-13675,CA-2014-105249,7.36,9
DH-13675,CA-2014-156244,5.552,10
DH-13675,CA-2014-156244,2.952,11
DJ-13420,CA-2016-123540,1454.9,1
DJ-13420,CA-2015-168004,392.94,2
DJ-13420,CA-2014-144071,79.44,3
DJ-13420,CA-2015-109736,45.36,4
DJ-13420,CA-2014-144071,39.88,5
DJ-13510,CA-2016-128594,1603.136,1
DJ-13510,CA-2014-111500,339.96,2
DJ-13510,CA-2017-156895,128.058,3
DJ-13510,CA-2014-111500,114.2,4
DJ-13510,CA-2017-137876,64.96,5
DJ-13510,US-2017-132220,62.352,6
DJ-13510,CA-2017-108749,45.78,7
DJ-13510,CA-2017-108749,45.36,8
DJ-13510,CA-2017-137876,30.56,9
DJ-13510,US-2017-118535,20.7,10
DJ-13510,CA-2014-111500,17.96,11
DJ-13510,CA-2017-153339,15.992,12
DJ-13510,CA-2014-111500,12.67,13
DJ-13630,CA-2017-115602,1704.56,1
DJ-13630,CA-2017-115602,1141.938,2
DJ-13630,CA-2015-123232,319.968,3
DJ-13630,CA-2016-164511,68.6,4
DJ-13630,CA-2016-164511,64.96,5
DJ-13630,CA-2017-115602,38.82,6
DJ-13630,CA-2016-164511,14.352,7
DJ-13630,CA-2017-115602,3.2,8
DK-12835,CA-2017-139199,872.94,1
DK-12835,CA-2017-167094,478.48,2
DK-12835,US-2015-164448,427.42,3
DK-12835,CA-2016-160941,419.9,4
DK-12835,CA-2015-147529,311.15,5
DK-12835,US-2014-143721,155.372,6
DK-12835,CA-2017-149489,99.28,7
DK-12835,US-2016-161844,79.974,8
DK-12835,CA-2017-104388,79.96,9
DK-12835,CA-2016-120082,59.52,10
DK-12835,CA-2017-139199,41.54,11
DK-12835,CA-2017-168403,31.104,12
DK-12835,US-2015-164448,29.8,13
DK-12835,CA-2014-141838,28.784,14
DK-12835,CA-2017-167094,28.4,15
DK-12835,CA-2014-141838,27.936,16
DK-12835,US-2015-164448,14.75,17
DK-12835,CA-2017-139199,12.96,18
DK-12835,CA-2015-147529,12.96,19
DK-12835,CA-2017-168403,11.176,20
DK-12835,US-2015-164448,9.728,21
DK-12835,CA-2017-149489,7.518,22
DK-12835,CA-2017-167094,5.184,23
DK-12835,CA-2014-141838,3.36,24
DK-12835,CA-2016-160941,3.15,25
DK-12835,CA-2017-149489,1.188,26
DK-12895,CA-2015-105627,860.93,1
DK-12895,CA-2015-105627,769.95,2
DK-12895,CA-2015-105627,512.94,3
DK-12895,CA-2015-105627,373.08,4
DK-12895,CA-2017-152310,299.99,5
DK-12895,CA-2017-152310,242.624,6
DK-12895,CA-2017-108112,220.064,7
DK-12895,CA-2017-152310,192.16,8
DK-12895,CA-2017-152310,174.95,9
DK-12895,CA-2015-139738,128.744,10
DK-12895,CA-2017-152310,100.704,11
DK-12895,CA-2017-152310,46.74,12
DK-12895,CA-2015-105627,14.98,13
DK-12895,CA-2017-133501,5.184,14
DK-12985,CA-2014-163034,646.2,1
DK-12985,CA-2015-134894,283.92,2
DK-12985,CA-2015-112767,277.5,3
DK-12985,CA-2017-140627,218.352,4
DK-12985,CA-2015-134894,152.94,5
DK-12985,CA-2017-140627,72.704,6
DK-12985,US-2017-141943,23.16,7
DK-12985,CA-2017-140627,12.264,8
DK-13090,CA-2017-100622,959.984,1
DK-13090,CA-2015-110457,787.53,2
DK-13090,CA-2016-134334,550.431,3
DK-13090,CA-2017-117807,104.85,4
DK-13090,CA-2017-104913,74.95,5
DK-13090,CA-2017-100622,55.984,6
DK-13090,CA-2017-124940,47.904,7
DK-13090,CA-2015-129098,30.84,8
DK-13090,CA-2017-100622,10.688,9
DK-13090,CA-2016-134334,10.56,10
DK-13090,CA-2016-134334,7.98,11
DK-13090,CA-2016-134334,4.77,12
DK-13090,CA-2017-100622,4.086,13
DK-13150,CA-2014-166191,408.744,1
DK-13150,CA-2017-102197,279.9,2
DK-13150,CA-2017-102197,50.352,3
DK-13150,CA-2017-102197,34.02,4
DK-13150,CA-2014-166191,24.816,5
DK-13225,CA-2017-100650,1295.78,1
DK-13225,CA-2016-127138,770.352,2
DK-13225,CA-2016-168543,706.86,3
DK-13225,CA-2015-122756,482.34,4
DK-13225,CA-2016-130288,313.176,5
DK-13225,CA-2015-113173,250.272,6
DK-13225,CA-2016-127138,154.9,7
DK-13225,CA-2016-127138,30.56,8
DK-13225,CA-2016-155481,30.48,9
DK-13225,CA-2016-155481,23.988,10
DK-13225,CA-2016-155481,16.688,11
DK-13225,CA-2015-113173,11.364,12
DK-13225,CA-2014-157623,10.56,13
DK-13225,CA-2015-113173,8.72,14
DK-13225,CA-2017-105480,6.984,15
DK-13225,CA-2017-105480,6.48,16
DK-13225,CA-2014-157623,3.38,17
DK-13225,CA-2015-122756,2.96,18
DK-13375,US-2016-111290,965.85,1
DK-13375,CA-2015-131884,485.94,2
DK-13375,US-2016-139087,428.4,3
DK-13375,CA-2014-100006,377.97,4
DK-13375,CA-2017-133046,234.95,5
DK-13375,CA-2017-166835,221.024,6
DK-13375,US-2016-111290,109.95,7
DK-13375,US-2016-139087,87.71,8
DK-13375,CA-2015-131884,70.686,9
DK-13375,US-2016-139087,69.52,10
DK-13375,CA-2015-131884,37.376,11
DK-13375,US-2016-111290,32.4,12
DK-13375,US-2016-111290,29.2,13
DK-13375,CA-2017-133046,26.2,14
DK-13375,US-2016-139087,24.75,15
DK-13375,CA-2015-145065,24.448,16
DK-13375,CA-2017-133046,23.88,17
DK-13375,US-2016-139087,20.784,18
DK-13375,CA-2017-133046,12.96,19
DK-13375,US-2016-139087,12.816,20
DK-13375,US-2016-139087,12.42,21
DK-13375,CA-2015-145065,7.86,22
DK-13375,CA-2017-165099,1.392,23
DL-12865,US-2016-125402,483.136,1
DL-12865,US-2016-125402,479.976,2
DL-12865,CA-2016-154060,187.056,3
DL-12865,CA-2016-102456,170.88,4
DL-12865,US-2016-125402,44.736,5
DL-12865,CA-2014-165974,32.76,6
DL-12865,US-2016-125402,29.6,7
DL-12865,CA-2015-156524,19.65,8
DL-12865,CA-2014-143182,15.384,9
DL-12865,US-2016-125402,10.9,10
DL-12865,CA-2017-154718,6,11
DL-12865,US-2016-125402,5.76,12
DL-12865,US-2016-125402,4.98,13
DL-12925,US-2014-115196,1299.99,1
DL-12925,US-2014-137155,533.94,2
DL-12925,CA-2015-136798,377.97,3
DL-12925,CA-2015-134747,263.96,4
DL-12925,CA-2015-112571,204.6,5
DL-12925,US-2014-137155,167.94,6
DL-12925,CA-2015-134747,135.72,7
DL-12925,CA-2015-136798,123.96,8
DL-12925,CA-2017-121615,52.4,9
DL-12925,CA-2015-136798,43.98,10
DL-12925,US-2014-137155,31.68,11
DL-12925,CA-2017-121615,14.94,12
DL-12925,CA-2015-134747,12.56,13
DL-12925,CA-2017-121615,8.56,14
DL-13315,CA-2016-146941,361.92,1
DL-13315,CA-2017-145226,272.94,2
DL-13315,CA-2014-115791,127.104,3
DL-13315,CA-2014-115791,124.2,4
DL-13315,CA-2017-145226,109.48,5
DL-13315,CA-2016-149783,87.168,6
DL-13315,CA-2016-146941,80.58,7
DL-13315,CA-2014-154165,54.208,8
DL-13315,CA-2017-155159,48.87,9
DL-13315,US-2017-114034,38.88,10
DL-13315,CA-2017-145226,31.92,11
DL-13315,CA-2016-149783,31.744,12
DL-13315,CA-2014-115791,30.072,13
DL-13315,CA-2017-145226,19.44,14
DL-13315,CA-2014-115791,18.588,15
DL-13315,CA-2014-108182,8.952,16
DL-13330,CA-2015-109337,393.54,1
DL-13330,CA-2015-109337,83.9,2
DL-13330,CA-2017-143329,41.37,3
DL-13330,US-2014-130358,20.016,4
DL-13330,CA-2015-109337,19.75,5
DL-13330,CA-2016-125815,12.42,6
DL-13330,CA-2015-109337,10.92,7
DL-13330,US-2014-130358,3.104,8
DL-13495,US-2017-117723,1801.632,1
DL-13495,CA-2016-127649,837.6,2
DL-13495,CA-2016-106558,316,3
DL-13495,CA-2015-153717,160.98,4
DL-13495,CA-2017-142643,152.65,5
DL-13495,CA-2017-144750,83.88,6
DL-13495,CA-2015-153717,73.98,7
DL-13495,CA-2017-151911,62.96,8
DL-13495,CA-2017-142643,22.72,9
DL-13495,CA-2015-153717,17.34,10
DL-13495,CA-2016-144855,6.3,11
DL-13495,CA-2015-153717,3.28,12
Dl-13600,CA-2016-120530,658.746,1
Dl-13600,CA-2014-133424,44.4,2
Dl-13600,CA-2014-153150,19.92,3
Dl-13600,CA-2014-133424,15.84,4
Dl-13600,CA-2017-114552,15.072,5
Dl-13600,US-2017-155299,1.624,6
DM-12955,CA-2014-141649,795.408,1
DM-12955,CA-2015-168480,194.32,2
DM-12955,CA-2014-101175,100.704,3
DM-12955,CA-2016-163153,99.372,4
DM-12955,CA-2017-128769,81.568,5
DM-12955,CA-2015-168480,25.99,6
DM-12955,CA-2015-168767,12.832,7
DM-12955,CA-2016-106621,10.496,8
DM-12955,CA-2016-163153,1.344,9
DM-13015,CA-2014-160766,2799.96,1
DM-13015,US-2017-105389,823.96,2
DM-13015,CA-2017-139717,646.272,3
DM-13015,CA-2014-160766,601.3,4
DM-13015,CA-2014-160766,464.292,5
DM-13015,CA-2016-160500,298.776,6
DM-13015,CA-2014-160766,287.97,7
DM-13015,CA-2016-136231,108.784,8
DM-13015,CA-2014-160766,68.46,9
DM-13015,CA-2014-160766,44.82,10
DM-13015,CA-2016-136231,23.472,11
DM-13015,CA-2015-129392,21.12,12
DM-13015,CA-2014-160766,16.99,13
DM-13015,CA-2017-139717,10.368,14
DM-13015,US-2017-105389,10.272,15
DM-13015,CA-2016-136231,10.272,16
DM-13015,CA-2016-160500,6.72,17
DM-13015,US-2017-105389,3.564,18
DM-13345,CA-2017-157854,2690.97,1
DM-13345,CA-2016-114482,404.94,2
DM-13345,CA-2016-129861,376.866,3
DM-13345,CA-2015-142734,127.764,4
DM-13345,CA-2016-144554,119.976,5
DM-13345,CA-2017-108854,90.48,6
DM-13345,CA-2017-108854,87.92,7
DM-13345,CA-2017-157854,56.28,8
DM-13345,CA-2017-108854,42.76,9
DM-13345,CA-2016-114482,40.46,10
DM-13345,CA-2017-108854,22.424,11
DM-13345,CA-2014-164910,7.872,12
DM-13345,CA-2014-119529,5.76,13
DM-13525,CA-2015-132465,772.68,1
DM-13525,CA-2014-103317,213.216,2
DM-13525,CA-2015-132465,210.68,3
DM-13525,CA-2015-132465,78.8,4
DM-13525,CA-2016-149195,25.92,5
DM-13525,CA-2015-132465,19.99,6
DM-13525,CA-2014-103317,19.52,7
DM-13525,CA-2016-149195,15.808,8
DM-13525,CA-2016-149195,10.368,9
DM-13525,CA-2014-103317,9.81,10
DN-13690,CA-2016-114860,842.72,1
DN-13690,CA-2017-136882,477.3,2
DN-13690,CA-2014-166744,362.94,3
DN-13690,CA-2014-166744,164.22,4
DN-13690,CA-2014-119977,123.92,5
DN-13690,CA-2014-166744,59.98,6
DN-13690,CA-2016-114860,41.96,7
DN-13690,CA-2016-114951,22.14,8
DN-13690,CA-2014-139451,21.39,9
DN-13690,CA-2014-139451,14.9,10
DN-13690,CA-2016-151498,8.32,11
DO-13435,US-2015-168935,375.4575,1
DO-13435,CA-2017-100636,272.94,2
DO-13435,CA-2014-108903,142.488,3
DO-13435,CA-2017-102771,84.95,4
DO-13435,US-2015-168935,83.976,5
DO-13435,CA-2015-121272,73.28,6
DO-13435,CA-2014-108903,55.984,7
DO-13435,CA-2017-140760,43.92,8
DO-13435,CA-2017-140760,25.344,9
DO-13435,CA-2016-133144,17.34,10
DO-13435,CA-2014-108903,14.48,11
DO-13435,CA-2015-169299,7.152,12
DO-13645,CA-2017-118003,302.94,1
DO-13645,CA-2017-102309,199.95,2
DO-13645,CA-2017-118003,182.22,3
DO-13645,US-2017-117450,97.184,4
DO-13645,CA-2015-126669,76.64,5
DO-13645,CA-2017-133207,57.568,6
DO-13645,CA-2017-115777,19.44,7
DO-13645,CA-2017-118003,12.99,8
DO-13645,CA-2017-102309,12.96,9
DO-13645,US-2017-117450,10.368,10
DP-13000,CA-2015-105347,368.91,1
DP-13000,CA-2014-122609,127.984,2
DP-13000,CA-2015-115742,89.99,3
DP-13000,CA-2017-142174,89.568,4
DP-13000,CA-2015-115742,75.18,5
DP-13000,CA-2017-157350,64.96,6
DP-13000,US-2017-154872,58.17,7
DP-13000,CA-2015-115742,38.22,8
DP-13000,CA-2014-122609,25.128,9
DP-13000,US-2017-154872,24.784,10
DP-13000,CA-2016-166618,23.65,11
DP-13000,CA-2015-105347,14.7,12
DP-13000,CA-2016-166618,13.98,13
DP-13000,CA-2016-141180,7.764,14
DP-13000,CA-2015-115742,6.16,15
DP-13000,US-2017-154872,5.04,16
DP-13105,CA-2016-162390,968.744,1
DP-13105,CA-2016-162390,479.984,2
DP-13105,CA-2016-162390,222.352,3
DP-13105,CA-2016-159009,184.752,4
DP-13105,CA-2017-102974,149.95,5
DP-13105,CA-2016-152534,38.88,6
DP-13105,CA-2017-155362,32.56,7
DP-13105,CA-2017-102974,23.32,8
DP-13105,CA-2017-163671,21.312,9
DP-13105,CA-2017-102974,16.74,10
DP-13105,CA-2016-159009,13.216,11
DP-13105,CA-2017-141663,7.92,12
DP-13105,CA-2016-152534,5.16,13
DP-13165,CA-2014-112158,883.92,1
DP-13165,CA-2014-112158,119.96,2
DP-13165,CA-2014-112158,46.72,3
DP-13165,CA-2015-112522,8.016,4
Dp-13240,CA-2015-169796,2321.9,1
Dp-13240,US-2017-162558,2314.116,2
Dp-13240,CA-2017-148404,580.672,3
Dp-13240,CA-2014-116834,345,4
Dp-13240,US-2017-132381,314.532,5
Dp-13240,CA-2016-152072,254.97,6
Dp-13240,CA-2017-148404,222.384,7
Dp-13240,CA-2017-148404,154.764,8
Dp-13240,CA-2017-169691,84.55,9
Dp-13240,CA-2014-116834,63.47,10
Dp-13240,CA-2017-139822,59.98,11
Dp-13240,CA-2016-152072,52.34,12
Dp-13240,CA-2017-148404,50.454,13
Dp-13240,CA-2014-129574,48.4,14
Dp-13240,CA-2017-169691,44.4,15
Dp-13240,CA-2017-139822,38.62,16
Dp-13240,CA-2015-139962,37.88,17
Dp-13240,US-2017-162558,34.236,18
Dp-13240,US-2017-162558,27.36,19
Dp-13240,US-2017-162558,20.736,20
Dp-13240,US-2017-162558,19.76,21
Dp-13240,CA-2015-139962,19.44,22
Dp-13240,CA-2017-148404,18.936,23
Dp-13240,CA-2017-169691,17.94,24
Dp-13240,CA-2015-169796,17.94,25
Dp-13240,US-2017-162558,11.808,26
Dp-13240,US-2017-162558,9.656,27
Dp-13240,CA-2017-163692,7.857,28
Dp-13240,CA-2016-152072,4.66,29
DP-13390,CA-2016-138478,4535.976,1
DP-13390,CA-2015-118423,359.058,2
DP-13390,CA-2014-107139,180.96,3
DP-13390,CA-2016-138478,113.22,4
DP-13390,CA-2015-129217,70.97,5
DP-13390,CA-2014-168592,56.65,6
DP-13390,CA-2015-129217,36.784,7
DP-13390,CA-2016-138478,35.88,8
DP-13390,CA-2017-150931,33.74,9
DP-13390,CA-2014-134621,18.24,10
DP-13390,CA-2016-138583,16.656,11
DP-13390,CA-2014-168592,14.97,12
DP-13390,CA-2014-168592,4.02,13
DP-13390,CA-2017-154466,3.6,14
DR-12880,CA-2015-103933,899.91,1
DR-12880,CA-2017-161956,879.984,2
DR-12880,CA-2017-161956,841.568,3
DR-12880,US-2015-159982,647.904,4
DR-12880,CA-2017-143574,638.82,5
DR-12880,US-2016-164189,403.168,6
DR-12880,CA-2017-161956,354.9,7
DR-12880,CA-2017-161956,321.92,8
DR-12880,CA-2017-148810,273.552,9
DR-12880,US-2016-127425,249.95,10
DR-12880,CA-2017-161956,230.28,11
DR-12880,CA-2017-134404,164.388,12
DR-12880,CA-2017-161956,116.28,13
DR-12880,US-2015-159982,53.92,14
DR-12880,US-2016-127425,33,15
DR-12880,CA-2017-143574,30.69,16
DR-12880,CA-2017-161956,28.4,17
DR-12880,CA-2017-143574,25.16,18
DR-12880,CA-2016-117282,14.16,19
DR-12880,CA-2017-148810,13.872,20
DR-12880,CA-2017-134404,13.248,21
DR-12880,US-2015-159982,12.132,22
DR-12940,US-2016-140158,5399.91,1
DR-12940,CA-2015-104626,1088.76,2
DR-12940,CA-2017-160899,477.51,3
DR-12940,CA-2015-104871,366.744,4
DR-12940,CA-2014-100881,302.376,5
DR-12940,CA-2016-160241,242.176,6
DR-12940,CA-2015-104626,124.36,7
DR-12940,US-2016-140158,119.1,8
DR-12940,CA-2015-104626,114.6,9
DR-12940,CA-2015-104626,60.74,10
DR-12940,US-2016-140158,30.4,11
DR-12940,US-2015-163783,12.672,12
DR-12940,CA-2017-142671,11.52,13
DS-13030,CA-2017-131954,242.94,1
DS-13030,CA-2017-144848,240.37,2
DS-13030,US-2017-125717,209.792,3
DS-13030,CA-2017-131954,179.97,4
DS-13030,US-2017-125717,147.184,5
DS-13030,CA-2014-113271,119.833,6
DS-13030,CA-2017-144848,119.02,7
DS-13030,CA-2017-131954,99.696,8
DS-13030,CA-2017-131954,84.98,9
DS-13030,US-2017-125717,76.776,10
DS-13030,US-2017-125717,54.384,11
DS-13030,CA-2017-144848,41.22,12
DS-13030,US-2017-125717,32.776,13
DS-13030,CA-2014-113271,32.4,14
DS-13030,CA-2017-131954,27.936,15
DS-13030,CA-2017-131954,18.72,16
DS-13030,US-2017-125717,14.352,17
DS-13030,CA-2014-113271,14.304,18
DS-13030,CA-2014-113271,5.56,19
DS-13180,CA-2015-163055,622.45,1
DS-13180,CA-2015-130456,586.398,2
DS-13180,CA-2016-127243,347.802,3
DS-13180,CA-2016-127243,340.182,4
DS-13180,CA-2017-154907,205.3328,5
DS-13180,CA-2014-132983,159.98,6
DS-13180,CA-2016-146325,134.8,7
DS-13180,CA-2015-159863,134.376,8
DS-13180,CA-2016-146325,81.424,9
DS-13180,CA-2015-130456,80.98,10
DS-13180,CA-2016-119074,39.92,11
DS-13180,CA-2016-127243,32.544,12
DS-13180,CA-2016-119074,32.54,13
DS-13180,CA-2015-163055,21.98,14
DS-13180,CA-2016-119074,20.24,15
DS-13180,CA-2017-134285,15.552,16
DS-13180,CA-2016-127243,12.672,17
DS-13180,CA-2016-127243,6.888,18
DS-13180,CA-2017-134285,3.552,19
DS-13180,CA-2015-163055,2.2,20
DV-13045,CA-2017-168389,721.875,1
DV-13045,CA-2017-139773,188.552,2
DV-13045,CA-2017-168389,73.568,3
DV-13045,CA-2017-168389,64.784,4
DV-13045,CA-2017-125745,19.52,5
DV-13045,CA-2016-106656,18.9,6
DV-13045,CA-2016-138688,14.62,7
DV-13045,CA-2017-168389,13.584,8
DV-13045,CA-2016-106656,4.08,9
DV-13465,CA-2015-146486,899.95,1
DV-13465,CA-2014-124646,501.81,2
DV-13465,CA-2017-145233,470.376,3
DV-13465,CA-2017-145233,406.368,4
DV-13465,CA-2016-126102,276.784,5
DV-13465,CA-2015-146486,244.55,6
DV-13465,CA-2014-124646,161.94,7
DV-13465,US-2017-152002,122.97,8
DV-13465,CA-2017-145233,105.584,9
DV-13465,CA-2015-100251,31.5,10
DV-13465,CA-2017-145233,31.152,11
DV-13465,CA-2015-146486,13.98,12
DV-13465,CA-2015-146486,12.24,13
DV-13465,CA-2017-145233,6.783,14
DW-13195,US-2016-127971,318.43,1
DW-13195,CA-2014-133158,289.24,2
DW-13195,CA-2017-101581,177.225,3
DW-13195,US-2016-127971,122.92,4
DW-13195,CA-2014-133158,69.456,5
DW-13195,CA-2014-123477,64.864,6
DW-13195,US-2017-103226,27.18,7
DW-13195,US-2016-127971,7.068,8
DW-13195,CA-2014-152849,4.368,9
DW-13480,CA-2014-131926,2001.86,1
DW-13480,CA-2014-131926,1503.25,2
DW-13480,CA-2016-164399,674.352,3
DW-13480,US-2017-132297,539.97,4
DW-13480,CA-2016-164399,203.976,5
DW-13480,CA-2014-131926,166.72,6
DW-13480,US-2017-132297,58.34,7
DW-13480,CA-2014-131926,47.88,8
DW-13480,CA-2016-101938,34.58,9
DW-13480,CA-2014-131926,25.92,10
DW-13540,CA-2017-132521,119.96,1
DW-13540,CA-2016-149902,88.04,2
DW-13540,CA-2017-148642,63.488,3
DW-13540,CA-2017-132521,31.44,4
DW-13540,CA-2016-128706,16.192,5
DW-13540,CA-2017-101210,9.728,6
DW-13540,CA-2017-132521,6.88,7
DW-13540,CA-2017-148642,4.928,8
DW-13540,CA-2017-101210,3.424,9
DW-13585,CA-2015-162950,482.94,1
DW-13585,US-2017-126060,198.272,2
DW-13585,CA-2016-148516,179.97,3
DW-13585,CA-2017-123134,129.93,4
DW-13585,US-2017-164147,78.304,5
DW-13585,US-2017-164147,59.97,6
DW-13585,CA-2014-120432,25.5,7
DW-13585,US-2017-164147,21.456,8
DW-13585,CA-2015-162950,15.552,9
DW-13585,CA-2016-165820,12.96,10
EA-14035,CA-2015-158939,599.99,1
EA-14035,CA-2016-102813,528.43,2
EA-14035,CA-2016-164924,341.991,3
EA-14035,CA-2015-154921,186.69,4
EA-14035,CA-2014-151162,179.94,5
EA-14035,CA-2016-121447,135.8,6
EA-14035,CA-2014-151162,98.376,7
EA-14035,CA-2016-108581,95.968,8
EA-14035,CA-2016-168956,92.064,9
EA-14035,CA-2014-114195,68.704,10
EA-14035,CA-2016-168956,62.958,11
EA-14035,CA-2017-121909,54.816,12
EA-14035,CA-2016-102813,41.472,13
EA-14035,CA-2014-151162,36.738,14
EA-14035,CA-2014-151162,29.94,15
EA-14035,CA-2014-114195,22.428,16
EA-14035,US-2014-156216,18.648,17
EA-14035,CA-2014-151162,17.472,18
EA-14035,CA-2016-104633,12.96,19
EA-14035,CA-2016-108581,10.368,20
EA-14035,CA-2017-154501,9.78,21
EA-14035,CA-2016-168956,6.976,22
EA-14035,CA-2016-168956,5.184,23
EA-14035,CA-2014-114195,3.132,24
EB-13705,CA-2016-128223,1293.488,1
EB-13705,CA-2017-147277,665.408,2
EB-13705,CA-2014-100090,502.488,3
EB-13705,CA-2014-129938,445.802,4
EB-13705,CA-2017-147277,284.364,5
EB-13705,CA-2015-128125,98.376,6
EB-13705,CA-2015-104493,57.504,7
EB-13705,CA-2017-107797,41.472,8
EB-13705,CA-2015-128125,22.38,9
EB-13705,US-2016-137547,21.072,10
EB-13705,CA-2017-134978,15.92,11
EB-13750,CA-2015-166947,1522.638,1
EB-13750,CA-2017-122707,477.24,2
EB-13750,CA-2017-161739,341.96,3
EB-13750,CA-2016-145548,245.646,4
EB-13750,CA-2016-166380,111.98,5
EB-13750,CA-2016-145548,92.94,6
EB-13750,US-2016-147340,63.2,7
EB-13750,CA-2016-145548,55.008,8
EB-13750,CA-2017-161459,39.96,9
EB-13750,CA-2016-145548,36,10
EB-13750,CA-2016-145548,35.232,11
EB-13750,CA-2015-128083,30.88,12
EB-13750,CA-2016-145548,28.14,13
EB-13750,CA-2016-166380,26.55,14
EB-13750,CA-2017-122707,25.98,15
EB-13750,CA-2016-137652,18.432,16
EB-13750,CA-2015-128083,8.688,17
EB-13750,CA-2015-128083,6.408,18
EB-13840,CA-2015-164301,3393.68,1
EB-13840,CA-2017-156951,451.152,2
EB-13840,CA-2016-139885,212.88,3
EB-13840,US-2014-102631,94.428,4
EB-13840,CA-2017-156951,91.84,5
EB-13840,CA-2017-156951,81.088,6
EB-13840,CA-2017-156951,19.44,7
EB-13870,CA-2015-106320,1044.63,1
EB-13870,CA-2016-144939,599.292,2
EB-13870,CA-2017-148999,419.136,3
EB-13870,US-2014-126340,333.576,4
EB-13870,CA-2014-110219,127.869,5
EB-13870,US-2015-110569,121.792,6
EB-13870,CA-2017-130967,53.982,7
EB-13870,CA-2016-159989,40.68,8
EB-13870,US-2015-110569,19.194,9
EB-13870,CA-2015-153626,5.16,10
EB-13870,CA-2017-169817,1.908,11
EB-13930,US-2017-106551,526.344,1
EB-13930,CA-2014-123400,180.96,2
EB-13930,CA-2016-122728,104.28,3
EB-13930,CA-2016-101448,56.82,4
EB-13930,US-2016-116400,39.92,5
EB-13930,CA-2014-123400,18.336,6
EB-13930,CA-2016-122728,17.94,7
EB-13975,US-2016-164630,959.968,1
EB-13975,CA-2016-135461,623.96,2
EB-13975,CA-2017-115427,20.72,3
EB-13975,US-2016-150357,20.608,4
EB-13975,CA-2017-115427,13.904,5
EB-13975,US-2016-150357,4.095,6
EB-14110,CA-2016-121370,1199.976,1
EB-14110,CA-2015-106257,479.92,2
EB-14110,CA-2016-121370,380.058,3
EB-14110,CA-2016-116561,332.94,4
EB-14110,CA-2017-149895,258.528,5
EB-14110,CA-2015-106257,241.568,6
EB-14110,CA-2015-111612,71.12,7
EB-14110,CA-2016-121370,48.576,8
EB-14110,CA-2016-116561,39.872,9
EB-14110,US-2015-153283,15.56,10
EB-14110,CA-2015-111612,3.008,11
EB-14170,CA-2014-111962,807.75,1
EB-14170,CA-2015-142930,335.52,2
EB-14170,CA-2016-143441,11.84,3
EB-14170,CA-2017-162635,10.816,4
EB-14170,CA-2014-111962,10.048,5
EB-14170,CA-2014-103086,5.312,6
EB-14170,CA-2015-148705,5.04,7
EC-14050,US-2016-169369,249.95,1
EC-14050,CA-2017-161102,56.56,2
EC-14050,US-2016-169369,49.12,3
EC-14050,CA-2017-163188,38.16,4
EC-14050,CA-2017-161102,36.96,5
EC-14050,US-2017-140074,25.68,6
EC-14050,CA-2014-139633,5.484,7
ED-13885,CA-2015-160227,2621.322,1
ED-13885,CA-2016-118311,450,2
ED-13885,CA-2015-137071,100.8,3
ED-13885,CA-2017-133102,74.592,4
ED-13885,CA-2016-149916,55.36,5
ED-13885,CA-2017-134838,44.67,6
ED-13885,CA-2017-133102,38.864,7
ED-13885,CA-2014-110352,23.68,8
ED-13885,CA-2014-110527,20.88,9
ED-13885,CA-2017-133102,16.784,10
ED-13885,CA-2017-134838,12.84,11
ED-13885,CA-2016-149916,11.56,12
ED-13885,CA-2017-133102,8.016,13
ED-13885,CA-2017-133102,5.552,14
EG-13900,US-2016-150861,542.646,1
EG-13900,US-2016-150861,400.032,2
EG-13900,CA-2017-141719,239.96,3
EG-13900,US-2017-167570,215.544,4
EG-13900,CA-2015-138625,197.72,5
EG-13900,US-2016-150861,182.72,6
EG-13900,US-2016-150861,33.63,7
EG-13900,CA-2017-114524,13.468,8
EG-13900,US-2016-150861,6.3,9
EH-13765,CA-2016-136301,4912.59,1
EH-13765,CA-2016-135776,1117.92,2
EH-13765,US-2017-111423,895.92,3
EH-13765,CA-2016-100944,563.24,4
EH-13765,US-2017-111423,462.564,5
EH-13765,US-2015-147242,361.96,6
EH-13765,US-2015-147242,278.82,7
EH-13765,CA-2016-135776,227.28,8
EH-13765,CA-2016-158155,214.7,9
EH-13765,CA-2014-138450,186.912,10
EH-13765,CA-2016-153836,114.95,11
EH-13765,CA-2016-158155,90.48,12
EH-13765,CA-2016-135776,61.96,13
EH-13765,US-2015-147242,61.96,14
EH-13765,CA-2016-155565,54.9,15
EH-13765,CA-2014-138450,52.512,16
EH-13765,US-2016-119046,51.648,17
EH-13765,CA-2016-135776,47.9,18
EH-13765,CA-2014-142979,39.68,19
EH-13765,CA-2016-135776,37.94,20
EH-13765,US-2016-119046,30.18,21
EH-13765,CA-2016-153836,28.752,22
EH-13765,CA-2016-136301,28.28,23
EH-13765,CA-2017-152499,15.12,24
EH-13765,CA-2016-158155,13.08,25
EH-13765,CA-2016-158155,12.56,26
EH-13765,US-2016-119046,11.232,27
EH-13765,CA-2014-138450,10.048,28
EH-13765,CA-2016-135776,8.82,29
EH-13765,CA-2017-152499,7.872,30
EH-13765,CA-2016-135776,4.2,31
EH-13945,US-2016-110156,100.704,1
EH-13945,CA-2016-121755,90.57,2
EH-13945,US-2016-158288,78.759,3
EH-13945,CA-2014-107594,73.98,4
EH-13945,US-2016-110156,71.96,5
EH-13945,CA-2017-153080,68.46,6
EH-13945,US-2016-110156,58.368,7
EH-13945,US-2016-110156,40.968,8
EH-13945,CA-2015-114048,29.22,9
EH-13945,CA-2017-160458,25.92,10
EH-13945,CA-2016-121755,11.648,11
EH-13945,US-2016-110156,10.78,12
EH-13945,US-2016-110156,10.368,13
EH-13945,CA-2014-107594,5.58,14
EH-13945,CA-2015-149384,3.366,15
EH-13945,US-2016-110156,2.328,16
EH-13945,US-2016-110156,1.192,17
EH-13990,CA-2016-124100,327.996,1
EH-13990,CA-2016-107790,151.192,2
EH-13990,CA-2014-103366,149.95,3
EH-13990,CA-2014-102295,120.712,4
EH-13990,CA-2014-138513,12.96,5
EH-13990,CA-2015-156510,10.76,6
EH-13990,CA-2015-156510,6.7,7
EH-14005,CA-2014-140165,398.352,1
EH-14005,CA-2017-167381,241.96,2
EH-14005,CA-2014-154592,164.88,3
EH-14005,CA-2017-133095,108.08,4
EH-14005,CA-2017-144862,104.68,5
EH-14005,CA-2017-127516,64.784,6
EH-14005,CA-2017-144862,62.958,7
EH-14005,CA-2016-152814,29.472,8
EH-14005,CA-2017-167381,27.72,9
EH-14005,CA-2017-133095,9.54,10
EH-14005,CA-2014-140165,7.104,11
EH-14125,US-2015-154389,748.752,1
EH-14125,US-2016-156097,701.372,2
EH-14125,CA-2017-124744,447.84,3
EH-14125,CA-2014-100867,321.552,4
EH-14125,CA-2016-136126,191.6,5
EH-14125,CA-2015-134201,142.04,6
EH-14125,CA-2016-104969,121.104,7
EH-14125,CA-2017-112725,120.784,8
EH-14125,CA-2017-124744,82.4,9
EH-14125,CA-2017-125752,41.424,10
EH-14125,CA-2016-146010,40.635,11
EH-14125,CA-2015-134201,14.67,12
EH-14125,CA-2017-112725,12.74,13
EH-14125,CA-2016-104969,8.872,14
EH-14125,CA-2017-112725,8.82,15
EH-14125,CA-2017-124744,6.24,16
EH-14125,US-2016-156097,2.308,17
EH-14185,CA-2016-167115,588.784,1
EH-14185,CA-2014-143840,135.98,2
EH-14185,CA-2016-160486,72.224,3
EH-14185,CA-2014-143840,44.95,4
EH-14185,CA-2014-139542,40.776,5
EH-14185,CA-2017-112984,20.544,6
EH-14185,CA-2014-105340,6.928,7
EJ-13720,CA-2017-123085,1049.44,1
EJ-13720,CA-2015-169656,422.856,2
EJ-13720,US-2014-117163,333,3
EJ-13720,CA-2017-123085,170.352,4
EJ-13720,US-2014-117163,57.23,5
EJ-13720,CA-2014-108273,56.568,6
EJ-13720,US-2014-117163,36.44,7
EJ-13720,CA-2014-108273,36.288,8
EJ-14155,CA-2016-142594,901.95,1
EJ-14155,CA-2014-105648,626.352,2
EJ-14155,CA-2017-147410,421.1,3
EJ-14155,CA-2016-142594,366.009,4
EJ-14155,CA-2016-142594,137.94,5
EJ-14155,CA-2016-142594,111.15,6
EJ-14155,CA-2017-133641,48.69,7
EJ-14155,US-2017-110989,43.5,8
EK-13795,CA-2014-111871,1198.33,1
EK-13795,CA-2015-154340,56.3,2
EK-13795,CA-2015-109113,25.488,3
EK-13795,CA-2017-108091,23.36,4
EL-13735,CA-2016-113061,86.62,1
EL-13735,CA-2017-150707,37.66,2
EM-13810,CA-2015-113404,1348.704,1
EM-13810,CA-2015-113404,700.152,2
EM-13810,CA-2015-139584,284.364,3
EM-13810,CA-2016-158358,159.98,4
EM-13810,CA-2017-137344,40.29,5
EM-13810,CA-2015-139584,26,6
EM-13810,CA-2015-142041,7.52,7
EM-13825,CA-2017-114258,492.768,1
EM-13825,CA-2017-122035,416.32,2
EM-13825,CA-2017-122035,389.97,3
EM-13825,CA-2015-149748,274.8,4
EM-13825,CA-2017-122035,182.94,5
EM-13825,CA-2015-109603,182.72,6
EM-13825,US-2017-128398,159.56,7
EM-13825,CA-2015-149748,62.18,8
EM-13825,CA-2017-122035,60.83,9
EM-13825,CA-2017-122035,43,10
EM-13825,CA-2016-136595,21.204,11
EM-13825,CA-2017-122035,14.62,12
EM-13825,CA-2016-116764,9.216,13
EM-13825,CA-2015-149748,8.28,14
EM-13825,CA-2014-103807,5.95,15
EM-13960,CA-2015-156566,572.8,1
EM-13960,CA-2017-168942,186.54,2
EM-13960,CA-2015-148873,108.768,3
EM-13960,CA-2015-119697,54.384,4
EM-13960,CA-2015-129042,8.22,5
EM-13960,CA-2015-148873,2.992,6
EM-14065,CA-2014-127691,159.98,1
EM-14065,CA-2017-149720,30.336,2
EM-14065,CA-2016-155670,11.232,3
EM-14065,CA-2017-133620,11.21,4
EM-14065,CA-2016-155670,10.272,5
EM-14065,CA-2014-127691,5.96,6
EM-14095,CA-2015-163237,494.97,1
EM-14095,US-2015-159499,325.632,2
EM-14095,CA-2017-132437,65.12,3
EM-14095,CA-2016-161669,37.44,4
EM-14095,CA-2016-161669,26.976,5
EM-14095,CA-2015-163237,25.06,6
EM-14095,US-2015-159499,23.344,7
EM-14095,US-2015-159499,16.52,8
EM-14095,CA-2016-161669,14.62,9
EM-14095,CA-2016-161669,11.36,10
EM-14140,CA-2016-139997,1499.95,1
EM-14140,CA-2017-134915,671.984,2
EM-14140,CA-2016-152730,629.1,3
EM-14140,CA-2015-146255,587.97,4
EM-14140,CA-2016-152730,364.74,5
EM-14140,CA-2016-152730,125.99,6
EM-14140,CA-2015-146255,119.85,7
EM-14140,CA-2017-134915,113.888,8
EM-14140,CA-2015-146255,69.28,9
EM-14140,CA-2016-152730,49.76,10
EM-14140,CA-2016-152730,47.4,11
EM-14140,CA-2016-152730,45.36,12
EM-14140,CA-2017-134915,41.6,13
EM-14140,CA-2017-134915,23.12,14
EM-14140,US-2016-131058,20.16,15
EM-14140,CA-2016-152730,14.7,16
EM-14140,CA-2017-134915,7.92,17
EM-14140,CA-2016-152730,5.56,18
EM-14200,CA-2017-167549,298.116,1
EM-14200,CA-2017-162033,53.25,2
EM-14200,CA-2015-141754,11.696,3
EM-14200,CA-2017-162033,3.76,4
EN-13780,CA-2016-165848,1349.85,1
EN-13780,CA-2015-103177,239.97,2
EN-13780,CA-2015-103177,160.32,3
EN-13780,CA-2016-165848,136.784,4
EN-13780,CA-2015-103177,128.85,5
EN-13780,CA-2016-126284,83.7,6
EN-13780,CA-2017-160087,23.832,7
EN-13780,CA-2016-165848,14.94,8
EP-13915,US-2016-131611,956.6648,1
EP-13915,US-2016-131611,863.128,2
EP-13915,CA-2015-163587,671.94,3
EP-13915,CA-2014-134278,559.992,4
EP-13915,CA-2017-149888,359.97,5
EP-13915,CA-2017-149888,350.352,6
EP-13915,US-2016-159856,307.92,7
EP-13915,CA-2017-122770,201.04,8
EP-13915,CA-2017-157483,181.86,9
EP-13915,CA-2017-111815,180.98,10
EP-13915,US-2016-131611,171.96,11
EP-13915,CA-2015-123330,107.976,12
EP-13915,CA-2017-111815,99.98,13
EP-13915,CA-2017-131303,62.65,14
EP-13915,US-2016-119298,59.98,15
EP-13915,US-2017-165953,47.616,16
EP-13915,US-2017-122637,42.616,17
EP-13915,CA-2017-122770,38.88,18
EP-13915,CA-2016-140641,38.19,19
EP-13915,CA-2017-102099,32.4,20
EP-13915,CA-2016-113390,27.72,21
EP-13915,US-2017-165953,23.48,22
EP-13915,CA-2015-163587,16.52,23
EP-13915,CA-2017-122770,12.96,24
EP-13915,CA-2017-102099,12.96,25
EP-13915,US-2016-131611,12.588,26
EP-13915,US-2017-125808,11.56,27
EP-13915,CA-2017-122770,8.64,28
EP-13915,CA-2017-102099,6.63,29
EP-13915,CA-2016-113390,5.344,30
EP-13915,US-2016-131611,3.564,31
ER-13855,CA-2016-162236,876.3,1
ER-13855,CA-2016-162236,185.376,2
ER-13855,CA-2016-149223,77.88,3
ER-13855,CA-2015-127019,60.984,4
ER-13855,CA-2016-162236,45.248,5
ES-14020,US-2017-163300,2357.488,1
ES-14020,US-2017-163300,369.544,2
ES-14020,CA-2016-127775,239.97,3
ES-14020,CA-2017-103499,209.568,4
ES-14020,US-2017-163300,184.752,5
ES-14020,CA-2015-142433,117.456,6
ES-14020,CA-2014-156433,21.72,7
ES-14020,CA-2014-156433,9.96,8
ES-14080,CA-2017-127397,1319.8,1
ES-14080,CA-2016-108056,859.2,2
ES-14080,CA-2015-104129,493.92,3
ES-14080,CA-2016-134936,455.97,4
ES-14080,CA-2016-136924,380.864,5
ES-14080,CA-2014-108189,318.4,6
ES-14080,CA-2014-108189,230.376,7
ES-14080,CA-2017-157469,151.188,8
ES-14080,CA-2017-127397,123.92,9
ES-14080,CA-2015-104129,105.98,10
ES-14080,CA-2017-139619,95.616,11
ES-14080,CA-2016-154998,37.94,12
ES-14080,CA-2017-157469,19.728,13
ES-14080,CA-2014-108189,15.36,14
ES-14080,CA-2014-108189,12.768,15
ES-14080,CA-2016-134936,10.44,16
ES-14080,CA-2014-108189,7.16,17
ES-14080,CA-2016-134936,5.214,18
ES-14080,CA-2014-108189,4.672,19
FA-14230,CA-2017-122364,859.2,1
FA-14230,CA-2017-122364,506.28,2
FA-14230,US-2015-131359,439.992,3
FA-14230,CA-2016-113845,289.568,4
FA-14230,CA-2016-113845,244.768,5
FA-14230,CA-2015-140718,159.84,6
FA-14230,CA-2015-108672,106.68,7
FA-14230,US-2015-131359,87.96,8
FA-14230,CA-2015-140718,74.24,9
FA-14230,US-2015-131359,59.994,10
FA-14230,CA-2015-135391,40.784,11
FA-14230,CA-2015-135391,40.096,12
FA-14230,CA-2016-113845,39.72,13
FA-14230,US-2015-131359,15.488,14
FA-14230,CA-2015-140718,9.392,15
FA-14230,CA-2014-156601,7.16,16
FA-14230,CA-2015-140718,2.892,17
FC-14245,CA-2016-147256,1927.59,1
FC-14245,CA-2016-147256,449.97,2
FC-14245,CA-2017-167640,286.93,3
FC-14245,CA-2017-167640,206.384,4
FC-14245,CA-2017-117422,161.568,5
FC-14245,CA-2017-144456,158.376,6
FC-14245,CA-2017-144456,61.68,7
FC-14245,CA-2015-149517,60.84,8
FC-14245,CA-2015-115693,56.3,9
FC-14245,CA-2017-167640,23.88,10
FC-14245,CA-2017-167640,11.52,11
FC-14245,CA-2017-117422,6.216,12
FC-14245,CA-2015-104059,3.424,13
FC-14335,CA-2017-107517,1640.7,1
FC-14335,CA-2016-138968,1352.032,2
FC-14335,CA-2017-107517,371.2,3
FC-14335,US-2014-134054,255.85,4
FC-14335,CA-2015-121405,180.96,5
FC-14335,CA-2015-138492,51.968,6
FC-14335,US-2017-126081,5.184,7
FC-14335,CA-2016-138968,4.544,8
FC-14335,CA-2015-107741,3.408,9
FG-14260,CA-2014-152443,447.86,1
FG-14260,CA-2017-127460,298.464,2
FG-14260,CA-2014-152443,245.88,3
FG-14260,CA-2017-155607,93.344,4
FG-14260,CA-2017-106033,87.92,5
FG-14260,CA-2017-101308,84.784,6
FG-14260,CA-2017-155607,58.73,7
FG-14260,CA-2014-101833,34.44,8
FG-14260,CA-2014-152443,17.94,9
FG-14260,CA-2017-101308,8.94,10
FG-14260,CA-2017-160801,4.842,11
FH-14275,CA-2017-104640,931.176,1
FH-14275,CA-2017-121503,597.132,2
FH-14275,CA-2014-100916,591.32,3
FH-14275,CA-2017-104640,430.88,4
FH-14275,CA-2017-128370,362.352,5
FH-14275,CA-2014-153808,299.97,6
FH-14275,CA-2016-152170,287.52,7
FH-14275,CA-2017-121503,273.896,8
FH-14275,CA-2014-100916,194.7,9
FH-14275,CA-2014-153808,70.95,10
FH-14275,CA-2016-152170,37.68,11
FH-14275,CA-2017-104318,20.768,12
FH-14275,CA-2016-152170,20.58,13
FH-14275,CA-2016-152170,19.98,14
FH-14275,CA-2016-152170,17.38,15
FH-14275,CA-2016-168557,8.928,16
FH-14275,CA-2017-162474,7.992,17
FH-14275,CA-2017-107832,7.476,18
FH-14275,CA-2017-128370,7.184,19
FH-14275,CA-2014-100916,2.84,20
FH-14350,CA-2017-104801,799.96,1
FH-14350,CA-2015-165624,542.94,2
FH-14350,CA-2015-165624,251.91,3
FH-14350,CA-2015-165624,193.8,4
FH-14350,CA-2017-106831,158.376,5
FH-14350,CA-2017-104801,107.53,6
FH-14350,CA-2015-165624,97.88,7
FH-14350,CA-2017-106831,27.744,8
FH-14350,CA-2015-165624,25.86,9
FH-14350,CA-2015-148859,24.816,10
FH-14350,CA-2015-165624,21.4,11
FH-14350,CA-2015-165624,8.64,12
FH-14350,CA-2017-104801,6.63,13
FH-14350,CA-2017-106831,3.798,14
FH-14365,CA-2015-111829,3149.93,1
FH-14365,CA-2015-162047,1448.82,2
FH-14365,CA-2015-111829,1247.64,3
FH-14365,CA-2014-169684,328.59,4
FH-14365,CA-2015-111829,209.7,5
FH-14365,CA-2017-121398,153.552,6
FH-14365,CA-2014-169684,98.352,7
FH-14365,CA-2016-104689,23.04,8
FH-14365,US-2017-124303,16.056,9
FH-14365,CA-2017-126676,7.98,10
FM-14215,US-2017-164056,1048.35,1
FM-14215,CA-2014-114790,587.97,2
FM-14215,CA-2017-127929,181.95,3
FM-14215,CA-2014-114790,146.76,4
FM-14215,CA-2016-104983,123.92,5
FM-14215,CA-2016-134516,98.392,6
FM-14215,CA-2016-132143,48.16,7
FM-14215,CA-2014-114790,32.96,8
FM-14215,CA-2016-124814,23.2,9
FM-14215,CA-2017-143651,23.1,10
FM-14215,CA-2016-134516,17.088,11
FM-14215,CA-2014-114790,14.94,12
FM-14215,CA-2014-114643,14.52,13
FM-14215,CA-2016-124814,12.96,14
FM-14290,CA-2016-114867,1499.97,1
FM-14290,CA-2017-146535,1443.96,2
FM-14290,US-2017-129777,258.9,3
FM-14290,CA-2014-123260,176.8,4
FM-14290,US-2017-153948,59.94,5
FM-14290,CA-2017-121160,52.752,6
FM-14290,US-2017-153948,45.36,7
FM-14290,CA-2016-155488,44.02,8
FM-14290,US-2017-153948,41.4,9
FM-14290,US-2017-153948,26.4,10
FM-14290,US-2017-129777,24.56,11
FM-14290,US-2017-153948,16.95,12
FM-14290,CA-2015-130554,11.736,13
FM-14290,CA-2016-114867,7.968,14
FM-14290,CA-2017-121160,7.536,15
FM-14290,CA-2016-103163,4.784,16
FM-14290,CA-2016-103163,4.73,17
FM-14290,CA-2017-121160,4.144,18
FM-14290,CA-2017-146535,2.88,19
FM-14290,CA-2017-121160,1.408,20
FM-14380,CA-2015-124499,389.97,1
FM-14380,CA-2015-112711,307.168,2
FM-14380,US-2016-135720,300.768,3
FM-14380,CA-2015-124499,269.91,4
FM-14380,CA-2016-146150,264.18,5
FM-14380,US-2016-135720,243.384,6
FM-14380,CA-2017-134796,148.48,7
FM-14380,CA-2016-141082,122.12,8
FM-14380,CA-2015-136147,121.104,9
FM-14380,US-2016-135720,119.8,10
FM-14380,CA-2015-136147,111.96,11
FM-14380,CA-2017-163321,79.992,12
FM-14380,CA-2016-145842,40.74,13
FM-14380,CA-2016-141082,3.69,14
FO-14305,CA-2014-132612,1441.3,1
FO-14305,US-2015-115343,617.976,2
FO-14305,CA-2017-141992,153.584,3
FO-14305,US-2017-107979,89.544,4
FO-14305,CA-2015-103093,74.52,5
FO-14305,US-2017-107979,72.588,6
FO-14305,CA-2017-144036,35.712,7
FO-14305,US-2017-107979,35.168,8
FO-14305,US-2016-142251,32.064,9
FO-14305,CA-2016-112578,27.96,10
FO-14305,CA-2016-112578,14.03,11
FO-14305,CA-2017-141992,11.184,12
FO-14305,CA-2017-106943,8.64,13
FO-14305,CA-2015-132136,8.568,14
FP-14320,CA-2016-111213,1317.492,1
FP-14320,CA-2014-138128,1079.976,2
FP-14320,US-2015-168704,609.98,3
FP-14320,CA-2017-137099,374.376,4
FP-14320,US-2015-168704,239.976,5
FP-14320,US-2015-168704,211.372,6
FP-14320,CA-2016-111213,63.84,7
FP-14320,CA-2016-125850,44.4,8
FP-14320,US-2016-153129,33.9,9
FP-14320,CA-2014-138128,30.672,10
FP-14320,CA-2016-125850,20.65,11
FP-14320,CA-2014-138737,8.64,12
FP-14320,CA-2017-113572,7.88,13
FP-14320,CA-2016-111213,3.592,14
FW-14395,CA-2016-139409,43.6,1
FW-14395,CA-2015-121552,19.56,2
FW-14395,CA-2017-118668,16.59,3
GA-14515,CA-2015-155306,1447.65,1
GA-14515,CA-2015-155306,783.96,2
GA-14515,CA-2016-132731,657.552,3
GA-14515,CA-2015-155306,323.37,4
GA-14515,CA-2017-136350,276.69,5
GA-14515,CA-2017-136350,172.764,6
GA-14515,US-2017-143175,99.87,7
GA-14515,CA-2017-138870,50.32,8
GA-14515,CA-2014-120950,43.68,9
GA-14515,CA-2017-138870,24.56,10
GA-14515,CA-2016-106915,17.856,11
GA-14515,CA-2015-155306,11.96,12
GA-14515,CA-2015-155306,5.56,13
GA-14515,CA-2014-133963,3.984,14
GA-14725,CA-2014-131247,205.666,1
GA-14725,CA-2017-114636,192.16,2
GA-14725,CA-2017-110842,121.6,3
GA-14725,CA-2014-168368,64.96,4
GA-14725,CA-2014-168368,60.89,5
GA-14725,CA-2014-168368,51.9,6
GA-14725,CA-2017-134194,44.688,7
GA-14725,CA-2017-152786,40.41,8
GA-14725,CA-2017-134194,39.582,9
GA-14725,CA-2017-134194,31.744,10
GA-14725,CA-2014-138072,27.968,11
GA-14725,CA-2017-110842,19.44,12
GA-14725,US-2015-126235,17.14,13
GA-14725,CA-2014-168368,14.94,14
GA-14725,CA-2015-149993,10.9,15
GA-14725,CA-2017-110842,10.89,16
GA-14725,CA-2014-168368,9.64,17
GA-14725,US-2015-110163,7.88,18
GA-14725,CA-2017-134194,3.168,19
GB-14530,CA-2016-159912,241.92,1
GB-14530,CA-2015-131422,207,2
GB-14530,CA-2016-149314,195.184,3
GB-14530,CA-2014-140228,177.568,4
GB-14530,CA-2016-159912,163.88,5
GB-14530,CA-2017-129028,127.95,6
GB-14530,CA-2017-160983,46.96,7
GB-14530,CA-2015-149566,39,8
GB-14530,CA-2014-140228,27.096,9
GB-14530,CA-2015-126186,24.64,10
GB-14530,CA-2015-167745,24.4,11
GB-14530,CA-2015-167745,16.9,12
GB-14530,CA-2015-149566,12.6,13
GB-14530,CA-2015-167745,11.68,14
GB-14530,CA-2016-159912,10.584,15
GB-14530,CA-2016-128923,9.392,16
GB-14530,CA-2016-128923,9.328,17
GB-14530,CA-2014-140228,6.912,18
GB-14530,CA-2016-159912,3.486,19
GB-14575,CA-2015-158421,1690.04,1
GB-14575,CA-2015-158421,887.84,2
GB-14575,CA-2015-158421,629.95,3
GB-14575,CA-2017-130309,544.38,4
GB-14575,US-2017-147984,279.9,5
GB-14575,CA-2015-158421,113.73,6
GB-14575,CA-2016-137337,113.6,7
GB-14575,CA-2015-158421,85.96,8
GB-14575,CA-2016-137337,69.456,9
GB-14575,CA-2015-158421,63.96,10
GB-14575,CA-2015-139850,43.296,11
GB-14575,CA-2015-158421,23.92,12
GB-14575,CA-2015-139850,20.736,13
GB-14575,CA-2015-158421,14.6,14
GB-14575,CA-2016-137337,12.96,15
GD-14590,CA-2017-150420,1099.5,1
GD-14590,CA-2016-121223,728.946,2
GD-14590,CA-2014-111934,35.44,3
GD-14590,CA-2014-111934,11.88,4
GD-14590,CA-2016-121223,8.448,5
GD-14590,CA-2017-162880,3.856,6
GG-14650,CA-2017-131807,435.168,1
GG-14650,CA-2014-106439,405.64,2
GG-14650,CA-2014-106439,251.91,3
GG-14650,CA-2017-131807,206.352,4
GG-14650,US-2015-136476,157.794,5
GG-14650,CA-2014-106439,146.352,6
GG-14650,CA-2016-129686,97.984,7
GG-14650,CA-2014-106439,80.3,8
GG-14650,CA-2017-131807,72.9,9
GG-14650,CA-2014-106439,64.74,10
GG-14650,CA-2016-129686,62.4,11
GG-14650,US-2017-145597,54.336,12
GG-14650,CA-2016-153353,39.99,13
GG-14650,US-2016-114776,19.44,14
GG-14650,CA-2014-106439,19.296,15
GG-14650,CA-2014-106439,15.968,16
GG-14650,CA-2017-131807,15.8,17
GG-14650,CA-2017-131807,14.9,18
GG-14650,CA-2017-118122,13.904,19
GG-14650,CA-2014-106439,12.39,20
GG-14650,CA-2017-157112,11.76,21
GG-14650,CA-2014-106439,11.34,22
GG-14650,CA-2017-157112,5.344,23
GH-14410,CA-2017-163006,1001.584,1
GH-14410,CA-2017-159282,599.985,2
GH-14410,CA-2017-163006,569.058,3
GH-14410,CA-2017-132647,166.45,4
GH-14410,US-2015-164966,155.88,5
GH-14410,CA-2014-128986,93.024,6
GH-14410,CA-2016-144540,62.79,7
GH-14410,CA-2014-114125,41.904,8
GH-14410,CA-2016-144540,28.44,9
GH-14410,US-2017-131849,26.4,10
GH-14410,CA-2014-114125,23.92,11
GH-14410,CA-2017-163006,14.224,12
GH-14410,CA-2016-118934,11.88,13
GH-14410,US-2017-131849,4.95,14
GH-14410,CA-2016-118934,4.338,15
GH-14410,CA-2014-114125,2.88,16
GH-14425,CA-2014-144414,3266.376,1
GH-14425,CA-2015-144806,206.112,2
GH-14425,CA-2015-144806,198.272,3
GH-14425,CA-2017-141138,111.79,4
GH-14425,CA-2015-144806,86.304,5
GH-14425,CA-2015-144806,19.92,6
GH-14425,CA-2014-144414,17.9,7
GH-14425,US-2015-120572,12.828,8
GH-14425,CA-2014-144414,6.24,9
GH-14485,CA-2016-117590,1097.544,1
GH-14485,CA-2016-117590,190.92,2
GH-14485,CA-2015-131352,72.78,3
GH-14665,CA-2017-136539,78.8528,1
GH-14665,CA-2015-163090,40.92,2
GH-14665,CA-2017-136539,27.168,3
GK-14620,US-2016-116729,2575.944,1
GK-14620,CA-2016-101546,1793.98,2
GK-14620,CA-2015-161767,479.988,3
GK-14620,US-2014-165862,351.216,4
GK-14620,CA-2014-164469,263.96,5
GK-14620,US-2016-116729,254.24,6
GK-14620,CA-2016-162138,251.52,7
GK-14620,CA-2015-164567,225.576,8
GK-14620,CA-2016-162138,99.99,9
GK-14620,CA-2014-164469,71.632,10
GK-14620,CA-2015-133396,64.68,11
GK-14620,US-2016-116729,45.36,12
GK-14620,CA-2017-139444,9.856,13
GK-14620,CA-2014-164469,9.328,14
GM-14440,CA-2014-154893,1325.76,1
GM-14440,CA-2016-161025,772.68,2
GM-14440,CA-2014-154893,572.16,3
GM-14440,US-2017-121251,257.568,4
GM-14440,US-2014-155544,218.376,5
GM-14440,US-2017-168613,145.764,6
GM-14440,US-2017-121251,119.96,7
GM-14440,CA-2017-146031,60.12,8
GM-14440,US-2014-155544,59.2,9
GM-14440,US-2014-155544,32.952,10
GM-14440,CA-2017-135783,18.28,11
GM-14455,CA-2017-151981,824.95,1
GM-14455,CA-2014-138940,758.352,2
GM-14455,US-2016-161396,419.4,3
GM-14455,CA-2017-122595,227.976,4
GM-14455,CA-2017-151981,227.88,5
GM-14455,US-2016-161396,205.176,6
GM-14455,CA-2016-159695,158.368,7
GM-14455,US-2014-143231,113.97,8
GM-14455,US-2014-143231,63.2,9
GM-14455,CA-2017-122595,52.68,10
GM-14455,CA-2017-151981,24.64,11
GM-14455,CA-2017-122595,2.032,12
GM-14500,CA-2015-127173,629.93,1
GM-14500,US-2017-111241,239.12,2
GM-14500,US-2017-123834,124.404,3
GM-14500,CA-2015-127173,79.056,4
GM-14500,CA-2016-137393,41.6,5
GM-14500,CA-2015-167374,40.032,6
GM-14500,CA-2015-127173,34.44,7
GM-14500,CA-2015-167374,16.776,8
GM-14500,CA-2016-119445,14.9,9
GM-14500,CA-2017-134418,12.42,10
GM-14500,CA-2015-169733,9.952,11
GM-14500,CA-2016-117625,7.072,12
GM-14500,CA-2014-141901,5.98,13
GM-14680,CA-2014-103310,1432,1
GM-14680,CA-2016-106243,523.92,2
GM-14680,CA-2016-139157,330.588,3
GM-14680,CA-2017-126144,285.576,4
GM-14680,CA-2014-103310,256.784,5
GM-14680,US-2016-139710,177.48,6
GM-14680,CA-2014-103310,41.04,7
GM-14680,CA-2014-127012,40.97,8
GM-14680,CA-2014-103310,39.96,9
GM-14680,CA-2014-127012,22.96,10
GM-14680,CA-2014-127012,12.35,11
GM-14695,CA-2014-102988,4164.05,1
GM-14695,CA-2017-102750,1322.352,2
GM-14695,CA-2016-100244,271.984,3
GM-14695,CA-2016-100244,77.52,4
GM-14695,CA-2016-100244,65.79,5
GM-14695,CA-2016-100244,48.64,6
GM-14695,CA-2014-102988,28.99,7
GM-14695,CA-2014-102988,22.96,8
GM-14695,CA-2014-102988,22.96,9
GM-14695,CA-2014-102988,12.96,10
GM-14695,CA-2016-100244,11.76,11
GP-14740,CA-2015-117961,104.9,1
GP-14740,CA-2015-117961,61.04,2
GP-14740,CA-2014-136742,44.91,3
GP-14740,CA-2015-117961,10.95,4
GR-14560,US-2014-123183,1025.88,1
GR-14560,US-2014-123183,213.08,2
GR-14560,US-2014-123183,22.5,3
GR-14560,CA-2014-103401,12.96,4
GR-14560,US-2014-123183,9.96,5
GT-14635,US-2017-168116,7999.98,1
GT-14635,CA-2014-159520,991.764,2
GT-14635,US-2017-168116,167.44,3
GT-14635,CA-2014-159520,149.544,4
GT-14635,CA-2015-144386,25.344,5
GT-14635,CA-2014-159520,17.14,6
GT-14710,CA-2014-128209,4007.84,1
GT-14710,CA-2014-128209,2152.776,2
GT-14710,CA-2015-124450,1379.92,3
GT-14710,CA-2015-124450,1267.53,4
GT-14710,CA-2017-161774,899.43,5
GT-14710,US-2016-169040,431.976,6
GT-14710,US-2016-169040,248.08,7
GT-14710,CA-2016-123274,242.94,8
GT-14710,US-2014-135881,208.16,9
GT-14710,US-2016-169040,189.7,10
GT-14710,US-2016-169040,156.792,11
GT-14710,CA-2017-161774,76.864,12
GT-14710,CA-2016-106460,70.88,13
GT-14710,US-2016-169040,59.808,14
GT-14710,CA-2017-161774,47.952,15
GT-14710,US-2016-169040,47.208,16
GT-14710,CA-2017-161774,46.2,17
GT-14710,CA-2016-123274,44.46,18
GT-14710,CA-2017-126956,37.24,19
GT-14710,US-2016-169040,35.89,20
GT-14710,CA-2017-126956,35,21
GT-14710,CA-2016-126795,33.568,22
GT-14710,CA-2015-124450,22.74,23
GT-14710,CA-2017-151190,20.07,24
GT-14710,US-2014-135881,17.96,25
GT-14710,CA-2017-126956,15.28,26
GT-14710,CA-2017-101945,10.824,27
GT-14710,CA-2017-161774,7.992,28
GT-14710,US-2014-135881,5.04,29
GT-14755,CA-2015-105725,61.06,1
GT-14755,CA-2017-104745,53.424,2
GT-14755,CA-2015-105725,35.544,3
GT-14755,CA-2017-130526,33.568,4
GT-14755,CA-2017-104745,25.92,5
GT-14755,CA-2016-130029,12.96,6
GT-14755,CA-2016-130029,3.96,7
GW-14605,CA-2017-155075,631.176,1
GW-14605,CA-2014-168312,376.509,2
GW-14605,CA-2016-108105,318.08,3
GW-14605,CA-2015-135489,279.86,4
GW-14605,CA-2014-124709,238,5
GW-14605,CA-2014-168312,137.352,6
GW-14605,CA-2016-169334,111.672,7
GW-14605,US-2017-113852,90.57,8
GW-14605,CA-2016-108105,5.8,9
GZ-14470,CA-2016-131737,971.5,1
GZ-14470,CA-2016-131737,901.95,2
GZ-14470,CA-2015-123141,883.84,3
GZ-14470,CA-2014-124723,489.23,4
GZ-14470,CA-2017-126928,480,5
GZ-14470,CA-2015-123141,230.352,6
GZ-14470,CA-2016-131737,199.9,7
GZ-14470,CA-2017-156769,54.66,8
GZ-14470,CA-2014-132500,49.98,9
GZ-14470,CA-2017-126928,34.05,10
GZ-14470,CA-2016-129903,23.92,11
GZ-14470,CA-2015-154795,14.368,12
GZ-14470,US-2017-123463,13.48,13
GZ-14470,CA-2015-154795,7.92,14
GZ-14545,US-2017-167318,1649.95,1
GZ-14545,CA-2017-140515,381.36,2
GZ-14545,US-2017-167318,362.352,3
GZ-14545,CA-2014-107153,46.26,4
GZ-14545,CA-2017-137001,14.7,5
HA-14905,CA-2017-130141,579.136,1
HA-14905,CA-2016-145611,393.25,2
HA-14905,CA-2015-134075,360.38,3
HA-14905,CA-2014-146640,334.768,4
HA-14905,CA-2017-123036,259.896,5
HA-14905,CA-2015-134075,166.5,6
HA-14905,CA-2017-123036,37.056,7
HA-14905,CA-2015-153073,17.496,8
HA-14905,CA-2015-105634,11.65,9
HA-14905,CA-2017-130141,3.168,10
HA-14920,CA-2015-110744,671.93,1
HA-14920,US-2016-113649,569.536,2
HA-14920,CA-2014-157924,433.568,3
HA-14920,CA-2015-155334,209.93,4
HA-14920,CA-2016-154018,191.976,5
HA-14920,CA-2015-136735,167.86,6
HA-14920,CA-2016-154018,139.92,7
HA-14920,US-2016-113649,44.784,8
HA-14920,CA-2014-157924,31.92,9
HA-14920,US-2016-113649,30.816,10
HA-14920,CA-2017-117044,20.544,11
HA-14920,CA-2016-154018,15.872,12
HA-14920,CA-2017-157651,14.2,13
HA-14920,CA-2015-155334,10.92,14
HA-14920,CA-2017-117044,10.528,15
HA-14920,CA-2016-154018,8.288,16
HA-14920,CA-2016-154018,6.286,17
HA-14920,CA-2015-155334,5.28,18
HD-14785,CA-2014-119172,104.58,1
HD-14785,CA-2015-162376,59.94,2
HD-14785,CA-2015-157343,25.92,3
HD-14785,CA-2015-157343,18.312,4
HD-14785,CA-2014-119172,17.472,5
HD-14785,CA-2015-162376,17.12,6
HD-14785,CA-2015-157343,8.016,7
HE-14800,CA-2017-140480,174.95,1
HE-14800,CA-2016-114944,156.512,2
HE-14800,CA-2017-140480,141.9,3
HE-14800,CA-2016-146374,109.69,4
HE-14800,CA-2017-143252,99.95,5
HE-14800,CA-2017-140480,83.92,6
HE-14800,CA-2017-140480,39.98,7
HE-14800,CA-2017-143252,29.34,8
HE-14800,CA-2017-140480,28.91,9
HE-14800,CA-2016-146374,13.4,10
HE-14800,CA-2016-146374,4.98,11
HF-14995,CA-2016-117681,556.665,1
HF-14995,CA-2016-164784,370.62,2
HF-14995,US-2016-147711,344.94,3
HF-14995,CA-2016-104276,331.023,4
HF-14995,CA-2014-153969,239.984,5
HF-14995,CA-2014-158029,225.296,6
HF-14995,CA-2016-104276,116.76,7
HF-14995,CA-2014-153969,78.35,8
HF-14995,CA-2014-153969,59.52,9
HF-14995,US-2016-147711,58.48,10
HF-14995,CA-2014-153969,38.52,11
HF-14995,CA-2017-129833,33.45,12
HF-14995,CA-2014-153969,19.35,13
HF-14995,CA-2014-153969,15.56,14
HF-14995,US-2016-147711,14.76,15
HF-14995,US-2016-147711,12.76,16
HF-14995,CA-2017-129833,10.4,17
HF-14995,CA-2016-164784,3.984,18
HF-14995,CA-2016-164784,2.742,19
HG-14845,CA-2017-141873,314.352,1
HG-14845,CA-2017-122763,274.064,2
HG-14845,CA-2017-122763,56.704,3
HG-14845,CA-2014-142727,51.96,4
HG-14845,CA-2017-141873,18.98,5
HG-14845,CA-2017-141873,18.24,6
HG-14845,CA-2017-150504,18.16,7
HG-14845,CA-2014-142727,17.94,8
HG-14845,CA-2017-141873,12.816,9
HG-14845,US-2015-161347,2.412,10
HG-14965,US-2017-122714,1889.99,1
HG-14965,CA-2016-145919,579.3,2
HG-14965,US-2017-122672,194.352,3
HG-14965,CA-2016-145919,183.84,4
HG-14965,US-2017-122672,70.72,5
HG-14965,CA-2015-169201,43.56,6
HG-14965,CA-2015-169201,43.26,7
HG-14965,CA-2016-146437,39.68,8
HG-14965,CA-2015-122168,35.76,9
HG-14965,CA-2016-109407,31.36,10
HG-14965,US-2017-160143,29.7,11
HG-14965,CA-2015-122168,17.52,12
HG-14965,CA-2015-156118,15.696,13
HG-14965,CA-2014-126480,8.56,14
HG-14965,US-2014-152723,0.876,15
HG-15025,CA-2014-163748,1999.96,1
HG-15025,CA-2015-165162,1117.92,2
HG-15025,CA-2017-169978,271.764,3
HG-15025,CA-2016-111794,79.512,4
HG-15025,US-2016-156692,71.98,5
HG-15025,CA-2017-117821,63.92,6
HG-15025,CA-2016-111794,28.352,7
HG-15025,CA-2017-146724,22,8
HG-15025,US-2016-156692,17.34,9
HG-15025,CA-2017-169978,14.376,10
HG-15025,CA-2014-163748,3.16,11
HH-15010,CA-2014-135699,109.92,1
HH-15010,CA-2017-131492,31.5,2
HH-15010,CA-2017-131492,24.368,3
HH-15010,CA-2014-135699,13.36,4
HH-15010,CA-2017-131492,8.96,5
HJ-14875,CA-2016-166772,163.88,1
HJ-14875,CA-2015-100216,54.816,2
HJ-14875,CA-2017-132584,53.72,3
HJ-14875,CA-2016-118500,49.5,4
HJ-14875,CA-2015-100216,31.104,5
HJ-14875,CA-2016-165470,5.08,6
HK-14890,US-2017-141677,2399.96,1
HK-14890,CA-2015-150875,696.42,2
HK-14890,CA-2014-144281,491.55,3
HK-14890,CA-2015-150875,304.776,4
HK-14890,CA-2015-109862,291.1,5
HK-14890,CA-2015-109862,158.99,6
HK-14890,US-2017-141677,143.96,7
HK-14890,US-2017-141677,87.168,8
HK-14890,US-2017-141677,74.352,9
HK-14890,CA-2017-124576,54.896,10
HK-14890,CA-2016-165484,54.816,11
HK-14890,CA-2016-130001,36.24,12
HK-14890,CA-2017-126382,35.168,13
HK-14890,US-2017-141677,32.232,14
HK-14890,CA-2016-165484,16.156,15
HL-15040,CA-2017-166709,10499.97,1
HL-15040,US-2014-147627,1067.94,2
HL-15040,US-2014-147627,699.93,3
HL-15040,CA-2016-101987,440.91,4
HL-15040,US-2014-147627,38.6,5
HL-15040,CA-2014-127159,34.79,6
HL-15040,US-2014-147627,23.34,7
HL-15040,US-2014-147627,22.96,8
HL-15040,CA-2017-134607,22.58,9
HL-15040,CA-2016-140634,15.648,10
HL-15040,US-2014-147627,6.63,11
HM-14860,US-2015-128587,4899.93,1
HM-14860,US-2016-110170,956.6648,2
HM-14860,CA-2014-129189,657.93,3
HM-14860,CA-2016-100510,631.96,4
HM-14860,CA-2017-125199,309.576,5
HM-14860,CA-2015-118871,271.44,6
HM-14860,CA-2017-125199,123.256,7
HM-14860,CA-2015-118871,110.352,8
HM-14860,CA-2017-127117,74.45,9
HM-14860,CA-2015-118871,36.4,10
HM-14860,CA-2017-125199,23.68,11
HM-14860,CA-2016-100510,10.02,12
HM-14860,US-2015-128587,9.68,13
HM-14860,CA-2017-132738,8.784,14
HM-14860,CA-2017-132738,7.968,15
HM-14860,CA-2017-129805,7.4,16
HM-14860,CA-2014-129189,4.992,17
HM-14860,CA-2017-146367,3.318,18
HM-14860,CA-2014-129189,1.044,19
HM-14980,CA-2015-129917,503.96,1
HM-14980,CA-2017-151281,139.58,2
HM-14980,CA-2015-129917,53.568,3
HM-14980,CA-2017-130904,20.992,4
HM-14980,CA-2015-129917,11.808,5
HM-14980,CA-2016-106075,4.616,6
HM-14980,CA-2017-130904,1.752,7
HP-14815,CA-2017-111689,1242.9,1
HP-14815,CA-2015-156853,184.66,2
HP-14815,CA-2014-121664,140.736,3
HP-14815,CA-2014-122217,111.15,4
HP-14815,CA-2017-161893,95.984,5
HP-14815,CA-2015-122259,70.12,6
HP-14815,US-2015-118983,68.81,7
HP-14815,CA-2017-111689,68.472,8
HP-14815,CA-2017-161893,4.938,9
HP-14815,US-2015-118983,2.544,10
HR-14770,CA-2015-103954,687.4,1
HR-14770,CA-2017-165904,219.184,2
HR-14770,CA-2017-113278,159.8,3
HR-14770,CA-2017-113278,67.8,4
HR-14770,CA-2017-113278,67.4,5
HR-14770,CA-2017-113278,18.96,6
HR-14770,CA-2017-113278,18.76,7
HR-14770,CA-2017-165904,16.256,8
HR-14770,CA-2017-113278,12.12,9
HR-14770,CA-2017-106964,11.808,10
HR-14770,CA-2017-113278,11.34,11
HR-14770,US-2014-143707,5.94,12
HR-14770,CA-2017-113278,2.52,13
HR-14830,US-2017-135013,2399.96,1
HR-14830,CA-2015-135538,883.84,2
HR-14830,CA-2014-127131,485.88,3
HR-14830,CA-2017-166184,469.99,4
HR-14830,CA-2015-157287,422.625,5
HR-14830,CA-2017-166184,207.846,6
HR-14830,CA-2014-127131,197.58,7
HR-14830,CA-2017-166184,47.01,8
HR-14830,CA-2015-110632,33.82,9
HR-14830,CA-2015-157287,33.568,10
HR-14830,CA-2014-127131,25.92,11
HR-14830,CA-2015-110632,15.02,12
HR-14830,CA-2015-147011,13.632,13
HR-14830,CA-2014-127131,12.096,14
HW-14935,CA-2017-121559,2405.2,1
HW-14935,CA-2017-121559,1925.88,2
HW-14935,CA-2017-121027,1496.16,3
HW-14935,CA-2017-121027,843.9,4
HW-14935,CA-2017-140326,825.174,5
HW-14935,CA-2016-140130,368.97,6
HW-14935,CA-2016-136133,355.32,7
HW-14935,CA-2016-140130,332.94,8
HW-14935,CA-2017-165491,265.93,9
HW-14935,CA-2017-105809,215.968,10
HW-14935,CA-2017-121559,83.97,11
HW-14935,CA-2017-121559,39.89,12
HW-14935,CA-2015-103072,25.92,13
HW-14935,CA-2017-105809,22.23,14
HW-14935,CA-2016-140130,21.96,15
HW-14935,CA-2017-140326,17.76,16
HW-14935,CA-2017-121559,17.38,17
HW-14935,CA-2015-103072,16.4,18
HW-14935,CA-2016-140130,12.39,19
HW-14935,CA-2017-140326,6.912,20
HZ-14950,CA-2017-124765,723.92,1
HZ-14950,CA-2017-168739,65.424,2
HZ-14950,CA-2017-157420,55.176,3
HZ-14950,US-2016-154361,21.88,4
HZ-14950,CA-2017-108931,11.56,5
HZ-14950,CA-2017-108931,8.56,6
IG-15085,CA-2015-101000,370.14,1
IG-15085,CA-2017-158743,145.85,2
IG-15085,CA-2016-159345,111.96,3
IG-15085,CA-2014-143168,61.96,4
IG-15085,CA-2017-158743,39.96,5
IG-15085,CA-2017-158743,13.36,6
IG-15085,CA-2014-143168,1.344,7
IL-15100,CA-2017-143063,1454.49,1
IL-15100,US-2015-114741,1325.85,2
IL-15100,CA-2015-156482,1268.82,3
IL-15100,CA-2015-151722,288,4
IL-15100,CA-2015-156482,283.92,5
IL-15100,CA-2017-143063,121.3,6
IL-15100,CA-2016-111318,115.136,7
IL-15100,CA-2017-143063,70.08,8
IL-15100,CA-2016-169971,62.376,9
IL-15100,CA-2014-152296,19.752,10
IL-15100,US-2015-114741,14.94,11
IL-15100,US-2015-114741,6.48,12
IL-15100,CA-2015-156482,5.68,13
IL-15100,CA-2016-169971,3.912,14
IM-15055,CA-2016-129630,2799.96,1
IM-15055,CA-2014-102645,40.08,2
IM-15055,CA-2016-124527,8.32,3
IM-15070,CA-2014-120768,1819.86,1
IM-15070,CA-2015-154956,1099.96,2
IM-15070,CA-2016-161389,407.976,3
IM-15070,CA-2015-104346,364.95,4
IM-15070,CA-2016-140501,324.9,5
IM-15070,CA-2014-120768,152.76,6
IM-15070,CA-2016-140501,146.73,7
IM-15070,CA-2016-140501,122.12,8
IM-15070,CA-2015-104346,85.056,9
IM-15070,CA-2016-109925,84.84,10
IM-15070,CA-2015-104346,69.576,11
IM-15070,CA-2015-104346,58.08,12
IM-15070,CA-2015-104346,54.92,13
IM-15070,CA-2015-104346,52.416,14
IM-15070,CA-2015-104346,27.696,15
IM-15070,CA-2016-140501,18.45,16
IM-15070,CA-2015-104346,13.12,17
IM-15070,CA-2015-100545,11.61,18
IM-15070,CA-2014-120768,7.27,19
IM-15070,CA-2015-104346,4.224,20
IM-15070,CA-2016-140501,3.96,21
JA-15970,CA-2017-158379,4663.736,1
JA-15970,CA-2014-151295,629.064,2
JA-15970,CA-2016-116526,376.74,3
JA-15970,US-2017-150070,161.568,4
JA-15970,CA-2014-131947,148.704,5
JA-15970,CA-2017-158379,79.984,6
JA-15970,CA-2014-131947,55.92,7
JA-15970,CA-2017-128335,51.55,8
JA-15970,CA-2014-131947,40.24,9
JA-15970,CA-2014-131947,38.256,10
JA-15970,CA-2014-131947,29.925,11
JA-15970,CA-2017-102414,29.592,12
JA-15970,CA-2016-116526,29.52,13
JA-15970,CA-2016-116526,26.4,14
JA-15970,CA-2016-116526,24.1,15
JA-15970,CA-2017-128335,23.34,16
JA-15970,CA-2017-152261,18.528,17
JA-15970,CA-2016-116526,11.96,18
JA-15970,CA-2014-151295,11.96,19
JA-15970,CA-2016-116526,8.78,20
JA-15970,CA-2017-158379,5.607,21
JA-15970,CA-2014-131947,5.248,22
JA-15970,CA-2017-102414,4.752,23
JB-15400,CA-2017-132339,387.99,1
JB-15400,CA-2016-165316,265.475,2
JB-15400,CA-2017-158246,215.976,3
JB-15400,CA-2017-117443,175.872,4
JB-15400,CA-2015-121608,137.62,5
JB-15400,US-2015-104185,120.33,6
JB-15400,CA-2015-121608,100.49,7
JB-15400,CA-2016-101189,93.02,8
JB-15400,CA-2015-145821,88.752,9
JB-15400,US-2014-100853,52.448,10
JB-15400,CA-2017-142125,38.82,11
JB-15400,CA-2016-165316,35.216,12
JB-15400,CA-2016-165316,23.696,13
JB-15400,CA-2017-142125,21.9,14
JB-15400,US-2014-100853,20.16,15
JB-15400,CA-2017-117443,13.84,16
JB-15925,CA-2015-169397,479.988,1
JB-15925,CA-2014-150203,250.26,2
JB-15925,CA-2015-169397,72.704,3
JB-15925,CA-2015-169397,27.168,4
JB-15925,CA-2015-169397,22.704,5
JB-15925,US-2015-167220,22.368,6
JB-15925,CA-2015-169397,19.776,7
JB-15925,CA-2015-169397,5.584,8
JB-16000,CA-2017-124674,327.7328,1
JB-16000,CA-2017-107713,174.3,2
JB-16000,US-2017-157224,56.7,3
JB-16000,CA-2016-163937,24.85,4
JB-16000,CA-2016-121993,23.616,5
JB-16000,CA-2017-168179,19.44,6
JB-16000,US-2017-159562,17.48,7
JB-16045,CA-2016-139269,1267.65,1
JB-16045,US-2016-155173,431.94,2
JB-16045,US-2016-155173,68.238,3
JB-16045,CA-2017-110625,27.46,4
JB-16045,CA-2016-139269,24.96,5
JB-16045,CA-2016-139269,19.36,6
JB-16045,US-2016-155173,2.043,7
JC-15340,US-2017-129441,47.94,1
JC-15340,CA-2016-102792,9.84,2
JC-15340,CA-2016-154536,9.555,3
JC-15385,CA-2017-108560,786.48,1
JC-15385,CA-2017-108560,50,2
JC-15385,CA-2017-108560,23.168,3
JC-15775,CA-2016-118626,705.544,1
JC-15775,CA-2017-112039,470.376,2
JC-15775,CA-2017-109393,435.999,3
JC-15775,CA-2017-121293,259.92,4
JC-15775,CA-2015-127824,249.584,5
JC-15775,US-2017-120607,195.64,6
JC-15775,CA-2014-159184,142.4,7
JC-15775,CA-2017-121293,138.588,8
JC-15775,CA-2017-118360,42.93,9
JC-15775,CA-2017-121293,37.752,10
JC-15775,CA-2017-121293,20.736,11
JC-15775,CA-2017-121293,20.096,12
JC-15775,CA-2015-127824,17.94,13
JC-15775,CA-2014-109127,17.28,14
JC-15775,CA-2015-127824,10.11,15
JC-15775,CA-2014-159184,7.16,16
JC-16105,US-2014-167738,292.272,1
JC-16105,CA-2015-149734,200.984,2
JC-16105,US-2014-167738,142.86,3
JC-16105,CA-2017-139913,69.08,4
JC-16105,CA-2014-141173,67.15,5
JC-16105,CA-2017-139913,35.88,6
JC-16105,CA-2017-139913,26.4,7
JC-16105,CA-2017-126046,12.39,8
JC-16105,CA-2017-139913,11.56,9
JD-15790,CA-2015-134719,1801.632,1
JD-15790,CA-2016-134138,227.96,2
JD-15790,US-2015-159513,71.976,3
JD-15790,CA-2017-152485,16.784,4
JD-15790,CA-2017-152485,13.12,5
JD-15790,CA-2017-143294,10.688,6
JD-15790,CA-2017-152485,10.192,7
JD-15895,CA-2016-143805,2104.55,1
JD-15895,CA-2016-144218,1085.42,2
JD-15895,CA-2014-127866,535.41,3
JD-15895,CA-2014-122336,509.97,4
JD-15895,CA-2016-168046,428.68,5
JD-15895,CA-2016-136329,408.006,6
JD-15895,CA-2016-168046,313.722,7
JD-15895,CA-2016-136329,165.28,8
JD-15895,CA-2015-127481,97.88,9
JD-15895,CA-2016-110366,82.8,10
JD-15895,CA-2016-142545,77.6,11
JD-15895,CA-2016-157161,75.98,12
JD-15895,CA-2014-138436,66.3,13
JD-15895,CA-2016-157161,60.12,14
JD-15895,CA-2016-142545,56.91,15
JD-15895,CA-2016-168046,45.98,16
JD-15895,CA-2016-168046,43.12,17
JD-15895,CA-2014-127866,41.94,18
JD-15895,CA-2016-143805,40.7,19
JD-15895,CA-2015-127481,32.4,20
JD-15895,CA-2016-142545,32.4,21
JD-15895,CA-2014-122336,30.992,22
JD-15895,CA-2016-157161,24.1,23
JD-15895,CA-2016-157161,22.32,24
JD-15895,CA-2014-122336,17.856,25
JD-15895,CA-2016-142545,14.28,26
JD-15895,CA-2014-127866,13.12,27
JD-15895,CA-2014-127866,11.96,28
JD-15895,CA-2016-157161,10.2,29
JD-15895,CA-2016-157161,6.46,30
JD-16015,CA-2017-156818,132.6,1
JD-16015,CA-2014-110611,83.92,2
JD-16015,US-2017-152569,56.704,3
JD-16015,CA-2014-148950,35.016,4
JD-16015,CA-2014-102085,29.24,5
JD-16015,CA-2017-152198,17.712,6
JD-16015,US-2017-152569,11.12,7
JD-16015,CA-2017-152198,6.258,8
JD-16015,CA-2014-148950,5.104,9
JD-16015,CA-2017-152198,4.86,10
JD-16015,CA-2014-148950,2.896,11
JD-16060,CA-2017-168123,221.16,1
JD-16060,CA-2014-123344,211.96,2
JD-16060,CA-2017-168123,127.96,3
JD-16060,US-2015-125374,107.772,4
JD-16060,CA-2017-168123,18.69,5
JD-16060,CA-2017-168123,7.9,6
JD-16150,CA-2017-168858,2504.74,1
JD-16150,CA-2017-155880,1526.56,2
JD-16150,US-2015-163279,1487.976,3
JD-16150,CA-2016-116911,1128.39,4
JD-16150,US-2015-147739,547.136,5
JD-16150,CA-2017-155880,368.97,6
JD-16150,CA-2014-119144,344.91,7
JD-16150,CA-2014-119144,305.9745,8
JD-16150,US-2015-163279,105.52,9
JD-16150,CA-2015-145184,104.97,10
JD-16150,US-2015-163279,91.96,11
JD-16150,CA-2017-155880,90.99,12
JD-16150,CA-2015-145184,83.97,13
JD-16150,CA-2014-119144,79.968,14
JD-16150,CA-2016-116911,20.416,15
JD-16150,CA-2016-147067,18.84,16
JD-16150,CA-2017-168858,16.74,17
JE-15475,CA-2016-133795,772.47,1
JE-15475,CA-2015-112116,171.96,2
JE-15475,CA-2017-132934,149.95,3
JE-15475,CA-2016-133795,72.64,4
JE-15475,CA-2017-132934,51.312,5
JE-15475,CA-2016-152632,40.2,6
JE-15475,CA-2016-133795,39.92,7
JE-15475,CA-2015-163762,29.79,8
JE-15475,US-2016-132577,24.032,9
JE-15475,US-2016-132577,23.616,10
JE-15475,US-2016-132577,6.216,11
JE-15475,US-2016-132577,4.488,12
JE-15475,US-2016-132577,2.088,13
JE-15610,CA-2017-133263,2999.95,1
JE-15610,CA-2015-121720,1123.92,2
JE-15610,CA-2015-121720,1036.624,3
JE-15610,CA-2015-121720,563.808,4
JE-15610,CA-2017-119494,523.392,5
JE-15610,US-2014-146353,269.9,6
JE-15610,CA-2015-121720,249.584,7
JE-15610,CA-2016-154081,222.384,8
JE-15610,CA-2017-166317,219.84,9
JE-15610,CA-2017-166317,98.16,10
JE-15610,CA-2017-166317,86.97,11
JE-15610,CA-2015-121720,78.6,12
JE-15610,CA-2017-133263,64.12,13
JE-15610,CA-2015-121720,60.768,14
JE-15610,CA-2015-121720,48.672,15
JE-15610,CA-2017-133263,34.54,16
JE-15610,CA-2017-166317,33.04,17
JE-15610,US-2014-146353,22.92,18
JE-15610,US-2017-136707,14.016,19
JE-15610,CA-2015-121720,3.768,20
JE-15715,CA-2016-169670,2563.056,1
JE-15715,CA-2016-105081,1747.25,2
JE-15715,CA-2016-106950,1012.68,3
JE-15715,CA-2017-126914,698.352,4
JE-15715,CA-2016-105081,698.352,5
JE-15715,CA-2016-112109,662.88,6
JE-15715,CA-2016-106950,472.518,7
JE-15715,CA-2016-106950,309.456,8
JE-15715,CA-2015-110877,150.384,9
JE-15715,CA-2017-126914,77.728,10
JE-15715,CA-2015-129770,49.12,11
JE-15715,CA-2015-110877,36.288,12
JE-15715,CA-2017-124261,34.24,13
JE-15715,CA-2016-112109,33.488,14
JE-15715,US-2017-105697,25.696,15
JE-15715,CA-2016-106950,22.911,16
JE-15715,CA-2016-112109,19.968,17
JE-15715,CA-2016-106950,19.456,18
JE-15715,CA-2016-106950,17.22,19
JE-15715,CA-2014-126200,12.384,20
JE-15715,CA-2016-112109,8.736,21
JE-15745,CA-2015-139731,2453.43,1
JE-15745,US-2015-134026,831.936,2
JE-15745,CA-2017-161053,691.96,3
JE-15745,US-2015-101511,396.802,4
JE-15745,CA-2017-129462,301.96,5
JE-15745,CA-2015-139731,263.88,6
JE-15745,CA-2014-142048,196.752,7
JE-15745,CA-2017-129462,191.98,8
JE-15745,CA-2017-129462,180.66,9
JE-15745,CA-2016-113621,179.97,10
JE-15745,CA-2016-113621,172.5,11
JE-15745,CA-2017-108070,102.833,12
JE-15745,US-2015-134026,97.04,13
JE-15745,US-2015-134026,72.784,14
JE-15745,CA-2017-129462,65.99,15
JE-15745,US-2016-162026,61.96,16
JE-15745,US-2017-141852,47.12,17
JE-15745,CA-2017-161053,34.95,18
JE-15745,US-2015-168914,20.768,19
JE-15745,US-2014-147606,19.3,20
JE-15745,US-2015-101511,15.88,21
JE-16165,CA-2016-114489,1951.84,1
JE-16165,CA-2016-114489,384.45,2
JE-16165,CA-2016-114489,171.55,3
JE-16165,CA-2016-114489,149.97,4
JE-16165,US-2017-146416,20.928,5
JE-16165,US-2017-135503,14.76,6
JE-16165,US-2017-146416,3.75,7
JF-15190,US-2016-155103,415.176,1
JF-15190,CA-2014-116407,333.056,2
JF-15190,CA-2017-121083,274.8,3
JF-15190,CA-2017-121083,257.98,4
JF-15190,CA-2017-121083,195.64,5
JF-15190,US-2017-123862,153.78,6
JF-15190,CA-2017-121083,119.04,7
JF-15190,US-2017-110646,118.65,8
JF-15190,US-2017-123862,110.11,9
JF-15190,US-2017-123862,61.02,10
JF-15190,US-2016-155103,54.96,11
JF-15190,CA-2015-105508,39.98,12
JF-15190,US-2016-155103,35.232,13
JF-15190,US-2017-110646,33.282,14
JF-15190,US-2017-123281,25.11,15
JF-15190,CA-2014-116407,24.896,16
JF-15190,US-2017-110646,14.76,17
JF-15190,US-2017-123862,7.89,18
JF-15190,CA-2014-116407,4.224,19
JF-15295,US-2017-110604,220.96,1
JF-15295,CA-2016-163594,194.352,2
JF-15295,CA-2017-122077,95.992,3
JF-15295,CA-2014-114510,82.8,4
JF-15295,CA-2014-114510,80.98,5
JF-15295,CA-2014-114510,62.048,6
JF-15295,US-2017-110604,42.624,7
JF-15295,US-2017-110604,39.96,8
JF-15295,CA-2016-163594,36.624,9
JF-15295,CA-2014-114510,33.088,10
JF-15295,CA-2014-114510,21.36,11
JF-15295,CA-2016-163594,19.44,12
JF-15295,CA-2017-122077,13.216,13
JF-15295,CA-2016-167290,11.68,14
JF-15355,CA-2015-132486,842.352,1
JF-15355,CA-2015-132486,240.784,2
JF-15355,CA-2015-132486,191.968,3
JF-15355,CA-2015-132486,148.32,4
JF-15355,CA-2017-136651,92.88,5
JF-15355,CA-2017-141103,89.95,6
JF-15355,CA-2017-136651,66.36,7
JF-15355,CA-2016-152163,58.34,8
JF-15355,CA-2017-144113,55.992,9
JF-15355,CA-2017-169474,32.67,10
JF-15355,CA-2017-136651,24.14,11
JF-15355,CA-2017-144113,17.568,12
JF-15355,CA-2016-152163,14.2,13
JF-15355,CA-2016-152163,12.96,14
JF-15355,CA-2015-132486,11.8,15
JF-15355,CA-2015-132486,11.56,16
JF-15415,US-2017-142188,1471.96,1
JF-15415,CA-2015-102855,239.94,2
JF-15415,US-2017-142188,177.568,3
JF-15415,US-2017-142188,79.96,4
JF-15415,CA-2015-105844,79.36,5
JF-15415,CA-2017-164826,72.45,6
JF-15415,US-2017-142188,71.28,7
JF-15415,CA-2014-156342,62.016,8
JF-15415,CA-2017-164826,33.264,9
JF-15415,CA-2015-102855,23.84,10
JF-15415,US-2017-142188,19.44,11
JF-15415,CA-2017-164826,14.85,12
JF-15415,CA-2017-164826,13.96,13
JF-15415,US-2014-166828,11.56,14
JF-15490,CA-2015-133445,291.168,1
JF-15490,US-2014-106334,230.28,2
JF-15490,CA-2015-141740,205.164,3
JF-15490,US-2017-162124,191.968,4
JF-15490,CA-2015-133445,66.294,5
JF-15490,CA-2016-164483,17.456,6
JF-15490,CA-2016-159653,14.73,7
JF-15490,CA-2014-117317,13.44,8
JF-15490,US-2014-106334,12.84,9
JF-15490,CA-2017-159884,10.744,10
JF-15490,US-2017-150847,10.368,11
JF-15490,CA-2017-159884,8.376,12
JF-15490,CA-2015-130736,3.96,13
JF-15490,US-2017-120649,3.52,14
JF-15490,CA-2015-130736,2.61,15
JF-15565,CA-2016-102162,1599.92,1
JF-15565,CA-2017-167941,499.584,2
JF-15565,US-2015-153374,479.952,3
JF-15565,CA-2016-105781,326.646,4
JF-15565,US-2014-126571,281.904,5
JF-15565,CA-2017-167941,259.136,6
JF-15565,CA-2015-137750,204.85,7
JF-15565,US-2014-126571,201.432,8
JF-15565,CA-2016-166373,106.08,9
JF-15565,CA-2016-105781,89.97,10
JF-15565,CA-2016-121034,53.952,11
JF-15565,CA-2017-167941,31.104,12
JF-15565,CA-2017-167941,28.272,13
JF-15565,CA-2017-167941,13.272,14
JF-15565,CA-2016-121034,11.168,15
JF-15565,CA-2016-102162,11.09,16
JG-15115,US-2014-135972,1799.97,1
JG-15115,US-2014-135972,246.384,2
JG-15115,CA-2015-123092,105.584,3
JG-15115,CA-2015-123092,95.97,4
JG-15115,CA-2015-123092,77.952,5
JG-15115,CA-2014-142951,23.472,6
JG-15115,CA-2015-123092,9.344,7
JG-15160,CA-2015-157084,1265.85,1
JG-15160,CA-2014-141796,1214.85,2
JG-15160,CA-2015-157084,675.96,3
JG-15160,CA-2015-131856,619.152,4
JG-15160,US-2017-116897,477.15,5
JG-15160,CA-2016-108434,465.18,6
JG-15160,CA-2017-118885,393.568,7
JG-15160,CA-2017-118885,302.376,8
JG-15160,US-2017-116897,302.376,9
JG-15160,CA-2016-124772,191.82,10
JG-15160,CA-2015-131856,127.904,11
JG-15160,CA-2017-138548,97.84,12
JG-15160,CA-2016-102498,73.2,13
JG-15160,CA-2014-105872,70.368,14
JG-15160,US-2017-116897,35,15
JG-15160,CA-2015-131856,21.968,16
JG-15160,CA-2016-123176,17.94,17
JG-15160,CA-2016-123176,13.89,18
JG-15310,CA-2017-119578,695.16,1
JG-15310,CA-2016-116799,563.43,2
JG-15310,CA-2017-101322,340.704,3
JG-15310,CA-2017-119578,220.98,4
JG-15310,CA-2016-129728,167.84,5
JG-15310,CA-2016-141957,99.488,6
JG-15310,CA-2016-141957,66.688,7
JG-15310,CA-2016-141957,18.656,8
JG-15310,CA-2017-103765,13.762,9
JG-15310,CA-2016-141957,11.088,10
JG-15805,CA-2016-100790,704.25,1
JG-15805,CA-2017-167899,520.05,2
JG-15805,CA-2014-132801,107.44,3
JG-15805,CA-2014-151001,52.096,4
JG-15805,CA-2014-151001,49.632,5
JG-15805,CA-2014-104829,21.98,6
JG-15805,CA-2015-120446,18.9,7
JG-15805,CA-2017-167899,17.97,8
JG-15805,CA-2016-100790,14.7,9
JH-15430,CA-2017-105620,120,1
JH-15430,US-2017-108014,59.913,2
JH-15430,CA-2017-121818,28.728,3
JH-15430,CA-2017-121818,23.968,4
JH-15430,US-2014-137680,22.776,5
JH-15430,CA-2017-105620,21,6
JH-15820,CA-2017-132122,228.92,1
JH-15820,CA-2017-117870,107.982,2
JH-15820,CA-2017-117870,71.976,3
JH-15820,US-2014-107699,57.42,4
JH-15820,CA-2015-133536,22.92,5
JH-15820,CA-2015-102778,18.176,6
JH-15820,CA-2017-117870,14.016,7
JH-15820,CA-2015-169537,7.5,8
JH-15910,CA-2016-130162,302.376,1
JH-15910,US-2017-152380,219.075,2
JH-15910,CA-2015-118843,129.93,3
JH-15910,CA-2016-130162,93.06,4
JH-15910,CA-2015-118843,69.93,5
JH-15910,CA-2015-104115,55.984,6
JH-15910,US-2017-112613,54.368,7
JH-15910,US-2016-115952,28.85,8
JH-15910,CA-2017-152226,5.904,9
JH-15985,CA-2015-116638,4297.644,1
JH-15985,CA-2014-169726,2060.744,2
JH-15985,CA-2015-109638,899.91,3
JH-15985,CA-2017-135860,131.98,4
JH-15985,CA-2015-109638,103.92,5
JH-15985,CA-2016-151372,96.08,6
JH-15985,CA-2017-135860,91.99,7
JH-15985,CA-2017-135860,83.92,8
JH-15985,CA-2016-148908,53.248,9
JH-15985,CA-2017-135860,52.29,10
JH-15985,CA-2015-109638,51.312,11
JH-15985,CA-2017-135860,15.92,12
JH-15985,CA-2016-151372,11.68,13
JH-15985,CA-2016-151372,4.36,14
JH-16180,CA-2015-138898,845.728,1
JH-16180,CA-2016-161907,769.184,2
JH-16180,CA-2015-126739,327.564,3
JH-16180,US-2016-114293,195.136,4
JH-16180,CA-2016-161907,118.782,5
JJ-15445,CA-2015-120915,307.98,1
JJ-15445,CA-2015-120915,293.52,2
JJ-15445,CA-2016-163986,54.5,3
JJ-15445,CA-2015-127418,36.624,4
JJ-15445,CA-2016-137127,9.45,5
JJ-15445,CA-2015-151785,7.104,6
JJ-15760,CA-2015-103205,119.96,1
JJ-15760,CA-2015-115091,46.2,2
JJ-15760,CA-2015-115091,28.84,3
JK-15205,CA-2015-125976,1871.88,1
JK-15205,CA-2017-123491,1702.12,2
JK-15205,CA-2014-166555,164.85,3
JK-15205,CA-2015-125976,154.9,4
JK-15205,CA-2017-123491,148.48,5
JK-15205,CA-2017-123491,71.992,6
JK-15205,CA-2015-116484,63.824,7
JK-15205,CA-2017-123491,43.86,8
JK-15205,CA-2016-116918,30.976,9
JK-15205,CA-2017-123491,19.9,10
JK-15205,CA-2016-116918,5.388,11
JK-15325,US-2014-168501,267.96,1
JK-15325,CA-2017-122007,90.86,2
JK-15325,CA-2016-158043,23.36,3
JK-15325,US-2014-168501,1.632,4
JK-15370,CA-2016-122581,573.174,1
JK-15370,CA-2015-127453,434.352,2
JK-15370,US-2014-102715,383.976,3
JK-15370,CA-2015-142027,369.912,4
JK-15370,US-2014-102715,335.944,5
JK-15370,US-2017-155999,159.96,6
JK-15370,CA-2015-127453,88.832,7
JK-15370,US-2017-103828,83.79,8
JK-15370,CA-2016-132549,73.36,9
JK-15370,US-2017-103828,59.52,10
JK-15370,CA-2017-100601,48.86,11
JK-15370,US-2017-103828,31.92,12
JK-15370,US-2017-103828,31.44,13
JK-15370,US-2017-155999,13.76,14
JK-15370,US-2014-102715,10.368,15
JK-15370,US-2014-102715,6.912,16
JK-15370,CA-2015-127453,3.552,17
JK-15625,CA-2015-113152,843.9,1
JK-15625,CA-2014-166051,659.97,2
JK-15625,CA-2017-142622,614.272,3
JK-15625,CA-2014-135608,603.92,4
JK-15625,CA-2015-113152,449.568,5
JK-15625,CA-2017-142622,199.98,6
JK-15625,CA-2014-166051,113.73,7
JK-15625,CA-2015-138331,106.8,8
JK-15625,CA-2017-142622,97.568,9
JK-15625,CA-2014-135608,45.68,10
JK-15625,CA-2014-111773,13.92,11
JK-15625,CA-2014-121727,10.72,12
JK-15640,CA-2017-168109,2395.2,1
JK-15640,CA-2017-168109,1687.8,2
JK-15640,CA-2015-143980,414.96,3
JK-15640,CA-2015-134082,110.528,4
JK-15640,CA-2017-168109,59.98,5
JK-15640,CA-2014-147900,28.8,6
JK-15640,US-2015-137533,20.736,7
JK-15640,US-2015-150231,17.52,8
JK-15640,CA-2015-157434,7.968,9
JK-15640,CA-2014-159849,5.67,10
JK-15640,CA-2015-137225,3.28,11
JK-15730,CA-2016-105256,1363.96,1
JK-15730,CA-2014-150798,909.72,2
JK-15730,CA-2014-150798,659.988,3
JK-15730,CA-2014-163468,424.116,4
JK-15730,CA-2014-163468,381.72,5
JK-15730,CA-2014-163468,292.1,6
JK-15730,US-2017-153255,239.666,7
JK-15730,CA-2016-108616,209.97,8
JK-15730,CA-2015-111199,115.296,9
JK-15730,CA-2016-108616,62.94,10
JK-15730,CA-2014-150798,36.288,11
JK-15730,CA-2016-108616,25.92,12
JK-15730,CA-2015-127607,18.864,13
JK-15730,CA-2014-163468,8.544,14
JK-15730,CA-2014-150798,8.128,15
JK-15730,CA-2017-128426,4.24,16
JK-15730,CA-2017-155936,3.036,17
JK-15730,CA-2014-163468,2.892,18
JK-15730,CA-2015-127607,2.512,19
JK-16090,CA-2017-160885,2479.96,1
JK-16090,CA-2015-107678,469.95,2
JK-16090,CA-2017-141117,217.764,3
JK-16090,CA-2015-107678,209.88,4
JK-16090,CA-2015-107678,191.96,5
JK-16090,CA-2017-141117,95.144,6
JK-16090,CA-2017-141117,39.072,7
JK-16090,CA-2017-141117,22.638,8
JK-16090,CA-2015-107678,21.3,9
JK-16120,CA-2016-150945,900.08,1
JK-16120,CA-2014-120670,799.92,2
JK-16120,CA-2017-154039,480.96,3
JK-16120,CA-2016-117849,143.7,4
JK-16120,CA-2017-154039,124.792,5
JK-16120,CA-2016-113425,113.568,6
JK-16120,US-2016-100566,83.952,7
JK-16120,CA-2017-140298,74.416,8
JK-16120,CA-2015-134859,64.944,9
JK-16120,CA-2015-130022,41.4,10
JK-16120,CA-2017-100783,30.384,11
JK-16120,CA-2015-130022,29.79,12
JK-16120,CA-2015-134859,20.736,13
JK-16120,CA-2017-140298,7.996,14
JK-16120,CA-2017-140298,6.848,15
JK-16120,CA-2017-140298,5.248,16
JK-16120,CA-2015-130022,3.75,17
JL-15130,CA-2017-150910,934.956,1
JL-15130,CA-2017-150910,59.24,2
JL-15130,CA-2017-150910,46.864,3
JL-15130,CA-2014-165428,31.104,4
JL-15130,CA-2017-120894,28.08,5
JL-15130,US-2017-100482,27.12,6
JL-15130,CA-2017-150910,26.16,7
JL-15130,CA-2017-150910,23.128,8
JL-15130,US-2017-100482,16.768,9
JL-15130,CA-2014-138198,13.904,10
JL-15130,CA-2016-138933,3.984,11
JL-15130,CA-2014-165428,3.648,12
JL-15175,CA-2017-128734,842.376,1
JL-15175,US-2014-133949,475.944,2
JL-15175,CA-2016-140977,91.475,3
JL-15175,CA-2015-158701,87.36,4
JL-15175,CA-2015-158701,56.16,5
JL-15175,US-2017-156083,9.664,6
JL-15175,CA-2017-128734,8.544,7
JL-15235,CA-2017-137631,751.984,1
JL-15235,CA-2015-137925,681.408,2
JL-15235,CA-2016-165169,360.38,3
JL-15235,US-2017-163657,236.528,4
JL-15235,US-2014-130379,75.6,5
JL-15235,US-2014-130379,29.32,6
JL-15235,CA-2015-137925,23.66,7
JL-15235,US-2017-163657,18.72,8
JL-15235,CA-2016-165169,14.94,9
JL-15235,CA-2016-165169,11.16,10
JL-15505,CA-2017-156776,1473.1,1
JL-15505,CA-2017-156776,707.88,2
JL-15505,CA-2016-138520,388.704,3
JL-15505,CA-2017-156776,207.184,4
JL-15505,CA-2014-103590,62.28,5
JL-15505,CA-2017-156776,55.76,6
JL-15505,CA-2017-156776,51.75,7
JL-15505,CA-2017-112473,50.136,8
JL-15505,CA-2016-138520,34.4,9
JL-15505,CA-2017-167976,25.5,10
JL-15505,CA-2017-156776,24.56,11
JL-15505,CA-2016-138520,17.04,12
JL-15505,CA-2014-162362,12.72,13
JL-15505,CA-2017-156776,11.952,14
JL-15505,CA-2014-162362,11.52,15
JL-15505,CA-2016-138520,8.26,16
JL-15835,CA-2014-127299,2624.985,1
JL-15835,US-2017-161935,1889.946,2
JL-15835,US-2017-167920,1399.98,3
JL-15835,US-2015-138121,546.66,4
JL-15835,CA-2017-167913,330.4,5
JL-15835,US-2015-138121,302.94,6
JL-15835,CA-2014-110849,287.968,7
JL-15835,US-2017-161935,239.456,8
JL-15835,CA-2017-164028,223.58,9
JL-15835,US-2017-167920,214.9,10
JL-15835,US-2015-138121,212.13,11
JL-15835,US-2014-138758,172.186,12
JL-15835,US-2017-167920,146.45,13
JL-15835,US-2015-138121,142.36,14
JL-15835,CA-2017-161333,139.04,15
JL-15835,CA-2017-161333,86.26,16
JL-15835,US-2014-138758,69.008,17
JL-15835,CA-2014-127299,67.344,18
JL-15835,US-2017-161935,62.04,19
JL-15835,CA-2017-161333,46.8,20
JL-15835,US-2015-138121,29.52,21
JL-15835,US-2017-167920,29.36,22
JL-15835,CA-2017-167913,26.25,23
JL-15835,US-2017-167920,15.92,24
JL-15835,US-2017-167920,15.14,25
JL-15835,US-2017-161935,13.12,26
JL-15835,CA-2014-110849,13.12,27
JL-15835,CA-2014-110849,11.62,28
JL-15835,CA-2017-105193,11.05,29
JL-15835,CA-2014-110849,10.75,30
JL-15835,US-2017-161935,9.248,31
JL-15835,CA-2016-154788,7.712,32
JL-15835,US-2017-167920,5.76,33
JL-15850,CA-2015-142944,1119.984,1
JL-15850,CA-2015-120880,540.57,2
JL-15850,CA-2015-142944,435.26,3
JL-15850,CA-2015-112557,206.43,4
JL-15850,CA-2015-120880,167.76,5
JL-15850,US-2015-142811,87.8,6
JL-15850,US-2016-150147,82.8,7
JL-15850,CA-2015-120880,32.4,8
JL-15850,US-2014-164644,26.632,9
JL-15850,US-2016-150147,20.724,10
JL-15850,US-2016-150147,4.896,11
JM-15250,CA-2017-128853,908.82,1
JM-15250,CA-2017-151750,454.56,2
JM-15250,CA-2017-105921,418.296,3
JM-15250,CA-2016-167556,414,4
JM-15250,CA-2017-151750,310.744,5
JM-15250,CA-2017-139353,147.184,6
JM-15250,CA-2017-151750,141.42,7
JM-15250,CA-2017-139353,77.952,8
JM-15250,CA-2017-119004,74.112,9
JM-15250,CA-2017-139353,47.952,10
JM-15250,CA-2016-167556,41.328,11
JM-15250,CA-2016-167556,29.8,12
JM-15250,CA-2017-119004,27.992,13
JM-15250,CA-2017-151750,15.224,14
JM-15250,CA-2016-167556,13.48,15
JM-15250,CA-2017-151750,12.736,16
JM-15250,CA-2017-151750,6.47,17
JM-15250,CA-2017-119004,3.304,18
JM-15265,CA-2016-105816,1029.95,1
JM-15265,CA-2017-149160,287.92,2
JM-15265,CA-2015-100818,173.488,3
JM-15265,CA-2014-104178,95.1,4
JM-15265,CA-2015-100818,51.56,5
JM-15265,CA-2014-104178,48.84,6
JM-15265,CA-2016-126858,31.96,7
JM-15265,CA-2017-149160,28.4,8
JM-15265,CA-2014-104178,25.92,9
JM-15265,CA-2016-105816,15.26,10
JM-15265,CA-2014-104178,6.28,11
JM-15265,CA-2015-100818,5.904,12
JM-15265,CA-2015-100818,3.564,13
JM-15535,CA-2016-157259,799.56,1
JM-15535,CA-2016-108735,257.499,2
JM-15535,CA-2014-132962,252,3
JM-15535,CA-2015-138534,195.466,4
JM-15535,CA-2015-148712,99.6,5
JM-15535,CA-2015-148712,62.296,6
JM-15535,US-2017-148866,32.4,7
JM-15535,CA-2014-132962,15.552,8
JM-15535,CA-2015-148712,10.71,9
JM-15535,CA-2017-103611,8.36,10
JM-15580,CA-2016-136021,105.552,1
JM-15580,CA-2016-155138,64.704,2
JM-15580,CA-2016-167416,54.9,3
JM-15580,CA-2016-155138,35.168,4
JM-15580,CA-2016-166625,25.06,5
JM-15580,CA-2016-136021,15.54,6
JM-15580,CA-2017-156720,3.024,7
JM-15655,US-2016-108777,383.952,1
JM-15655,CA-2017-151225,189.576,2
JM-15655,CA-2017-151225,71.96,3
JM-15655,CA-2017-115931,67.04,4
JM-15655,CA-2016-112389,40.74,5
JM-15655,CA-2017-115931,37.32,6
JM-15655,CA-2014-100363,19.008,7
JM-15655,US-2016-108777,18.693,8
JM-15655,CA-2017-115931,18.45,9
JM-15655,CA-2016-112389,11.67,10
JM-15655,CA-2017-115931,4.17,11
JM-15655,CA-2014-100363,2.368,12
JM-15865,CA-2014-144624,4548.81,1
JM-15865,US-2015-128090,1879.96,2
JM-15865,US-2015-128090,313.024,3
JM-15865,CA-2016-130393,248.43,4
JM-15865,CA-2017-166576,221.024,5
JM-15865,US-2017-109582,166.44,6
JM-15865,CA-2016-130393,85.246,7
JM-15865,CA-2015-107685,80.96,8
JM-15865,CA-2015-158148,36.27,9
JM-15865,CA-2015-107685,25.92,10
JM-15865,CA-2016-130393,11.648,11
JM-15865,US-2015-128090,5.04,12
JM-15865,US-2015-128090,2.304,13
JM-16195,CA-2014-160094,826,1
JM-16195,CA-2017-158169,542.94,2
JM-16195,CA-2015-116092,541.44,3
JM-16195,CA-2014-160094,174.95,4
JM-16195,CA-2017-151008,126.56,5
JM-16195,US-2015-136427,125.944,6
JM-16195,CA-2016-158547,123.92,7
JM-16195,CA-2014-157721,70.71,8
JM-16195,CA-2015-145485,62.8,9
JM-16195,CA-2017-158169,54.92,10
JM-16195,CA-2015-116092,41.72,11
JM-16195,CA-2017-151008,25.16,12
JM-16195,US-2016-117541,19.92,13
JM-16195,CA-2014-157721,19.9,14
JM-16195,CA-2015-116092,19.44,15
JM-16195,US-2016-117541,16.45,16
JM-16195,CA-2017-130834,16.272,17
JM-16195,CA-2015-116092,13.36,18
JM-16195,CA-2015-116092,11.52,19
JO-15145,US-2016-100461,1565.88,1
JO-15145,CA-2017-130764,556.665,2
JO-15145,CA-2017-125913,399.672,3
JO-15145,CA-2014-167486,199.9,4
JO-15145,CA-2014-159121,111.93,5
JO-15145,US-2016-100461,106.05,6
JO-15145,CA-2017-130764,95.84,7
JO-15145,CA-2016-116344,84.784,8
JO-15145,CA-2014-152562,69.52,9
JO-15145,CA-2017-125913,27.92,10
JO-15145,US-2017-168802,18.368,11
JO-15145,CA-2014-106054,12.78,12
JO-15145,CA-2014-152562,5.64,13
JO-15280,CA-2015-130890,1038.84,1
JO-15280,CA-2015-109197,487.984,2
JO-15280,CA-2017-118402,243.92,3
JO-15280,US-2016-115819,73.2,4
JO-15280,US-2016-115819,39.96,5
JO-15280,US-2016-115819,9.336,6
JO-15280,CA-2014-116673,6.16,7
JO-15280,US-2016-115819,5.84,8
JO-15280,US-2016-115819,5.46,9
JO-15280,CA-2014-112403,0.852,10
JO-15550,CA-2015-132101,453.576,1
JO-15550,CA-2015-119291,200.984,2
JO-15550,CA-2015-119291,198.272,3
JO-15550,CA-2015-119291,97.696,4
JO-15550,CA-2015-119291,47.36,5
JO-15550,US-2017-138086,40.74,6
JO-15550,CA-2017-144568,23.55,7
JO-15550,CA-2015-119291,18.588,8
JO-15550,CA-2015-119291,4.896,9
JO-15550,CA-2015-119291,2.696,10
JP-15460,CA-2016-158001,1040.8,1
JP-15460,CA-2017-156622,127.785,2
JP-15460,US-2015-137008,94.85,3
JP-15460,US-2015-137008,90,4
JP-15460,CA-2017-156622,78.304,5
JP-15460,US-2015-137008,51.12,6
JP-15460,CA-2017-156622,36.288,7
JP-15460,CA-2016-161676,33.8,8
JP-15460,CA-2016-158001,29.34,9
JP-15460,CA-2016-158001,21.3,10
JP-15460,CA-2017-104906,17.94,11
JP-15460,CA-2014-107916,13.28,12
JP-15460,CA-2014-107916,12.672,13
JP-15460,CA-2017-156622,6.104,14
JP-15520,CA-2017-117324,1089.75,1
JP-15520,CA-2014-144666,703.968,2
JP-15520,CA-2017-117324,459.92,3
JP-15520,CA-2014-144666,340.92,4
JP-15520,CA-2016-117604,239.5,5
JP-15520,CA-2014-144666,222.666,6
JP-15520,CA-2017-117324,178.11,7
JP-15520,CA-2014-144666,94.85,8
JP-15520,CA-2014-144666,92.52,9
JP-15520,CA-2017-117324,61.06,10
JP-15520,CA-2016-113117,32.4,11
JP-15520,CA-2017-117324,27.52,12
JP-15520,CA-2015-145401,14.304,13
JP-15520,CA-2017-145310,7.824,14
JP-15520,CA-2014-130918,7.632,15
JP-16135,CA-2016-146171,481.32,1
JP-16135,US-2016-111528,481.32,2
JP-16135,CA-2016-134180,470.155,3
JP-16135,CA-2016-146171,76.92,4
JP-16135,CA-2016-134180,72,5
JP-16135,CA-2017-139787,35.4,6
JP-16135,CA-2015-152513,22.848,7
JP-16135,CA-2014-113964,18.464,8
JP-16135,CA-2017-150525,13.11,9
JP-16135,CA-2016-124562,12.957,10
JP-16135,US-2017-106796,10.272,11
JP-16135,CA-2017-150525,6.56,12
JP-16135,US-2016-111528,6.384,13
JR-15670,US-2015-103471,590.058,1
JR-15670,CA-2016-122133,552.56,2
JR-15670,US-2015-103471,14.04,3
JR-15700,CA-2017-117079,863.88,1
JR-16210,CA-2015-142202,717.12,1
JR-16210,CA-2017-159506,497.94,2
JR-16210,CA-2017-143378,409.216,3
JR-16210,CA-2017-143378,191.976,4
JR-16210,CA-2017-159506,158.28,5
JR-16210,US-2016-112396,89.97,6
JR-16210,CA-2017-143378,72.588,7
JR-16210,US-2016-112396,31.86,8
JR-16210,CA-2017-143378,23.832,9
JR-16210,US-2016-114622,8.904,10
JS-15595,CA-2016-153318,783.96,1
JS-15595,US-2014-127978,302.45,2
JS-15595,US-2014-127978,44.672,3
JS-15595,CA-2017-111220,16,4
JS-15595,US-2014-127978,15.12,5
JS-15595,CA-2015-143602,13.944,6
JS-15595,CA-2017-111220,5.588,7
JS-15685,CA-2017-104864,389.056,1
JS-15685,CA-2016-155747,337.176,2
JS-15685,CA-2017-169999,129.3,3
JS-15685,CA-2017-104864,81.36,4
JS-15685,CA-2016-109806,73.584,5
JS-15685,CA-2017-104864,41.472,6
JS-15685,CA-2017-104864,20.736,7
JS-15685,CA-2017-104864,20.232,8
JS-15685,CA-2016-109806,20.1,9
JS-15685,CA-2017-169999,11.568,10
JS-15685,CA-2016-109806,6.48,11
JS-15880,US-2015-126214,1618.37,1
JS-15880,CA-2016-110492,1350.12,2
JS-15880,CA-2016-162082,241.332,3
JS-15880,CA-2016-115483,219.84,4
JS-15880,CA-2014-121769,172.11,5
JS-15880,CA-2016-162082,145.544,6
JS-15880,US-2015-126214,99.6,7
JS-15880,CA-2016-110492,15.92,8
JS-15880,CA-2016-162082,5.184,9
JS-15940,US-2015-101399,254.744,1
JS-15940,US-2016-134908,124.608,2
JS-15940,CA-2016-124016,28,3
JS-15940,CA-2014-130274,21.56,4
JS-15940,CA-2016-124016,12.201,5
JS-15940,CA-2016-124016,11.952,6
JS-15940,US-2014-166310,8.544,7
JS-15940,US-2016-134908,7.56,8
JS-16030,CA-2017-163265,600.558,1
JS-16030,CA-2016-163776,504.9,2
JS-16030,US-2017-147221,294.62,3
JS-16030,CA-2016-163776,245.94,4
JS-16030,CA-2016-160220,191.98,5
JS-16030,CA-2016-163776,185.58,6
JS-16030,CA-2016-160220,125.7,7
JS-16030,CA-2016-163776,87.92,8
JS-16030,CA-2016-163776,77.56,9
JS-16030,CA-2017-163265,50.352,10
JS-16030,CA-2017-125990,39.624,11
JS-16030,CA-2017-163265,28.032,12
JS-16030,CA-2016-160220,20.86,13
JS-16030,CA-2014-156545,19.456,14
JS-16030,CA-2017-163265,18.368,15
JS-16030,US-2017-147221,8.752,16
JS-16030,CA-2016-163776,8.6,17
JS-16030,CA-2017-163265,7.692,18
JW-15220,CA-2017-135909,5083.96,1
JW-15220,CA-2016-133935,885.528,2
JW-15220,CA-2016-133935,801.568,3
JW-15220,CA-2016-133935,368.91,4
JW-15220,CA-2017-135909,209.94,5
JW-15220,US-2015-115238,209.5,6
JW-15220,US-2017-158946,38.864,7
JW-15220,CA-2017-135909,31.984,8
JW-15220,US-2015-115238,31.4,9
JW-15220,US-2015-115238,24.3,10
JW-15220,CA-2017-116113,10.16,11
JW-15220,CA-2017-139661,9.64,12
JW-15220,US-2015-115238,9.48,13
JW-15220,US-2015-115238,6.48,14
JW-15955,CA-2017-163510,304.45,1
JW-15955,US-2015-164238,301.47,2
JW-15955,CA-2017-107209,194.848,3
JW-15955,CA-2017-166198,162.6,4
JW-15955,CA-2017-117023,104.8,5
JW-15955,CA-2017-163510,95.94,6
JW-15955,US-2015-164238,44.688,7
JW-15955,CA-2017-117023,11.68,8
JW-15955,CA-2017-166198,11.54,9
JW-15955,CA-2017-168837,9.46,10
JW-15955,CA-2016-111605,2.61,11
JW-16075,CA-2015-120621,962.08,1
JW-16075,CA-2015-120621,295.456,2
JW-16075,CA-2016-109176,79.36,3
JW-16075,CA-2015-106208,53.088,4
JW-16075,CA-2016-101385,16.56,5
JW-16075,CA-2015-120621,12.843,6
JW-16075,CA-2016-109176,9.344,7
KA-16525,CA-2017-168641,321.568,1
KA-16525,CA-2015-152611,286.79,2
KA-16525,US-2017-110996,283.92,3
KA-16525,CA-2016-124051,186.048,4
KA-16525,CA-2017-168641,167.96,5
KA-16525,CA-2014-158337,108.92,6
KA-16525,CA-2015-142993,81.96,7
KA-16525,CA-2017-116498,35.1,8
KA-16525,CA-2015-142993,17.9,9
KA-16525,CA-2017-168641,16.38,10
KA-16525,CA-2017-168641,12.96,11
KB-16240,CA-2017-162015,1287.45,1
KB-16240,CA-2017-142034,655.9,2
KB-16240,CA-2017-142034,603.92,3
KB-16240,CA-2015-102848,190.72,4
KB-16240,CA-2017-162015,168.1,5
KB-16240,CA-2016-125017,132.224,6
KB-16240,CA-2017-142034,72,7
KB-16240,CA-2015-134922,24.4,8
KB-16240,CA-2017-136238,16.032,9
KB-16240,CA-2014-101770,1.869,10
KB-16315,CA-2017-147354,479.984,1
KB-16315,US-2015-147662,323.982,2
KB-16315,US-2014-159611,182.352,3
KB-16315,US-2014-159611,118.16,4
KB-16315,CA-2016-133123,95.952,5
KB-16315,US-2015-147662,71.976,6
KB-16315,CA-2015-149587,53.34,7
KB-16315,CA-2015-131758,47.82,8
KB-16315,CA-2015-149587,32.96,9
KB-16315,CA-2017-147354,30.84,10
KB-16315,CA-2014-103331,17.34,11
KB-16315,CA-2015-111703,15.552,12
KB-16315,US-2015-147662,14.952,13
KB-16315,US-2015-147662,14.352,14
KB-16315,CA-2015-131758,13.05,15
KB-16315,CA-2015-149587,12.96,16
KB-16315,CA-2015-168277,12.39,17
KB-16315,CA-2015-111703,11.952,18
KB-16315,CA-2014-103331,10.68,19
KB-16315,CA-2014-103331,3.38,20
KB-16315,CA-2016-133123,3.204,21
KB-16315,US-2015-147662,2.286,22
KB-16405,CA-2017-161067,419.4,1
KB-16405,CA-2017-161067,181.764,2
KB-16405,CA-2015-112305,119.04,3
KB-16405,CA-2017-161067,90.801,4
KB-16405,CA-2017-101182,43.176,5
KB-16405,CA-2015-112305,22.14,6
KB-16405,CA-2015-112305,13.98,7
KB-16405,CA-2017-101182,12.96,8
KB-16405,CA-2017-161067,5.56,9
KB-16585,CA-2014-153913,1013.832,1
KB-16585,CA-2017-129357,440.19,2
KB-16585,CA-2014-149538,232.55,3
KB-16585,CA-2015-138674,159.968,4
KB-16585,CA-2014-149538,99.98,5
KB-16585,CA-2015-138674,91.176,6
KB-16585,US-2015-118906,89.82,7
KB-16585,CA-2016-116547,79.92,8
KB-16585,CA-2016-108868,70.368,9
KB-16585,CA-2016-116547,69.98,10
KB-16585,CA-2017-159352,69.93,11
KB-16585,CA-2017-129357,64.4,12
KB-16585,CA-2016-137330,60.34,13
KB-16585,CA-2016-108868,59.96,14
KB-16585,CA-2015-103716,34.65,15
KB-16585,CA-2015-103716,19.8,16
KB-16585,CA-2016-137330,19.46,17
KB-16585,CA-2014-149538,19.44,18
KB-16585,CA-2014-129168,15.552,19
KB-16585,CA-2014-149538,12.96,20
KB-16585,CA-2015-101924,9.762,21
KB-16585,CA-2015-138674,8.72,22
KB-16600,CA-2017-159156,629.95,1
KB-16600,CA-2017-158673,209.7,2
KB-16600,CA-2016-149671,61.38,3
KB-16600,CA-2015-157035,34.02,4
KB-16600,US-2017-118038,27.24,5
KB-16600,CA-2014-130960,9.84,6
KB-16600,US-2017-118038,1.248,7
KB-16600,CA-2016-168361,0.836,8
KC-16255,US-2016-138408,1319.96,1
KC-16255,CA-2015-109470,364.8,2
KC-16255,CA-2015-109470,94.74,3
KC-16255,CA-2014-163293,83.88,4
KC-16255,CA-2015-109470,76.3,5
KC-16255,US-2016-128293,64.784,6
KC-16255,CA-2015-109470,60.64,7
KC-16255,CA-2014-163293,32.97,8
KC-16255,CA-2015-159590,5.76,9
KC-16540,CA-2016-145625,3347.37,1
KC-16540,CA-2015-125416,447.93,2
KC-16540,CA-2017-108910,103.056,3
KC-16540,CA-2016-145625,7.61,4
KC-16540,CA-2016-134691,2.296,5
KC-16675,CA-2016-138695,390.272,1
KC-16675,CA-2017-142636,307.136,2
KC-16675,CA-2017-123687,208.44,3
KC-16675,CA-2017-142636,139.86,4
KC-16675,CA-2016-138695,62.192,5
KC-16675,CA-2017-123687,25.76,6
KC-16675,CA-2014-129819,12.39,7
KD-16270,US-2016-143819,4899.93,1
KD-16270,CA-2014-165309,896.99,2
KD-16270,US-2016-143819,836.592,3
KD-16270,US-2016-143819,362.92,4
KD-16270,CA-2015-110870,299.94,5
KD-16270,CA-2014-165309,262.336,6
KD-16270,CA-2014-165309,241.176,7
KD-16270,CA-2014-165309,148.48,8
KD-16270,CA-2016-119823,75.88,9
KD-16270,CA-2016-130407,75.48,10
KD-16270,CA-2014-165309,67.56,11
KD-16270,CA-2016-130407,39.98,12
KD-16270,US-2016-143819,26.38,13
KD-16270,CA-2015-110870,25.76,14
KD-16270,CA-2014-165309,21.72,15
KD-16270,CA-2014-165309,1.234,16
KD-16345,CA-2015-145814,861.76,1
KD-16345,US-2015-123218,359.058,2
KD-16345,US-2015-123218,255.968,3
KD-16345,US-2015-123218,159.984,4
KD-16345,CA-2014-113579,90.24,5
KD-16345,US-2014-138828,57.75,6
KD-16345,CA-2017-157833,51.312,7
KD-16345,CA-2017-121468,31.968,8
KD-16345,US-2014-138828,14.94,9
KD-16345,CA-2015-145814,5.984,10
KD-16495,CA-2015-114811,4643.8,1
KD-16495,CA-2015-121650,801.96,2
KD-16495,CA-2015-114811,577.764,3
KD-16495,CA-2015-114811,549.98,4
KD-16495,CA-2017-104619,276.784,5
KD-16495,CA-2016-123337,273.666,6
KD-16495,CA-2015-121650,191.96,7
KD-16495,CA-2017-104619,110.352,8
KD-16495,US-2016-113985,104.184,9
KD-16495,CA-2017-100825,99.87,10
KD-16495,CA-2014-125136,96.256,11
KD-16495,CA-2015-114811,67.15,12
KD-16495,US-2015-148817,63.96,13
KD-16495,US-2015-148817,61.68,14
KD-16495,US-2016-113985,59.7,15
KD-16495,CA-2015-125066,56.3,16
KD-16495,CA-2017-104619,25.86,17
KD-16495,US-2016-113985,24.704,18
KD-16495,CA-2017-167542,17.544,19
KD-16495,CA-2016-123337,17.48,20
KD-16495,US-2016-113985,14.52,21
KD-16495,CA-2015-114811,11.82,22
KD-16495,CA-2014-125136,10.688,23
KD-16495,CA-2016-117226,6.924,24
KD-16495,CA-2015-125066,6.16,25
KD-16495,CA-2015-121650,3.9,26
KD-16495,US-2016-104794,3.68,27
KD-16495,CA-2015-121650,2.61,28
KD-16615,US-2015-129007,717.72,1
KD-16615,CA-2017-129294,310.12,2
KD-16615,US-2015-129007,209.7,3
KD-16615,US-2015-129007,207.35,4
KD-16615,US-2016-102141,146.688,5
KD-16615,CA-2017-129294,140.67,6
KD-16615,US-2015-129007,131.88,7
KD-16615,CA-2016-144792,111.888,8
KD-16615,CA-2017-155712,107.648,9
KD-16615,CA-2017-129294,70.464,10
KD-16615,US-2015-129007,44.67,11
KD-16615,US-2015-129007,25.032,12
KD-16615,CA-2017-129294,19.68,13
KE-16420,US-2015-166520,599.9,1
KE-16420,CA-2017-113873,205.9992,2
KE-16420,CA-2014-120096,177.536,3
KE-16420,US-2014-109162,170.352,4
KE-16420,CA-2014-112291,159.98,5
KE-16420,US-2015-166520,80.88,6
KE-16420,CA-2014-112291,62.31,7
KE-16420,CA-2017-113873,61.792,8
KE-16420,US-2015-163685,42.24,9
KE-16420,CA-2014-120096,32.432,10
KE-16420,CA-2017-147550,11.352,11
KE-16420,CA-2014-112291,11.16,12
KE-16420,US-2015-163685,5.728,13
KE-16420,CA-2016-140417,5.022,14
KF-16285,CA-2016-159016,4158.912,1
KF-16285,CA-2017-112333,2591.56,2
KF-16285,CA-2017-149559,2054.272,3
KF-16285,CA-2014-132451,585.552,4
KF-16285,US-2017-148362,443.92,5
KF-16285,CA-2017-166296,314.55,6
KF-16285,US-2017-148362,169.99,7
KF-16285,US-2017-132675,89.9,8
KF-16285,CA-2017-112333,41.95,9
KF-16285,US-2017-148362,25.92,10
KF-16285,CA-2017-149559,22.18,11
KF-16285,CA-2014-132451,19.44,12
KF-16285,US-2017-132675,15.75,13
KF-16285,US-2017-132675,15.51,14
KF-16285,CA-2016-159016,14.9,15
KF-16285,US-2017-132675,14.28,16
KF-16285,CA-2017-149559,12.96,17
KF-16285,US-2017-132675,12.72,18
KH-16330,CA-2014-140396,833.94,1
KH-16330,CA-2017-128944,760.116,2
KH-16330,CA-2017-120404,569.99,3
KH-16330,CA-2016-153577,539.658,4
KH-16330,CA-2016-157763,140.81,5
KH-16330,CA-2017-128944,122.328,6
KH-16330,CA-2014-138359,66.96,7
KH-16330,CA-2017-120404,50.97,8
KH-16330,CA-2014-160738,45.248,9
KH-16330,CA-2017-128944,38.784,10
KH-16330,CA-2016-153577,37.464,11
KH-16330,CA-2014-140396,34.74,12
KH-16330,CA-2014-140396,25.92,13
KH-16330,CA-2017-158120,19.608,14
KH-16330,CA-2014-140396,12.96,15
KH-16330,CA-2014-138359,6.24,16
KH-16330,CA-2017-158120,4.158,17
KH-16330,CA-2017-120404,2.97,18
KH-16360,US-2017-158526,1207.84,1
KH-16360,CA-2016-137743,1036.624,2
KH-16360,US-2017-158526,300.98,3
KH-16360,US-2017-158526,258.75,4
KH-16360,CA-2014-127166,107.772,5
KH-16360,CA-2014-127166,56.064,6
KH-16360,US-2017-158526,34.58,7
KH-16360,CA-2017-131156,25.472,8
KH-16360,CA-2014-118304,19.98,9
KH-16360,CA-2014-127166,18.24,10
KH-16360,US-2017-158526,12.53,11
KH-16360,CA-2016-137743,9.248,12
KH-16360,CA-2016-101469,7.7,13
KH-16360,CA-2014-127166,4.832,14
KH-16510,CA-2017-117457,1336.829,1
KH-16510,CA-2017-117457,1199.976,2
KH-16510,CA-2017-117457,1004.024,3
KH-16510,CA-2015-104948,683.332,4
KH-16510,CA-2015-133242,467.97,5
KH-16510,CA-2015-133242,450.04,6
KH-16510,CA-2017-117457,179.95,7
KH-16510,CA-2017-117457,113.568,8
KH-16510,CA-2014-152233,99.98,9
KH-16510,CA-2015-133242,60.84,10
KH-16510,CA-2017-117457,55.98,11
KH-16510,CA-2015-133242,34.6,12
KH-16510,CA-2015-133242,33.02,13
KH-16510,US-2014-109036,31.05,14
KH-16510,CA-2014-138023,30.96,15
KH-16510,CA-2015-104948,29.96,16
KH-16510,CA-2017-117457,28.35,17
KH-16510,CA-2017-117457,27.15,18
KH-16510,CA-2017-111262,26.176,19
KH-16510,CA-2017-111262,24,20
KH-16510,CA-2017-111262,15.552,21
KH-16510,CA-2015-104948,9.872,22
KH-16510,CA-2017-117457,9.68,23
KH-16630,CA-2015-109575,1259.93,1
KH-16630,CA-2014-102673,978.84,2
KH-16630,CA-2015-109575,636.86,3
KH-16630,CA-2015-109575,499.99,4
KH-16630,CA-2017-166898,143.952,5
KH-16630,CA-2017-147403,85.056,6
KH-16630,CA-2015-109575,65.08,7
KH-16630,CA-2016-100153,63.88,8
KH-16630,CA-2014-102673,47.808,9
KH-16630,CA-2015-109575,41.96,10
KH-16630,CA-2017-164049,23.85,11
KH-16630,CA-2017-166898,19.44,12
KH-16630,CA-2016-103037,15.712,13
KH-16630,CA-2015-132633,12.144,14
KH-16630,CA-2014-102673,10.272,15
KH-16630,CA-2014-102673,7.52,16
KH-16630,CA-2017-152275,6.672,17
KH-16690,CA-2014-163223,3499.93,1
KH-16690,CA-2017-163979,725.84,2
KH-16690,CA-2015-150714,718.64,3
KH-16690,CA-2015-150714,203.88,4
KH-16690,CA-2015-150714,146.544,5
KH-16690,CA-2015-150714,131.904,6
KH-16690,CA-2014-163223,122.97,7
KH-16690,CA-2017-118864,119.96,8
KH-16690,CA-2016-103891,95.76,9
KH-16690,CA-2015-119102,51.45,10
KH-16690,CA-2014-163223,14.4,11
KH-16690,CA-2015-150714,14.301,12
KH-16690,US-2015-120957,12.96,13
KH-16690,CA-2014-163223,9.32,14
KL-16555,CA-2017-147760,1359.96,1
KL-16555,US-2014-141215,797.944,2
KL-16555,CA-2017-147760,523.764,3
KL-16555,CA-2014-111451,300.416,4
KL-16555,CA-2014-111451,230.352,5
KL-16555,CA-2014-111451,218.352,6
KL-16555,US-2016-153815,207.984,7
KL-16555,CA-2017-147333,159.8,8
KL-16555,CA-2017-160395,159.768,9
KL-16555,US-2014-141215,99.918,10
KL-16555,CA-2017-103478,94.192,11
KL-16555,US-2016-153815,88.768,12
KL-16555,CA-2014-111451,78.6,13
KL-16555,CA-2017-147333,44.75,14
KL-16555,US-2016-153815,36.112,15
KL-16555,US-2016-153815,35.568,16
KL-16555,CA-2014-111451,27.552,17
KL-16555,US-2014-141215,8.568,18
KL-16555,US-2016-129469,4.912,19
KL-16555,CA-2017-160395,3.64,20
KL-16555,CA-2017-103478,2.864,21
KL-16645,CA-2014-143917,8187.65,1
KL-16645,CA-2016-133725,1979.928,2
KL-16645,CA-2016-133550,635.96,3
KL-16645,CA-2017-112900,478.24,4
KL-16645,CA-2016-157749,419.68,5
KL-16645,CA-2015-115798,377.97,6
KL-16645,CA-2014-154641,375.34,7
KL-16645,CA-2015-115798,299.97,8
KL-16645,CA-2016-133550,283.14,9
KL-16645,CA-2016-133550,272.94,10
KL-16645,CA-2016-157749,177.225,11
KL-16645,CA-2016-133550,118.99,12
KL-16645,CA-2015-115798,89.98,13
KL-16645,CA-2014-143917,77.92,14
KL-16645,CA-2014-143917,53.72,15
KL-16645,CA-2017-164042,48.816,16
KL-16645,CA-2015-115798,42.28,17
KL-16645,CA-2016-157749,31.984,18
KL-16645,CA-2016-157742,27.792,19
KL-16645,CA-2016-157749,25.92,20
KL-16645,US-2017-140312,22,21
KL-16645,CA-2017-164042,18.32,22
KL-16645,CA-2016-157749,11.688,23
KL-16645,CA-2016-157749,7.408,24
KL-16645,CA-2016-157749,4.044,25
KL-16645,CA-2017-164042,1.824,26
KL-16645,CA-2017-164042,1.188,27
KM-16225,CA-2015-108665,601.65,1
KM-16225,US-2015-138093,542.94,2
KM-16225,CA-2017-137463,189.95,3
KM-16225,CA-2015-108665,155.82,4
KM-16225,CA-2017-137463,149.95,5
KM-16225,US-2015-138093,134.99,6
KM-16225,CA-2015-108665,124.95,7
KM-16225,CA-2017-137463,44.4,8
KM-16225,CA-2016-119935,37.3,9
KM-16225,CA-2017-137463,29.95,10
KM-16225,CA-2017-116358,27.78,11
KM-16225,US-2015-138093,27.36,12
KM-16225,US-2015-138093,26.4,13
KM-16225,CA-2017-116358,18.24,14
KM-16225,CA-2015-108665,13.96,15
KM-16225,CA-2017-137463,5.984,16
KM-16225,CA-2017-148012,2.624,17
KM-16375,CA-2014-133592,1687.8,1
KM-16375,CA-2014-143903,981.372,2
KM-16375,CA-2014-133592,605.88,3
KM-16375,CA-2017-135937,386.91,4
KM-16375,CA-2014-143903,342.864,5
KM-16375,CA-2014-133592,341.96,6
KM-16375,CA-2017-135937,333.576,7
KM-16375,CA-2016-159212,251.79,8
KM-16375,CA-2015-163734,228.92,9
KM-16375,CA-2014-133592,195.64,10
KM-16375,CA-2017-135937,68.704,11
KM-16375,CA-2017-135937,51.168,12
KM-16375,CA-2015-148628,32.75,13
KM-16375,CA-2017-135937,31.992,14
KM-16375,CA-2016-159212,21.8,15
KM-16375,CA-2014-143903,16.74,16
KM-16375,CA-2014-133592,14.94,17
KM-16375,CA-2017-135937,10.64,18
KM-16375,CA-2017-159135,4.3,19
KM-16660,CA-2017-154116,196.776,1
KM-16660,US-2015-168732,101.94,2
KM-16660,CA-2017-154116,54.32,3
KM-16660,US-2015-168732,25.92,4
KM-16660,CA-2017-154116,22.83,5
KM-16660,CA-2016-132990,19.312,6
KM-16660,CA-2016-140046,18.9,7
KM-16660,CA-2014-133543,11.76,8
KM-16660,US-2015-168732,1.78,9
KM-16720,CA-2017-167395,979.95,1
KM-16720,CA-2014-126760,911.984,2
KM-16720,CA-2014-126760,674.352,3
KM-16720,CA-2016-109666,459.88,4
KM-16720,CA-2014-100678,317.058,5
KM-16720,CA-2017-167395,286.86,6
KM-16720,CA-2014-100678,227.976,7
KM-16720,CA-2014-126760,170.97,8
KM-16720,CA-2014-100678,149.352,9
KM-16720,CA-2015-135545,146.73,10
KM-16720,CA-2014-126760,134.01,11
KM-16720,CA-2015-135545,79.76,12
KM-16720,CA-2016-109666,71.96,13
KM-16720,CA-2016-109666,54.9,14
KM-16720,CA-2014-169033,49.65,15
KM-16720,US-2014-157021,29.6,16
KM-16720,CA-2016-109666,25.98,17
KM-16720,CA-2015-135545,25.824,18
KM-16720,US-2015-106873,23.2,19
KM-16720,US-2014-157021,17.088,20
KM-16720,US-2015-106873,16.464,21
KM-16720,US-2015-106873,14.576,22
KM-16720,CA-2015-135545,13.98,23
KM-16720,CA-2016-109666,9.28,24
KM-16720,CA-2016-109666,7.76,25
KM-16720,CA-2017-167395,4.36,26
KM-16720,CA-2016-109666,3.28,27
KM-16720,CA-2014-100678,2.688,28
KN-16390,CA-2015-154823,598.458,1
KN-16390,CA-2015-109001,466.158,2
KN-16390,CA-2017-113908,384.768,3
KN-16390,CA-2015-132388,362.136,4
KN-16390,CA-2017-113460,272.97,5
KN-16390,CA-2017-129581,128.85,6
KN-16390,CA-2014-132864,119.8,7
KN-16390,CA-2017-113908,78.66,8
KN-16390,CA-2017-140802,47.976,9
KN-16390,CA-2017-113908,45.36,10
KN-16390,CA-2015-132388,31.05,11
KN-16390,CA-2015-154823,25.984,12
KN-16390,CA-2017-140802,20.736,13
KN-16390,CA-2015-154823,12.828,14
KN-16390,CA-2015-109001,10.312,15
KN-16390,CA-2017-164959,8.67,16
KN-16390,CA-2015-109001,2.556,17
KN-16450,CA-2014-154599,1075.088,1
KN-16450,CA-2014-154599,438.368,2
KN-16450,CA-2014-154599,308.499,3
KN-16450,CA-2017-155621,274.2,4
KN-16450,CA-2015-123456,48.632,5
KN-16450,CA-2014-154599,18.088,6
KN-16450,CA-2015-155145,7.92,7
KN-16450,CA-2014-112718,1.167,8
KN-16705,CA-2017-126067,1137.75,1
KN-16705,CA-2014-157609,471.92,2
KN-16705,US-2014-143287,223.92,3
KN-16705,CA-2017-126067,99.68,4
KN-16705,CA-2015-105613,73.164,5
KN-16705,CA-2014-107524,36.4,6
KN-16705,CA-2017-126067,35.168,7
KN-16705,CA-2015-105613,27.696,8
KN-16705,CA-2017-138422,14.352,9
KN-16705,CA-2014-107524,11.36,10
KN-16705,US-2014-143287,7.3,11
KN-16705,CA-2017-126067,5.56,12
KN-16705,CA-2017-102554,3.76,13
KS-16300,CA-2017-155824,48.784,1
KS-16300,CA-2015-155124,16.776,2
KS-16300,CA-2017-155824,13.092,3
KS-16300,CA-2015-169677,9.82,4
KT-16465,CA-2014-146283,966.7,1
KT-16465,CA-2016-112669,933.536,2
KT-16465,US-2016-133879,528.43,3
KT-16465,CA-2014-146283,182.112,4
KT-16465,US-2014-151925,145.568,5
KT-16465,CA-2016-112060,104.85,6
KT-16465,US-2014-117170,47.984,7
KT-16465,CA-2015-158456,45.92,8
KT-16465,CA-2016-112669,42.976,9
KT-16465,CA-2015-158456,19.936,10
KT-16465,CA-2014-146283,17.904,11
KT-16465,US-2016-133879,13.392,12
KT-16465,US-2014-117170,4.624,13
KT-16465,US-2016-133879,3.168,14
KT-16480,CA-2014-116666,1799.97,1
KT-16480,CA-2016-146206,719.96,2
KT-16480,CA-2014-155887,700.056,3
KT-16480,US-2014-140116,636.408,4
KT-16480,CA-2016-146206,300.93,5
KT-16480,CA-2017-142461,204.6664,6
KT-16480,US-2014-140116,83.168,7
KT-16480,CA-2017-123351,80.48,8
KT-16480,CA-2015-132570,79.96,9
KT-16480,CA-2017-105326,25.92,10
KT-16480,CA-2017-126718,4.91,11
KT-16480,CA-2017-159107,2.88,12
KT-16480,CA-2015-132570,2.78,13
KW-16435,CA-2015-102491,3080,1
KW-16435,CA-2015-102491,587.97,2
KW-16435,CA-2017-144904,488.646,3
KW-16435,CA-2015-102491,79.96,4
KW-16435,CA-2016-146682,67,5
KW-16435,CA-2017-144904,47.12,6
KW-16435,CA-2017-115805,36.792,7
KW-16435,CA-2017-144904,20.7,8
KW-16435,CA-2017-144904,5.56,9
KW-16435,US-2015-149692,2.772,10
KW-16570,CA-2015-102722,106.5,1
KW-16570,CA-2014-140886,69.216,2
KW-16570,US-2015-158589,32.04,3
KW-16570,US-2015-124219,28.4,4
LA-16780,CA-2016-122903,3504.9,1
LA-16780,CA-2014-163552,854.94,2
LA-16780,CA-2014-107811,561.584,3
LA-16780,CA-2016-132829,453.576,4
LA-16780,CA-2016-164091,437.85,5
LA-16780,CA-2016-108882,377.928,6
LA-16780,CA-2016-108882,349.95,7
LA-16780,CA-2016-122903,314.55,8
LA-16780,CA-2016-132829,287.88,9
LA-16780,CA-2016-123806,207.76,10
LA-16780,CA-2014-163552,197.97,11
LA-16780,CA-2014-163552,177.2,12
LA-16780,CA-2016-122903,144.12,13
LA-16780,CA-2016-132829,131.88,14
LA-16780,CA-2017-130771,124.792,15
LA-16780,CA-2014-163552,124.11,16
LA-16780,CA-2016-164091,109.48,17
LA-16780,CA-2014-107811,99.92,18
LA-16780,CA-2016-132829,45.36,19
LA-16780,CA-2016-155187,41.96,20
LA-16780,CA-2015-125395,41.9,21
LA-16780,CA-2015-129700,22.288,22
LA-16780,CA-2014-163552,14.4,23
LA-16780,CA-2017-130771,2.896,24
LA-16780,CA-2016-132829,2.328,25
LB-16735,CA-2017-154088,26.72,1
LB-16735,CA-2016-111115,21.48,2
LB-16735,CA-2017-160045,1.988,3
LB-16795,US-2016-155768,1112.94,1
LB-16795,CA-2017-147032,849.95,2
LB-16795,US-2016-157490,703.71,3
LB-16795,CA-2016-131968,671.544,4
LB-16795,CA-2017-118199,286.85,5
LB-16795,US-2014-150119,281.372,6
LB-16795,US-2014-150119,281.372,7
LB-16795,CA-2017-118199,199.98,8
LB-16795,CA-2017-118199,147.92,9
LB-16795,CA-2017-118199,104.28,10
LB-16795,US-2016-157490,67.96,11
LB-16795,CA-2017-118199,66.96,12
LB-16795,US-2016-155768,47.9,13
LB-16795,US-2016-155768,31.96,14
LB-16795,US-2016-155768,22.92,15
LB-16795,US-2014-150119,22.336,16
LB-16795,US-2016-157490,17.904,17
LB-16795,CA-2016-124583,12.78,18
LB-16795,US-2016-157490,11.976,19
LB-16795,CA-2017-147032,11.54,20
LB-16795,CA-2017-147032,11.01,21
LB-16795,CA-2016-131968,9.888,22
LB-16795,US-2014-150119,7.488,23
LB-16795,US-2016-162103,3.136,24
LC-16870,CA-2015-150770,339.96,1
LC-16870,CA-2017-113705,332.94,2
LC-16870,CA-2017-113705,292.1,3
LC-16870,US-2015-156867,238.896,4
LC-16870,CA-2017-113705,206.1,5
LC-16870,CA-2016-110898,159.04,6
LC-16870,CA-2016-110898,145.98,7
LC-16870,CA-2016-111283,111.104,8
LC-16870,US-2015-156867,102.36,9
LC-16870,CA-2017-118017,102.336,10
LC-16870,CA-2017-118017,76.752,11
LC-16870,US-2017-125647,73.176,12
LC-16870,CA-2015-150770,62.496,13
LC-16870,CA-2015-150770,49.568,14
LC-16870,CA-2017-118017,47.32,15
LC-16870,US-2017-125647,39.984,16
LC-16870,CA-2017-118017,23.376,17
LC-16870,US-2017-125647,20.736,18
LC-16870,CA-2017-113705,17.76,19
LC-16870,CA-2017-118017,16.72,20
LC-16870,CA-2017-118017,16.192,21
LC-16870,CA-2017-118017,13.344,22
LC-16870,CA-2017-118017,10.32,23
LC-16870,CA-2015-150770,8.82,24
LC-16870,CA-2017-113705,8.26,25
LC-16870,CA-2016-167584,6.48,26
LC-16870,CA-2016-110898,2.334,27
LC-16870,CA-2016-110898,1.728,28
LC-16885,US-2015-163825,3050.376,1
LC-16885,CA-2014-139192,1113.504,2
LC-16885,US-2017-113992,974.988,3
LC-16885,CA-2015-124058,572.16,4
LC-16885,CA-2016-107146,483.136,5
LC-16885,CA-2014-110100,302.376,6
LC-16885,CA-2015-157133,151.96,7
LC-16885,US-2015-163825,133.98,8
LC-16885,CA-2017-157448,119.94,9
LC-16885,CA-2014-139192,99.99,10
LC-16885,CA-2016-145583,76.176,11
LC-16885,CA-2015-124058,72.744,12
LC-16885,CA-2016-145583,65.88,13
LC-16885,CA-2016-145583,43.12,14
LC-16885,CA-2016-145583,35.44,15
LC-16885,CA-2016-103359,25.584,16
LC-16885,CA-2016-145583,20.04,17
LC-16885,CA-2017-143861,17.088,18
LC-16885,CA-2017-157448,12.42,19
LC-16885,CA-2016-145583,11.52,20
LC-16885,CA-2015-106362,10.332,21
LC-16885,CA-2016-145583,4.02,22
LC-16930,CA-2016-107202,2396.4,1
LC-16930,CA-2016-152289,1024.716,2
LC-16930,US-2017-137491,305.312,3
LC-16930,CA-2016-111913,302.384,4
LC-16930,CA-2016-152289,159.984,5
LC-16930,CA-2017-120999,147.168,6
LC-16930,CA-2014-109491,62.31,7
LC-16930,CA-2016-111913,20.952,8
LC-16930,CA-2016-143476,20.736,9
LC-16930,CA-2014-109491,20.32,10
LC-16930,CA-2016-143476,9.568,11
LC-16930,CA-2017-167080,8.4,12
LC-16930,CA-2016-143476,2.912,13
LC-16960,CA-2015-111038,2676.672,1
LC-16960,US-2016-139262,432.456,2
LC-16960,CA-2016-105753,61.1,3
LC-16960,US-2016-139262,34.86,4
LC-16960,CA-2015-132276,26.88,5
LC-16960,CA-2015-132276,10.896,6
LC-16960,US-2016-139262,3.762,7
LC-17050,CA-2016-118514,866.4,1
LC-17050,CA-2014-129147,539.964,2
LC-17050,CA-2014-115161,290.666,3
LC-17050,CA-2017-137498,243.92,4
LC-17050,CA-2014-129147,50.232,5
LC-17050,CA-2017-137498,47.52,6
LC-17050,CA-2014-129147,19.242,7
LC-17050,CA-2017-137498,6.56,8
LC-17140,CA-2017-162789,1071,1
LC-17140,CA-2016-137043,572.76,2
LC-17140,CA-2016-137043,286.38,3
LC-17140,CA-2014-102869,135.516,4
LC-17140,CA-2016-101693,85.246,5
LC-17140,US-2017-116701,66.284,6
LC-17140,CA-2017-169439,66.112,7
LC-17140,CA-2016-130477,64.96,8
LC-17140,CA-2014-102869,64.704,9
LC-17140,CA-2015-119907,55.424,10
LC-17140,CA-2016-101693,32.712,11
LC-17140,CA-2017-169439,25.92,12
LC-17140,CA-2016-130477,20.04,13
LC-17140,CA-2014-102869,17.472,14
LC-17140,CA-2014-102869,15.552,15
LC-17140,CA-2016-130477,12.96,16
LC-17140,CA-2017-162789,12.07,17
LD-16855,CA-2016-152331,5.304,1
LD-17005,CA-2014-124856,1395.54,1
LD-17005,CA-2016-139878,257.98,2
LD-17005,CA-2014-124856,117.36,3
LD-17005,CA-2014-124856,77.52,4
LD-17005,CA-2016-116379,57.584,5
LD-17005,CA-2016-142762,37.05,6
LD-17005,CA-2014-124856,18.9,7
LE-16810,CA-2016-157245,641.96,1
LE-16810,CA-2017-108329,444.768,2
LE-16810,US-2017-150595,181.986,3
LE-16810,CA-2014-100706,99.98,4
LE-16810,CA-2015-131779,29.9,5
LE-16810,CA-2014-100706,29.46,6
LE-16810,US-2017-150595,22.344,7
LE-16810,US-2014-117058,17.46,8
LE-16810,US-2017-150595,1.592,9
LF-17185,CA-2014-169019,2177.584,1
LF-17185,CA-2015-109512,563.4,2
LF-17185,CA-2014-169019,431.136,3
LF-17185,CA-2015-109512,383.607,4
LF-17185,CA-2017-148264,128.9,5
LF-17185,CA-2017-148264,60.12,6
LF-17185,CA-2017-118521,37.94,7
LF-17185,CA-2017-148264,29.79,8
LF-17185,CA-2015-109512,29.34,9
LF-17185,CA-2014-110030,23.976,10
LF-17185,CA-2014-169019,17.496,11
LF-17185,CA-2014-169019,16.784,12
LF-17185,CA-2014-113166,9.568,13
LF-17185,CA-2014-169019,8.88,14
LF-17185,CA-2016-106341,7.152,15
LF-17185,CA-2014-169019,4.836,16
LH-16750,CA-2017-133235,271.96,1
LH-16750,CA-2017-129707,8.896,2
LH-16750,CA-2014-117478,6.57,3
LH-16900,US-2014-156559,638.82,1
LH-16900,CA-2014-109855,357,2
LH-16900,US-2015-136749,275.88,3
LH-16900,CA-2016-113733,249.584,4
LH-16900,US-2017-169320,159.75,5
LH-16900,US-2015-136749,157.9,6
LH-16900,US-2017-103814,143.856,7
LH-16900,CA-2014-123323,123.144,8
LH-16900,CA-2016-113733,68.112,9
LH-16900,CA-2016-169194,45,10
LH-16900,CA-2014-109855,23.744,11
LH-16900,CA-2016-169194,21.8,12
LH-16900,CA-2016-113733,16.56,13
LH-16900,US-2017-169320,11.68,14
LH-16900,CA-2014-126277,2.502,15
LH-17020,CA-2015-114923,107.982,1
LH-17020,CA-2017-105991,89.991,2
LH-17020,US-2014-115987,51.184,3
LH-17020,CA-2016-166443,38.29,4
LH-17020,CA-2017-105991,21.24,5
LH-17020,CA-2017-105991,9.552,6
LH-17155,US-2016-131149,338.04,1
LH-17155,CA-2016-154739,321.568,2
LH-17155,CA-2015-121965,186.69,3
LH-17155,CA-2016-144092,158.13,4
LH-17155,US-2016-131149,154.24,5
LH-17155,CA-2016-144092,113.888,6
LH-17155,CA-2016-144092,72,7
LH-17155,US-2016-139486,66.26,8
LH-17155,CA-2016-133340,61.929,9
LH-17155,CA-2016-133340,59.98,10
LH-17155,US-2016-139486,55.176,11
LH-17155,CA-2015-121965,12.56,12
LH-17155,CA-2014-113320,12.54,13
LH-17155,US-2016-131912,11.744,14
LH-17155,CA-2016-133340,10.9,15
LH-17155,CA-2014-113320,9.24,16
LH-17155,CA-2014-113320,8.94,17
LH-17155,CA-2015-121965,6.48,18
LL-16840,CA-2015-137974,1196.86,1
LL-16840,CA-2015-137974,569.64,2
LL-16840,CA-2015-137974,523.26,3
LL-16840,CA-2014-153927,272.61,4
LL-16840,CA-2017-120222,73.344,5
LL-16840,US-2017-163195,29.16,6
LL-16840,CA-2017-120222,19.05,7
LL-16840,CA-2014-134061,17.46,8
LL-16840,CA-2014-153927,14.04,9
LL-16840,CA-2015-164833,9.26,10
LL-16840,CA-2015-137974,9.14,11
LL-16840,CA-2015-164833,7.38,12
LM-17065,US-2015-120161,646.776,1
LM-17065,CA-2014-104283,306.2,2
LM-17065,CA-2014-104283,223.96,3
LM-17065,CA-2014-104283,85.98,4
LM-17065,CA-2016-105263,38.34,5
LM-17065,CA-2015-169740,29.99,6
LM-17065,CA-2016-105277,15.528,7
LO-17170,CA-2017-141572,247.44,1
LO-17170,CA-2015-104038,146.73,2
LO-17170,CA-2017-163860,113.372,3
LO-17170,CA-2017-118367,47.98,4
LO-17170,CA-2015-143238,46.32,5
LO-17170,CA-2015-104038,29.9,6
LO-17170,CA-2017-163860,7.968,7
LO-17170,CA-2017-163860,2.96,8
LO-17170,CA-2017-163860,1.68,9
LP-17080,CA-2016-116722,451.152,1
LP-17080,CA-2017-118731,84.056,2
LP-17080,CA-2017-118731,42.6,3
LP-17080,CA-2016-116722,41.96,4
LP-17080,CA-2017-133823,37.59,5
LP-17080,CA-2017-133823,37.44,6
LP-17080,CA-2016-116722,31.504,7
LP-17080,CA-2017-133823,26.032,8
LP-17080,CA-2014-159814,4.272,9
LP-17095,CA-2017-121790,2003.168,1
LP-17095,CA-2016-112830,466.32,2
LP-17095,CA-2017-106782,375.34,3
LP-17095,CA-2016-103709,261.74,4
LP-17095,CA-2017-102736,89.568,5
LP-17095,CA-2016-112830,82.64,6
LP-17095,CA-2017-121804,72.8,7
LP-17095,CA-2017-102736,71.96,8
LP-17095,CA-2017-121790,69.375,9
LP-17095,CA-2016-118969,54.792,10
LP-17095,CA-2016-103709,34.24,11
LP-17095,CA-2017-121790,31.68,12
LP-17095,CA-2017-102736,15.552,13
LP-17095,CA-2016-103709,14.88,14
LP-17095,CA-2017-121790,9.344,15
LR-16915,CA-2014-131450,1199.976,1
LR-16915,CA-2016-126732,1091.168,2
LR-16915,CA-2017-109183,649,3
LR-16915,CA-2016-126732,568.728,4
LR-16915,CA-2014-131450,445.96,5
LR-16915,CA-2015-141327,335.744,6
LR-16915,CA-2014-131450,327.76,7
LR-16915,CA-2016-125206,114.46,8
LR-16915,CA-2015-141327,98.352,9
LR-16915,CA-2016-126732,94.68,10
LR-16915,US-2016-148803,85.224,11
LR-16915,CA-2014-131450,76.12,12
LR-16915,CA-2016-126732,23.67,13
LR-16915,CA-2016-126732,18.69,14
LR-16915,CA-2016-126732,7.312,15
LR-16915,CA-2015-141327,6.048,16
LR-17035,CA-2015-102876,791.964,1
LR-17035,CA-2016-143406,454.965,2
LR-17035,CA-2017-119011,226.56,3
LR-17035,CA-2017-119011,107.88,4
LR-17035,CA-2016-143406,93.032,5
LR-17035,CA-2014-109918,83.92,6
LR-17035,CA-2017-103506,41.4,7
LR-17035,CA-2017-119011,17.22,8
LR-17035,CA-2015-102876,9.522,9
LR-17035,CA-2015-102876,4.923,10
LS-16945,CA-2016-114727,854.352,1
LS-16945,CA-2016-114727,593.568,2
LS-16945,CA-2016-114727,544.008,3
LS-16945,CA-2016-114727,338.04,4
LS-16945,CA-2017-100223,332.028,5
LS-16945,US-2017-128832,69.98,6
LS-16945,CA-2017-100223,31.104,7
LS-16945,CA-2015-115420,21.34,8
LS-16945,CA-2016-134362,15.936,9
LS-16945,CA-2017-100223,15.552,10
LS-16945,CA-2017-100223,11.394,11
LS-16945,CA-2017-108000,9.78,12
LS-16945,CA-2017-100223,6.316,13
LS-16945,CA-2016-114727,1.872,14
LS-16975,CA-2017-117702,1049.2,1
LS-16975,CA-2014-137092,505.32,2
LS-16975,US-2015-138919,344.22,3
LS-16975,CA-2014-137092,319.968,4
LS-16975,US-2016-125969,238.56,5
LS-16975,US-2014-147648,81.98,6
LS-16975,US-2016-125969,81.424,7
LS-16975,CA-2017-164168,77.952,8
LS-16975,CA-2017-164168,67.992,9
LS-16975,CA-2017-164168,44.784,10
LS-16975,CA-2017-108294,34.5,11
LS-16975,CA-2017-164168,30.56,12
LS-16975,CA-2014-137092,24.424,13
LS-16975,CA-2017-164168,22.848,14
LS-16975,CA-2017-117702,20.9,15
LS-16975,CA-2017-164168,12.224,16
LS-16975,CA-2016-112025,9.264,17
LS-16975,CA-2014-137092,8.682,18
LS-16975,US-2015-118766,4.464,19
LS-16975,US-2015-118766,3.96,20
LS-16975,CA-2014-137092,3.808,21
LS-16975,CA-2017-117702,1.64,22
LS-17200,CA-2014-115084,605.34,1
LS-17200,US-2017-165869,155.88,2
LS-17200,CA-2016-160129,70.448,3
LS-17200,CA-2014-141110,40.54,4
LS-17200,CA-2017-169929,39.9,5
LS-17200,US-2017-165869,17.52,6
LS-17200,CA-2016-160129,15.8,7
LS-17200,CA-2014-141110,14.94,8
LS-17200,CA-2016-160129,14.368,9
LS-17200,CA-2017-131618,9.36,10
LS-17200,CA-2014-141110,7.312,11
LS-17200,CA-2014-141110,4.32,12
LS-17200,CA-2017-131618,2.304,13
LS-17230,CA-2015-118955,197.372,1
LS-17230,US-2015-111927,76.14,2
LS-17230,CA-2015-118955,28.752,3
LS-17230,CA-2015-118955,27.216,4
LS-17230,US-2015-111927,19.96,5
LS-17230,CA-2014-130813,19.44,6
LS-17245,CA-2014-124730,279.96,1
LS-17245,US-2014-109456,179.97,2
LS-17245,CA-2016-152765,173.488,3
LS-17245,CA-2017-135307,126.3,4
LS-17245,CA-2014-124730,93.15,5
LS-17245,CA-2015-165414,47.976,6
LS-17245,CA-2017-135307,38.04,7
LS-17245,CA-2014-124730,17.088,8
LS-17245,US-2014-109456,14.352,9
LS-17245,CA-2016-136994,13.38,10
LS-17245,CA-2014-124730,12.912,11
LS-17245,CA-2014-124730,11.52,12
LT-16765,US-2015-122910,201.584,1
LT-16765,CA-2014-126522,53.94,2
LT-17110,US-2014-165659,881.93,1
LT-17110,CA-2016-159373,557.585,2
LT-17110,CA-2015-168207,512.499,3
LT-17110,CA-2015-154620,348.928,4
LT-17110,CA-2017-122700,220.752,5
LT-17110,CA-2015-168207,117.488,6
LT-17110,CA-2015-168207,96.96,7
LT-17110,CA-2017-147725,70.95,8
LT-17110,CA-2016-159373,70.08,9
LT-17110,US-2014-165659,22.2,10
LT-17110,CA-2016-157364,18.48,11
LT-17110,CA-2015-168207,11.952,12
LT-17110,US-2015-104430,5.176,13
LT-17110,CA-2016-159373,1.272,14
LW-16825,CA-2014-160773,575.92,1
LW-16825,CA-2014-103429,464,2
LW-16825,CA-2014-164721,320.88,3
LW-16825,CA-2016-109827,269.97,4
LW-16825,CA-2014-103429,235.95,5
LW-16825,CA-2016-109827,100.8,6
LW-16825,CA-2016-109827,47.968,7
LW-16825,CA-2016-109827,45.12,8
LW-16825,CA-2014-103429,39.96,9
LW-16825,CA-2016-109827,35.445,10
LW-16825,CA-2014-164721,26.76,11
LW-16825,CA-2014-103429,25.584,12
LW-16825,CA-2014-164721,23.88,13
LW-16825,CA-2017-144820,20.64,14
LW-16825,CA-2014-160773,5.184,15
LW-16990,US-2016-102239,1685.88,1
LW-16990,CA-2017-152142,321.568,2
LW-16990,CA-2017-162978,300.904,3
LW-16990,CA-2017-101245,244.55,4
LW-16990,CA-2017-102834,199.98,5
LW-16990,CA-2017-162978,183.96,6
LW-16990,CA-2017-101245,166.16,7
LW-16990,CA-2017-158407,71.984,8
LW-16990,CA-2017-158407,31.984,9
LW-16990,CA-2017-162978,17.61,10
LW-16990,US-2016-102239,5.728,11
LW-17125,CA-2016-157280,756.8,1
LW-17125,CA-2016-157280,273.96,2
LW-17125,CA-2014-112837,127.95,3
LW-17125,CA-2016-157280,89.97,4
LW-17125,CA-2017-117436,10.36,5
LW-17215,CA-2014-116246,3785.292,1
LW-17215,CA-2016-132997,359.97,2
LW-17215,CA-2016-132997,276.784,3
LW-17215,CA-2016-132997,263.96,4
LW-17215,CA-2016-111416,232.4,5
LW-17215,CA-2017-166128,199.95,6
LW-17215,CA-2016-132997,116.82,7
LW-17215,CA-2017-102659,54.9,8
LW-17215,CA-2017-166128,41.86,9
LW-17215,US-2016-117037,30.528,10
LW-17215,US-2016-117037,22.608,11
LW-17215,CA-2016-132997,12.96,12
LW-17215,CA-2017-102218,11.696,13
LW-17215,US-2016-117037,7.896,14
LW-17215,US-2016-117037,2.89,15
MA-17560,CA-2015-143105,799.984,1
MA-17560,CA-2014-140732,575.928,2
MA-17560,CA-2014-124478,549.99,3
MA-17560,CA-2015-130974,446.068,4
MA-17560,CA-2014-124478,299.98,5
MA-17560,CA-2015-130974,259.98,6
MA-17560,CA-2015-143105,184.66,7
MA-17560,CA-2015-130974,170.98,8
MA-17560,CA-2014-124478,167.535,9
MA-17560,CA-2015-130974,154.9,10
MA-17560,CA-2014-140732,123.92,11
MA-17560,CA-2015-130974,59.94,12
MA-17560,CA-2014-124478,53.88,13
MA-17560,CA-2017-158722,45.528,14
MA-17560,CA-2015-143105,41.28,15
MA-17560,CA-2015-130974,40.08,16
MA-17560,CA-2015-130974,38.97,17
MA-17560,CA-2014-124478,38.34,18
MA-17560,US-2016-117793,37.59,19
MA-17560,CA-2017-107727,29.472,20
MA-17560,CA-2017-110373,27.184,21
MA-17560,US-2016-117793,25.2,22
MA-17560,CA-2014-168823,20.808,23
MA-17560,CA-2015-110324,19.44,24
MA-17560,US-2016-117793,14.97,25
MA-17560,CA-2014-168823,11.352,26
MA-17560,CA-2016-128916,9.552,27
MA-17560,CA-2014-140732,7.78,28
MA-17560,CA-2015-143105,7.31,29
MA-17560,CA-2017-110373,7.056,30
MA-17560,CA-2016-128916,5.344,31
MA-17560,CA-2015-110324,3.64,32
MA-17560,US-2016-117793,1.98,33
MA-17995,CA-2016-152247,1603.136,1
MA-17995,CA-2014-132010,315.2,2
MA-17995,CA-2017-123638,191.646,3
MA-17995,US-2016-165078,104.9,4
MA-17995,US-2016-165078,51.75,5
MA-17995,CA-2014-133704,43.92,6
MA-17995,US-2016-165078,39.68,7
MA-17995,CA-2014-132010,36.4,8
MA-17995,CA-2014-132010,22.96,9
MA-17995,CA-2014-133704,20.232,10
MA-17995,CA-2014-132010,15.18,11
MA-17995,CA-2015-157028,8.28,12
MB-17305,CA-2016-118759,408.006,1
MB-17305,CA-2017-163125,254.058,2
MB-17305,CA-2015-168529,145.9,3
MB-17305,CA-2017-169124,129.39,4
MB-17305,CA-2014-151708,95.976,5
MB-17305,CA-2017-149944,76.12,6
MB-17305,CA-2017-163125,67.144,7
MB-17305,CA-2015-145828,53.04,8
MB-17305,CA-2016-118759,40.44,9
MB-17305,CA-2015-113131,33.568,10
MB-17305,CA-2015-113131,24.424,11
MB-17305,CA-2017-105074,21.744,12
MB-17305,CA-2017-149944,18.24,13
MB-17305,CA-2015-113131,17.12,14
MB-17305,CA-2015-113131,15.84,15
MB-17305,CA-2015-144288,10.368,16
MB-17305,CA-2015-144288,9.216,17
MB-17305,CA-2015-113131,6.732,18
MB-18085,CA-2017-144498,627.168,1
MB-18085,CA-2016-142524,279.95,2
MB-18085,US-2016-128902,244.006,3
MB-18085,CA-2017-144498,122.12,4
MB-18085,CA-2017-144498,68.541,5
MB-18085,CA-2014-141817,19.536,6
MB-18085,CA-2016-112382,19.136,7
MB-18085,CA-2017-122945,17.31,8
MB-18085,CA-2016-142524,16.56,9
MB-18085,CA-2017-151071,13.904,10
MC-17275,CA-2014-107818,975.92,1
MC-17275,CA-2015-143119,517.5,2
MC-17275,CA-2014-107818,485.88,3
MC-17275,CA-2014-107818,303.84,4
MC-17275,CA-2016-118899,167.888,5
MC-17275,CA-2015-114237,141.96,6
MC-17275,CA-2015-168459,55.104,7
MC-17275,CA-2015-105599,27.414,8
MC-17275,CA-2017-154949,14.73,9
MC-17275,CA-2015-105599,13.96,10
MC-17275,CA-2016-146318,12.96,11
MC-17275,CA-2014-107818,5.88,12
MC-17425,CA-2016-133711,3040,1
MC-17425,CA-2014-140473,719.976,2
MC-17425,US-2016-168095,230.28,3
MC-17425,US-2016-168095,105.52,4
MC-17425,CA-2016-133711,91.68,5
MC-17425,CA-2016-133711,70.98,6
MC-17425,CA-2015-161711,68.16,7
MC-17425,CA-2015-161711,62.24,8
MC-17425,CA-2016-133711,33.75,9
MC-17425,CA-2016-130050,9.552,10
MC-17575,CA-2017-167703,285.552,1
MC-17575,CA-2015-135314,269.982,2
MC-17575,CA-2017-115175,244.55,3
MC-17575,US-2017-149510,45.216,4
MC-17575,US-2016-157840,33.9,5
MC-17575,US-2017-149510,28.782,6
MC-17575,CA-2015-125423,9.96,7
MC-17575,CA-2017-167703,5.229,8
MC-17575,CA-2014-101147,2.394,9
MC-17590,CA-2014-127446,1218.735,1
MC-17590,CA-2016-131835,597,2
MC-17590,CA-2016-131835,162.64,3
MC-17590,CA-2017-159597,99.99,4
MC-17590,CA-2014-130673,66.96,5
MC-17590,CA-2016-131835,55.48,6
MC-17590,CA-2016-113082,40.48,7
MC-17590,CA-2016-157868,24.85,8
MC-17590,CA-2014-127446,24.672,9
MC-17590,CA-2014-130673,20.784,10
MC-17590,CA-2014-127446,15.696,11
MC-17590,CA-2014-130673,10.368,12
MC-17590,CA-2014-130673,10.332,13
MC-17590,CA-2014-127446,6.096,14
MC-17590,CA-2014-127446,5.904,15
MC-17590,CA-2014-127446,2.52,16
MC-17605,US-2014-161613,674.058,1
MC-17605,CA-2014-103989,323.976,2
MC-17605,CA-2015-145394,239.976,3
MC-17605,CA-2017-145142,210.98,4
MC-17605,CA-2017-134810,207,5
MC-17605,CA-2014-103989,170.24,6
MC-17605,US-2017-146213,159.96,7
MC-17605,CA-2017-134810,65.232,8
MC-17605,CA-2016-145492,39,9
MC-17605,CA-2015-145394,34.504,10
MC-17605,CA-2014-103989,33.57,11
MC-17605,CA-2014-103989,26.16,12
MC-17605,CA-2015-145394,21.488,13
MC-17605,CA-2014-103989,20.016,14
MC-17605,CA-2014-103989,11.808,15
MC-17605,CA-2017-160962,8.384,16
MC-17605,CA-2017-160962,6.848,17
MC-17605,CA-2014-103989,4.992,18
MC-17635,CA-2016-139010,449.15,1
MC-17635,US-2017-151316,182.994,2
MC-17635,US-2014-120175,64.02,3
MC-17635,CA-2016-139010,31.248,4
MC-17635,CA-2014-164861,25.92,5
MC-17635,CA-2016-139010,18.56,6
MC-17635,CA-2016-139010,12.99,7
MC-17635,US-2017-151316,10.272,8
MC-17845,CA-2017-148446,1669.6,1
MC-17845,CA-2014-156594,487.984,2
MC-17845,CA-2014-157784,479.97,3
MC-17845,US-2017-128447,400.8,4
MC-17845,CA-2016-116337,314.088,5
MC-17845,CA-2014-156594,155.12,6
MC-17845,CA-2016-146143,133.38,7
MC-17845,CA-2014-156594,47.3,8
MC-17845,CA-2016-116337,44.46,9
MC-17845,US-2017-128447,28.792,10
MC-17845,CA-2014-157784,19.44,11
MC-17845,CA-2014-157784,14.62,12
MC-17845,US-2017-102638,6.03,13
MC-17845,CA-2014-156594,4.13,14
MC-18100,CA-2014-101602,763.28,1
MC-18100,CA-2017-152807,442.4,2
MC-18100,CA-2017-126242,305.01,3
MC-18100,US-2015-129637,180.016,4
MC-18100,CA-2014-123855,139.8,5
MC-18100,CA-2016-139808,93.36,6
MC-18100,CA-2015-111073,51.588,7
MC-18100,US-2015-129637,41.552,8
MC-18100,CA-2017-113075,40.68,9
MC-18100,CA-2014-101602,40.68,10
MC-18100,CA-2017-152807,20.736,11
MC-18100,CA-2015-168809,20.104,12
MC-18100,CA-2017-126242,18.7,13
MC-18100,CA-2015-116512,17.94,14
MC-18100,US-2015-129637,13.12,15
MC-18100,CA-2017-152807,11.168,16
MC-18100,CA-2015-168809,7.88,17
MC-18100,CA-2017-152807,7.168,18
MC-18100,CA-2015-168809,3.798,19
MC-18130,CA-2016-129868,902.712,1
MC-18130,CA-2016-129868,302.384,2
MC-18130,CA-2016-129868,146.352,3
MC-18130,CA-2014-132787,92.52,4
MC-18130,CA-2016-129868,53.97,5
MC-18130,CA-2015-148432,26.18,6
MC-18130,CA-2016-129868,17.76,7
MC-18130,CA-2016-115504,12.96,8
MC-18130,CA-2015-163104,11.96,9
MC-18130,CA-2016-129868,7.9,10
MC-18130,CA-2015-148432,7.3,11
MD-17350,CA-2014-114251,1080.096,1
MD-17350,CA-2014-143371,998.82,2
MD-17350,CA-2017-132290,933.408,3
MD-17350,CA-2014-114251,273.568,4
MD-17350,CA-2015-134782,105.42,5
MD-17350,CA-2016-162383,85.246,6
MD-17350,CA-2014-114251,58.416,7
MD-17350,CA-2014-114251,51.56,8
MD-17350,CA-2014-143371,51.15,9
MD-17350,CA-2017-149181,47.992,10
MD-17350,CA-2017-109757,25.56,11
MD-17350,CA-2014-114251,13.194,12
MD-17350,CA-2017-109757,11.52,13
MD-17350,CA-2016-162383,8.952,14
MD-17350,CA-2016-162383,8.856,15
MD-17350,CA-2017-109757,8.256,16
MD-17350,CA-2017-109757,4.368,17
MD-17860,CA-2017-154410,909.12,1
MD-17860,CA-2017-100055,125.13,2
MD-17860,US-2014-117744,58.36,3
MD-17860,US-2014-117744,39.96,4
MD-17860,CA-2017-100055,27.46,5
MD-17860,CA-2017-153654,19.008,6
MD-17860,US-2014-117744,16.464,7
MD-17860,CA-2017-104024,9.408,8
ME-17320,CA-2016-160717,3023.928,1
ME-17320,CA-2014-167199,2573.82,2
ME-17320,CA-2016-152555,844.116,3
ME-17320,CA-2016-152555,812.736,4
ME-17320,CA-2014-167199,755.96,5
ME-17320,CA-2014-167199,609.98,6
ME-17320,CA-2016-160717,477.6,7
ME-17320,CA-2017-148474,452.94,8
ME-17320,CA-2014-167199,391.98,9
ME-17320,CA-2017-137624,241.424,10
ME-17320,CA-2016-159142,149.97,11
ME-17320,CA-2017-148474,91.2,12
ME-17320,CA-2017-129910,59.76,13
ME-17320,CA-2016-152555,45.528,14
ME-17320,CA-2014-167199,31.12,15
ME-17320,CA-2016-160717,26.96,16
ME-17320,CA-2017-143434,19.76,17
ME-17320,US-2017-124926,9.324,18
ME-17320,CA-2014-167199,6.54,19
ME-17320,CA-2015-144302,5.792,20
ME-17320,CA-2014-167199,5.48,21
ME-17725,CA-2017-143756,701.96,1
ME-17725,CA-2017-137449,409.9992,2
ME-17725,CA-2017-137449,307.314,3
ME-17725,CA-2017-116645,155.94,4
ME-17725,US-2016-123470,122.328,5
ME-17725,CA-2015-155635,48.81,6
ME-17725,CA-2015-161830,35.96,7
ME-17725,CA-2014-124807,35.856,8
ME-17725,CA-2014-124807,23.84,9
ME-17725,CA-2017-137449,21.392,10
ME-17725,US-2016-123470,18.882,11
ME-17725,CA-2015-161830,14.952,12
ME-17725,CA-2017-166415,11.22,13
ME-18010,CA-2014-116932,801.568,1
ME-18010,CA-2014-116932,272.848,2
ME-18010,CA-2014-116932,99.2,3
ME-18010,CA-2017-148138,51.168,4
ME-18010,CA-2015-169278,26.976,5
ME-18010,CA-2014-126333,5.184,6
MF-17665,US-2014-169789,551.985,1
MF-17665,US-2016-102232,197.05,2
MF-17665,CA-2016-114307,51.84,3
MF-17665,CA-2016-165827,50.496,4
MF-17665,CA-2016-114307,37.68,5
MF-17665,CA-2016-114307,27.42,6
MF-17665,CA-2016-126543,15.168,7
MF-17665,CA-2016-114307,5.4,8
MF-18250,US-2017-162670,494.97,1
MF-18250,US-2017-162670,367.96,2
MF-18250,CA-2015-162964,223.888,3
MF-18250,CA-2015-128013,144.12,4
MF-18250,CA-2014-149594,103.936,5
MF-18250,CA-2015-162964,64.784,6
MF-18250,US-2017-162670,62.04,7
MF-18250,US-2017-162670,44.96,8
MF-18250,CA-2015-144722,43.13,9
MF-18250,CA-2015-162964,15.552,10
MF-18250,CA-2015-128013,10.02,11
MG-17650,CA-2014-166471,1091.168,1
MG-17650,CA-2017-152933,791.88,2
MG-17650,CA-2016-139395,657.93,3
MG-17650,CA-2017-152135,445.44,4
MG-17650,CA-2017-152933,369.544,5
MG-17650,CA-2014-166471,219.168,6
MG-17650,US-2017-169502,91.6,7
MG-17650,CA-2016-139395,33.48,8
MG-17650,CA-2016-139395,26.86,9
MG-17650,US-2017-169502,21.81,10
MG-17650,CA-2016-139395,13.9,11
MG-17650,CA-2017-152933,10.368,12
MG-17650,CA-2017-145660,7.712,13
MG-17650,CA-2016-105284,4.416,14
MG-17680,US-2017-109316,1497.666,1
MG-17680,CA-2017-121300,344.22,2
MG-17680,CA-2017-121300,239.976,3
MG-17680,CA-2014-110072,93.888,4
MG-17680,CA-2017-121300,63.686,5
MG-17680,CA-2015-151043,47.984,6
MG-17680,CA-2017-121300,21.248,7
MG-17680,US-2017-109316,17.52,8
MG-17680,CA-2017-121300,15.552,9
MG-17680,CA-2017-121300,8.448,10
MG-17695,US-2016-142685,835.17,1
MG-17695,CA-2014-139598,227.136,2
MG-17695,CA-2015-164007,143.128,3
MG-17695,CA-2014-139598,81.552,4
MG-17695,CA-2014-139598,34.656,5
MG-17695,CA-2014-139598,18.264,6
MG-17695,CA-2015-164007,2.376,7
MG-17875,CA-2015-124975,796.425,1
MG-17875,CA-2016-131499,207.48,2
MG-17875,CA-2017-120705,147.184,3
MG-17875,CA-2015-134992,47.98,4
MG-17875,CA-2015-134992,32.4,5
MG-17875,CA-2014-103744,6.936,6
MG-17875,CA-2014-103744,4.428,7
MG-17890,CA-2017-121125,156.792,1
MG-17890,CA-2015-146948,150.98,2
MG-17890,CA-2015-146948,137.25,3
MG-17890,CA-2016-163972,120.666,4
MG-17890,CA-2017-102967,67.4,5
MG-17890,CA-2017-136672,49.08,6
MG-17890,CA-2017-121125,35.36,7
MG-17890,CA-2016-154053,16.99,8
MG-17890,CA-2017-121125,13.592,9
MG-17890,CA-2015-146948,11.52,10
MG-17890,CA-2014-118276,8.736,11
MG-17890,CA-2017-127712,6.208,12
MG-17890,CA-2017-166933,1.81,13
MG-18145,CA-2017-108574,1115.91,1
MG-18145,CA-2014-137274,890.841,2
MG-18145,US-2015-138303,666.248,3
MG-18145,CA-2017-108574,128.744,4
MG-18145,US-2015-138303,52.512,5
MG-18145,US-2015-138303,36.336,6
MG-18205,CA-2017-115070,12.32,1
MH-17290,US-2017-141558,776.85,1
MH-17290,US-2016-108497,599.165,2
MH-17290,CA-2017-169327,511.5,3
MH-17290,US-2017-141558,154.764,4
MH-17290,CA-2017-169327,147.92,5
MH-17290,US-2017-141558,43.28,6
MH-17290,CA-2017-169327,43.1,7
MH-17290,US-2016-135209,37.408,8
MH-17290,US-2016-135209,25.344,9
MH-17290,CA-2014-116785,21.4,10
MH-17290,CA-2014-116785,12.6,11
MH-17290,CA-2015-137603,8.4,12
MH-17440,CA-2016-163048,241.5,1
MH-17440,CA-2016-141523,34.248,2
MH-17440,US-2014-164763,32.67,3
MH-17440,CA-2014-104808,17.248,4
MH-17440,US-2014-164763,16,5
MH-17440,US-2014-164763,12.96,6
MH-17440,CA-2016-141523,3.52,7
MH-17455,US-2016-143448,1424.9,1
MH-17455,CA-2017-146269,290.336,2
MH-17455,CA-2016-113341,194.352,3
MH-17455,CA-2014-160157,190.848,4
MH-17455,CA-2017-136364,91.008,5
MH-17455,CA-2017-154809,90.64,6
MH-17455,CA-2014-133305,49.12,7
MH-17455,CA-2015-100888,47.952,8
MH-17455,CA-2017-136364,39.594,9
MH-17455,CA-2017-146269,19.152,10
MH-17455,CA-2014-133305,18.28,11
MH-17620,CA-2017-130841,1145.6,1
MH-17620,CA-2015-156440,44.46,2
MH-17620,CA-2016-153185,30.96,3
MH-17620,CA-2017-130841,14.98,4
MH-17620,CA-2017-130841,9.984,5
MH-17620,CA-2016-132017,6.816,6
MH-17785,CA-2014-124702,730.2,1
MH-17785,CA-2014-124429,567.12,2
MH-17785,CA-2014-124429,359.32,3
MH-17785,CA-2014-124702,137.54,4
MH-17785,CA-2015-138954,119.04,5
MH-17785,CA-2016-108959,104.696,6
MH-17785,CA-2015-138954,70.95,7
MH-17785,CA-2015-154144,55.48,8
MH-17785,CA-2015-138954,34.944,9
MH-17785,CA-2014-159478,15.24,10
MH-17785,CA-2017-103520,9.248,11
MH-18025,CA-2017-103212,1504.52,1
MH-18025,CA-2015-148635,704.9,2
MH-18025,CA-2015-148635,561.568,3
MH-18025,CA-2017-115448,88.92,4
MH-18025,CA-2014-150301,63.882,5
MH-18025,CA-2017-103212,25.92,6
MH-18025,CA-2015-148635,12.96,7
MH-18025,CA-2017-103212,11.07,8
MH-18025,CA-2015-148635,9.42,9
MH-18025,CA-2017-125878,1.788,10
MH-18115,CA-2017-121839,1169.694,1
MH-18115,US-2016-160528,727.296,2
MH-18115,US-2016-160528,666.4,3
MH-18115,CA-2017-114055,629.1,4
MH-18115,CA-2017-127026,619.95,5
MH-18115,CA-2017-137785,458.43,6
MH-18115,CA-2017-127026,350.973,7
MH-18115,US-2017-108315,220.704,8
MH-18115,CA-2017-127026,164.99,9
MH-18115,CA-2017-114055,96.08,10
MH-18115,CA-2017-114055,90.48,11
MH-18115,CA-2017-127026,89.52,12
MH-18115,US-2017-114657,52.44,13
MH-18115,CA-2017-144638,43.872,14
MH-18115,CA-2017-144638,35.91,15
MH-18115,CA-2017-161088,29.84,16
MH-18115,US-2016-160528,22.608,17
MH-18115,CA-2017-127026,14.4,18
MH-18115,CA-2017-144638,6.696,19
MH-18115,CA-2017-144638,5.248,20
MH-18115,US-2017-108315,4.842,21
MH-18115,CA-2017-114055,3.62,22
MJ-17740,CA-2016-100300,4476.8,1
MJ-17740,CA-2017-147291,895.92,2
MJ-17740,CA-2016-100300,241.44,3
MJ-17740,CA-2016-124149,108.336,4
MJ-17740,CA-2016-100300,104.85,5
MJ-17740,US-2017-131961,83.988,6
MJ-17740,CA-2016-124149,78.304,7
MJ-17740,CA-2015-101868,72.6,8
MJ-17740,CA-2015-101868,64.2,9
MJ-17740,CA-2016-124149,55.92,10
MJ-17740,CA-2016-106397,45.98,11
MJ-17740,CA-2016-113817,27.68,12
MJ-17740,US-2017-131961,13.248,13
MJ-17740,CA-2016-106397,12.96,14
MK-17905,CA-2016-155516,1043.92,1
MK-17905,CA-2016-132479,442.372,2
MK-17905,CA-2014-161032,392.94,3
MK-17905,CA-2016-155516,104.79,4
MK-17905,US-2016-148901,57.582,5
MK-17905,CA-2017-164917,47.96,6
MK-17905,US-2016-148901,43.6,7
MK-17905,CA-2017-100580,36.024,8
MK-17905,US-2016-148901,31.104,9
MK-17905,US-2016-148901,30.192,10
MK-17905,CA-2016-155516,23.2,11
MK-17905,US-2016-148901,13.392,12
MK-17905,US-2016-148901,10.38,13
MK-17905,CA-2016-155516,7.36,14
MK-17905,CA-2015-107468,6.848,15
MK-17905,US-2017-132206,5.936,16
MK-17905,US-2016-148901,4.768,17
MK-18160,CA-2017-128755,571.44,1
MK-18160,US-2014-150574,247.8,2
MK-18160,US-2016-108455,40.46,3
MK-18160,US-2016-108455,33.87,4
MK-18160,CA-2017-128755,32.4,5
MK-18160,US-2016-108455,25.92,6
MK-18160,CA-2017-163209,25.92,7
MK-18160,CA-2017-163209,22.96,8
MK-18160,CA-2017-128755,16.91,9
MK-18160,CA-2017-128755,9.11,10
MK-18160,US-2014-150574,4.812,11
ML-17395,CA-2016-168830,479.97,1
ML-17395,CA-2014-156349,290.666,2
ML-17395,CA-2014-134215,259.74,3
ML-17395,CA-2014-134215,255.42,4
ML-17395,CA-2014-164742,245.98,5
ML-17395,CA-2014-121762,239.97,6
ML-17395,CA-2014-121762,238.62,7
ML-17395,CA-2014-156349,201.584,8
ML-17395,CA-2016-137673,116,9
ML-17395,CA-2014-134215,101.96,10
ML-17395,CA-2014-156349,83.984,11
ML-17395,CA-2014-121762,81.96,12
ML-17395,CA-2017-156363,32.7,13
ML-17395,CA-2017-156363,31.68,14
ML-17395,CA-2017-150602,21.12,15
ML-17395,CA-2014-164742,18.94,16
ML-17395,CA-2015-120845,10.48,17
ML-17395,CA-2015-120845,6.336,18
ML-17395,CA-2015-120845,3.264,19
ML-17395,CA-2015-120845,2.469,20
ML-17410,CA-2014-125556,832.93,1
ML-17410,US-2017-142573,801.6,2
ML-17410,CA-2017-121580,465.16,3
ML-17410,US-2017-142573,311.976,4
ML-17410,US-2017-142573,161.568,5
ML-17410,CA-2017-154109,127.372,6
ML-17410,CA-2017-154109,47.952,7
ML-17410,CA-2014-125556,43.8,8
ML-17410,CA-2017-121580,43.41,9
ML-17410,CA-2016-125794,36.24,10
ML-17410,US-2017-142573,16.096,11
ML-17410,CA-2017-152079,11.52,12
ML-17410,CA-2017-121580,7.98,13
ML-17410,US-2017-142573,7.656,14
ML-17410,CA-2017-121580,6.24,15
ML-17755,US-2017-120089,663.936,1
ML-17755,CA-2017-103968,629.64,2
ML-17755,CA-2017-140242,408.744,3
ML-17755,CA-2016-110254,109.8,4
ML-17755,CA-2017-107265,106.32,5
ML-17755,CA-2017-133648,71.04,6
ML-17755,CA-2016-110254,35.06,7
ML-17755,CA-2017-133648,11.304,8
ML-17755,CA-2017-143455,10.368,9
ML-17755,CA-2016-110254,9.82,10
ML-17755,CA-2017-140242,6.408,11
ML-17755,CA-2017-133648,5.344,12
ML-17755,CA-2016-110254,4.13,13
ML-18040,CA-2017-168655,595,1
ML-18040,CA-2017-168655,79.872,2
ML-18040,CA-2017-158953,6.37,3
ML-18265,CA-2017-132262,79.98,1
ML-18265,CA-2017-132262,71.98,2
ML-18265,CA-2015-136224,10.272,3
MM-17260,CA-2016-120355,631.782,1
MM-17260,CA-2017-166142,310.443,2
MM-17260,CA-2017-138156,147.568,3
MM-17260,CA-2014-108861,136.96,4
MM-17260,CA-2016-120355,60.72,5
MM-17260,CA-2017-166142,26.55,6
MM-17920,US-2016-121013,1652.94,1
MM-17920,US-2015-157154,1018.104,2
MM-17920,CA-2016-122063,581.96,3
MM-17920,CA-2014-115049,153.824,4
MM-17920,CA-2017-164329,129.3,5
MM-17920,CA-2014-118192,37.408,6
MM-17920,CA-2017-128160,36.672,7
MM-17920,CA-2016-101329,32.13,8
MM-17920,CA-2016-122063,29.98,9
MM-17920,CA-2017-121216,29.312,10
MM-17920,CA-2017-121216,28.672,11
MM-17920,US-2016-121013,25.06,12
MM-17920,CA-2017-117394,19.04,13
MM-17920,CA-2014-101266,13.36,14
MM-17920,CA-2014-118192,3.438,15
MM-17920,CA-2016-101329,2.88,16
MM-18055,US-2017-124968,765.625,1
MM-18055,CA-2017-164378,664.146,2
MM-18055,CA-2014-144029,359.772,3
MM-18055,CA-2014-110555,217.44,4
MM-18055,US-2015-165743,145.764,5
MM-18055,CA-2014-110555,105.584,6
MM-18055,CA-2014-144029,102.624,7
MM-18055,CA-2017-127285,88.752,8
MM-18055,CA-2014-110555,87.08,9
MM-18055,US-2017-104451,81.08,10
MM-18055,CA-2017-164378,41.9,11
MM-18055,US-2015-141684,24.96,12
MM-18055,CA-2017-127285,13.904,13
MM-18055,CA-2014-144029,13.392,14
MM-18055,US-2015-165743,9.612,15
MM-18055,CA-2017-164378,8.96,16
MM-18055,CA-2017-164378,7.83,17
MM-18055,CA-2017-164378,6.56,18
MM-18055,US-2015-165743,4.896,19
MM-18280,CA-2015-132941,207.984,1
MM-18280,CA-2016-124793,196.784,2
MM-18280,US-2016-134656,99.136,3
MM-18280,US-2014-147774,67.194,4
MM-18280,CA-2015-168760,61.44,5
MM-18280,CA-2017-109099,40.99,6
MM-18280,CA-2015-132941,32.368,7
MM-18280,CA-2015-132941,22.368,8
MM-18280,CA-2017-148068,19.44,9
MM-18280,CA-2017-112172,14.13,10
MM-18280,CA-2017-148068,9.82,11
MM-18280,CA-2015-119592,3.76,12
MN-17935,CA-2017-100097,979.95,1
MN-17935,CA-2017-165204,720.064,2
MN-17935,CA-2014-123225,575.968,3
MN-17935,CA-2017-100097,135.3,4
MN-17935,CA-2017-123659,23.12,5
MN-17935,CA-2016-165673,15.232,6
MN-17935,CA-2014-123225,10.368,7
MN-17935,CA-2014-122567,7.96,8
MN-17935,CA-2014-122567,1.08,9
MO-17500,CA-2016-102981,722.352,1
MO-17500,CA-2017-117653,91.275,2
MO-17500,CA-2016-121601,59.752,3
MO-17500,CA-2016-102981,31.86,4
MO-17500,CA-2014-121167,17.248,5
MO-17800,CA-2017-157931,723.92,1
MO-17800,CA-2015-139094,206.962,2
MO-17800,CA-2017-145506,136.26,3
MO-17800,US-2017-106663,108.925,4
MO-17800,CA-2017-157931,106.32,5
MO-17800,CA-2017-163020,35.56,6
MO-17800,CA-2015-133025,32.4,7
MO-17800,US-2017-106663,23.976,8
MO-17800,CA-2016-128727,22,9
MO-17950,US-2015-122140,50.12,1
MO-17950,US-2015-122140,47.976,2
MO-17950,US-2015-122140,32.192,3
MO-17950,US-2017-166233,24,4
MP-17470,CA-2015-102281,899.136,1
MP-17470,CA-2015-102281,626.352,2
MP-17470,CA-2014-145926,479.9,3
MP-17470,CA-2014-162089,335.72,4
MP-17470,CA-2014-162089,251.944,5
MP-17470,CA-2015-103772,140.75,6
MP-17470,CA-2014-162089,127.302,7
MP-17470,CA-2015-103772,119.56,8
MP-17470,CA-2015-102281,71.76,9
MP-17470,CA-2016-141887,54.992,10
MP-17470,CA-2015-102281,51.84,11
MP-17470,CA-2015-102281,19.9,12
MP-17470,CA-2014-147914,16.224,13
MP-17470,CA-2015-147851,10.752,14
MP-17965,CA-2016-142335,1652.94,1
MP-17965,CA-2015-110765,824.97,2
MP-17965,CA-2016-142335,296.37,3
MP-17965,CA-2017-155152,252,4
MP-17965,US-2015-163433,244.768,5
MP-17965,US-2015-149629,231.92,6
MP-17965,US-2015-163433,97.968,7
MP-17965,US-2015-163433,74.352,8
MP-17965,US-2015-163433,56.686,9
MP-17965,CA-2017-125388,56.56,10
MP-17965,US-2015-163433,41.424,11
MP-17965,CA-2016-139689,38.088,12
MP-17965,CA-2017-125388,32.7,13
MP-17965,US-2015-145121,26.9,14
MP-17965,CA-2016-116974,23.976,15
MP-17965,US-2015-163433,15.552,16
MP-17965,US-2015-163433,7.872,17
MP-17965,US-2015-163433,4.312,18
MP-17965,CA-2016-139689,2.808,19
MP-17965,US-2015-163433,1.476,20
MP-18175,CA-2014-119151,1117.92,1
MP-18175,CA-2015-135685,999.96,2
MP-18175,CA-2015-135685,653.55,3
MP-18175,US-2016-127334,564.195,4
MP-18175,US-2014-117380,330.588,5
MP-18175,CA-2014-119151,275.952,6
MP-18175,CA-2015-135685,214.11,7
MP-18175,CA-2017-124086,203.983,8
MP-18175,CA-2015-135685,185.58,9
MP-18175,CA-2015-135685,179.82,10
MP-18175,US-2016-127334,87.168,11
MP-18175,CA-2017-169859,64.96,12
MP-18175,CA-2017-167661,61.96,13
MP-18175,CA-2017-169859,43.7,14
MP-18175,CA-2017-167661,39.92,15
MP-18175,CA-2017-169859,26.25,16
MP-18175,CA-2017-167661,19.936,17
MP-18175,CA-2015-166338,14.832,18
MP-18175,CA-2016-163636,3.536,19
MR-17545,US-2017-139465,347.97,1
MR-17545,CA-2014-117429,129.92,2
MR-17545,US-2017-139465,63.84,3
MR-17545,CA-2017-111759,52.76,4
MR-17545,US-2017-139465,37.008,5
MR-17545,US-2014-120236,7.68,6
MS-17365,CA-2016-107104,3406.664,1
MS-17365,CA-2015-130659,1799.75,2
MS-17365,CA-2015-130659,384.174,3
MS-17365,CA-2014-120278,245.88,4
MS-17365,CA-2015-140221,180.98,5
MS-17365,CA-2017-147942,121.68,6
MS-17365,CA-2015-120103,111.984,7
MS-17365,CA-2015-120103,106.232,8
MS-17365,CA-2014-144407,103.6,9
MS-17365,CA-2016-150077,90.48,10
MS-17365,CA-2016-107104,64.96,11
MS-17365,CA-2015-140221,60.416,12
MS-17365,CA-2016-107104,37.17,13
MS-17365,CA-2014-120278,36.63,14
MS-17365,CA-2014-120278,22.58,15
MS-17365,CA-2015-130659,17.94,16
MS-17365,CA-2014-120278,12.39,17
MS-17365,CA-2015-140221,11.212,18
MS-17365,CA-2016-150658,10.776,19
MS-17365,CA-2015-120103,7.712,20
MS-17365,CA-2017-147942,5.78,21
MS-17365,CA-2015-140221,4.712,22
MS-17365,CA-2014-127488,4.608,23
MS-17530,CA-2015-108119,301.96,1
MS-17530,CA-2016-169887,101.94,2
MS-17530,CA-2014-149244,35.34,3
MS-17530,CA-2014-133809,11.808,4
MS-17530,CA-2014-133809,9.588,5
MS-17530,CA-2016-169887,8.34,6
MS-17530,CA-2016-169887,6.68,7
MS-17710,CA-2015-134257,491.55,1
MS-17710,CA-2015-123939,435.504,2
MS-17710,CA-2016-119186,388.43,3
MS-17710,CA-2014-133228,79.36,4
MS-17710,CA-2016-119186,63.992,5
MS-17710,CA-2014-143637,40.48,6
MS-17710,CA-2016-134348,31.984,7
MS-17710,CA-2015-123939,26.982,8
MS-17710,CA-2016-119186,14.352,9
MS-17710,CA-2016-119186,10.368,10
MS-17710,CA-2015-134257,7.38,11
MS-17710,CA-2015-123939,6.912,12
MS-17710,CA-2016-134348,6.27,13
MS-17710,CA-2014-133228,5.47,14
MS-17710,CA-2016-134348,4.368,15
MS-17770,CA-2016-150350,837.6,1
MS-17770,CA-2015-135020,535.41,2
MS-17770,CA-2016-150350,532.704,3
MS-17770,CA-2014-137589,286.344,4
MS-17770,US-2016-144547,279.944,5
MS-17770,CA-2017-132619,193.95,6
MS-17770,CA-2016-150350,135.9,7
MS-17770,US-2014-164616,76.776,8
MS-17770,CA-2015-135020,45.99,9
MS-17770,CA-2015-135020,45.36,10
MS-17770,CA-2016-150350,43.1,11
MS-17770,CA-2016-150350,34.68,12
MS-17770,CA-2015-164623,24.56,13
MS-17770,CA-2014-138709,21.84,14
MS-17770,CA-2016-150350,15.88,15
MS-17770,CA-2014-138709,15.6,16
MS-17770,US-2014-164616,9.184,17
MS-17770,CA-2014-119032,3.76,18
MS-17830,CA-2016-131296,239.372,1
MS-17830,CA-2015-135272,79.92,2
MS-17830,CA-2014-135405,31.2,3
MS-17830,CA-2015-124044,10.512,4
MS-17830,CA-2014-135405,9.344,5
MS-17980,CA-2017-117667,255.968,1
MS-17980,CA-2017-117667,239.96,2
MS-17980,CA-2015-142377,85.96,3
MS-17980,CA-2015-153906,85.9,4
MS-17980,CA-2017-117667,54.768,5
MS-17980,CA-2015-160794,27.216,6
MS-17980,CA-2014-116757,25.92,7
MS-17980,CA-2017-117667,23.92,8
MS-17980,CA-2014-116757,21.312,9
MS-17980,CA-2015-101007,20.8,10
MS-17980,CA-2017-117667,13.392,11
MT-17815,CA-2016-104157,2430.08,1
MT-17815,US-2017-146906,299.9,2
MT-17815,CA-2016-104157,65.5,3
MT-17815,CA-2017-154137,35.48,4
MT-17815,CA-2016-162726,23.68,5
MT-17815,CA-2016-162726,10.368,6
MT-17815,CA-2016-104157,7.89,7
MT-17815,CA-2015-105312,7.08,8
MT-17815,CA-2015-127502,5.76,9
MT-17815,CA-2015-105312,4.401,10
MT-18070,CA-2017-140963,514.165,1
MT-18070,US-2014-112914,300.5328,2
MT-18070,CA-2017-140963,279.96,3
MT-18070,CA-2016-128671,77.56,4
MT-18070,CA-2016-128671,41.86,5
MT-18070,US-2014-112914,33.792,6
MT-18070,CA-2016-128671,32.4,7
MT-18070,CA-2017-140963,29.6,8
MT-18070,CA-2015-156608,3.592,9
MT-18070,US-2014-112914,3.264,10
MT-18070,US-2014-112914,2.724,11
MV-17485,CA-2017-169894,415.872,1
MV-17485,CA-2017-122994,359.97,2
MV-17485,CA-2017-122308,271.764,3
MV-17485,CA-2016-133319,192.16,4
MV-17485,CA-2015-132948,83.7,5
MV-17485,CA-2015-119690,75.384,6
MV-17485,CA-2015-119690,47.952,7
MV-17485,CA-2017-169894,20.724,8
MV-17485,CA-2014-148614,19.36,9
MV-17485,CA-2014-148614,19.3,10
MV-17485,CA-2016-161361,17.04,11
MV-17485,CA-2017-103415,13.592,12
MV-17485,CA-2015-119690,4.608,13
MV-17485,CA-2015-119690,0.984,14
MV-18190,CA-2016-127698,863.928,1
MV-18190,CA-2016-123512,239.666,2
MV-18190,CA-2014-134103,229.94,3
MV-18190,CA-2016-123512,219.84,4
MV-18190,CA-2017-101798,39.98,5
MV-18190,CA-2015-107020,39.92,6
MV-18190,CA-2015-120320,31.92,7
MV-18190,CA-2017-101798,23.36,8
MV-18190,CA-2016-123512,22.5,9
MV-18190,CA-2016-114895,12.96,10
MV-18190,CA-2014-134103,10.56,11
MW-18220,CA-2014-125997,1349.91,1
MW-18220,CA-2014-103660,1007.944,2
MW-18220,CA-2014-125997,801.568,3
MW-18220,CA-2014-125997,631.782,4
MW-18220,CA-2014-125997,629.95,5
MW-18220,CA-2014-150518,281.97,6
MW-18220,CA-2014-150518,221.16,7
MW-18220,US-2015-137960,166.24,8
MW-18220,CA-2014-125997,75.18,9
MW-18220,CA-2016-138667,40,10
MW-18220,CA-2015-164336,38.976,11
MW-18220,CA-2015-164336,34.8,12
MW-18220,CA-2017-107986,31.44,13
MW-18220,CA-2014-125997,30.98,14
MW-18235,CA-2014-117639,2715.93,1
MW-18235,CA-2017-136308,1919.976,2
MW-18235,CA-2014-117639,617.97,3
MY-17380,US-2016-105578,801.568,1
MY-17380,CA-2017-132234,547.3,2
MY-17380,CA-2017-163902,479.94,3
MY-17380,CA-2017-163902,196.776,4
MY-17380,US-2017-128118,64.848,5
MY-17380,US-2017-101721,63.312,6
MY-17380,US-2016-105578,32.792,7
MY-17380,US-2016-105578,22.62,8
MY-17380,US-2016-105578,14.952,9
MY-17380,CA-2017-138618,10.368,10
MY-17380,CA-2015-139290,5.76,11
MY-17380,US-2016-105578,2.376,12
MY-18295,CA-2014-105984,1049.97,1
MY-18295,CA-2016-164770,781.864,2
MY-18295,CA-2014-105984,611.058,3
MY-18295,CA-2016-149272,528.43,4
MY-18295,CA-2014-118976,497.61,5
MY-18295,CA-2016-139549,387.136,6
MY-18295,CA-2017-167626,100.8,7
MY-18295,US-2016-132423,33.488,8
MY-18295,CA-2016-164770,30.816,9
MY-18295,CA-2016-149272,22.386,10
MY-18295,CA-2014-118976,20.86,11
MY-18295,US-2017-115252,15.984,12
MY-18295,US-2017-115252,14.352,13
MY-18295,US-2016-160206,12.99,14
MY-18295,US-2016-132423,8.04,15
MY-18295,CA-2016-151169,7.92,16
MY-18295,CA-2014-118976,5.34,17
MY-18295,CA-2014-118976,3.15,18
MY-18295,CA-2017-133067,2.202,19
MZ-17335,CA-2015-117611,371.97,1
MZ-17335,CA-2017-107314,25.83,2
MZ-17335,CA-2017-147144,19.83,3
MZ-17335,CA-2015-117611,5,4
MZ-17335,CA-2016-114748,1.408,5
MZ-17515,CA-2014-128524,2033.584,1
MZ-17515,CA-2017-136511,347.58,2
MZ-17515,CA-2014-128524,102.13,3
MZ-17515,CA-2014-128524,22.98,4
MZ-17515,CA-2015-125178,15.008,5
MZ-17515,CA-2015-131457,14.28,6
MZ-17515,CA-2016-169922,12.544,7
MZ-17515,CA-2016-169922,8.272,8
MZ-17515,US-2014-128685,7.184,9
MZ-17515,CA-2016-169922,1.344,10
NB-18580,CA-2014-164385,143.952,1
NB-18580,CA-2014-151967,129.92,2
NB-18655,CA-2016-140928,383.438,1
NB-18655,CA-2016-161816,369.576,2
NB-18655,CA-2014-125542,348.488,3
NB-18655,CA-2015-110289,210.84,4
NB-18655,CA-2014-125542,172.736,5
NB-18655,CA-2016-132066,142.182,6
NB-18655,CA-2017-107825,92.52,7
NB-18655,CA-2015-101126,77.24,8
NB-18655,CA-2017-110310,56.784,9
NB-18655,CA-2017-107825,37.76,10
NB-18655,CA-2015-110289,33.4,11
NB-18655,CA-2016-161816,15.712,12
NB-18655,CA-2017-107825,7.38,13
NB-18655,CA-2017-110310,6.576,14
NB-18655,US-2017-125213,6.54,15
NB-18655,CA-2017-107825,5.82,16
NB-18655,CA-2017-110310,5.607,17
NC-18340,CA-2017-111332,704.76,1
NC-18340,CA-2015-112452,644.076,2
NC-18340,CA-2015-112452,599.98,3
NC-18340,CA-2017-111332,131.94,4
NC-18340,US-2014-113124,129.3,5
NC-18340,CA-2016-124485,88.4,6
NC-18340,CA-2014-111899,37.84,7
NC-18340,CA-2017-111332,25.92,8
NC-18340,CA-2017-111332,21.5,9
NC-18340,CA-2016-124485,17.216,10
NC-18340,CA-2015-112452,12.76,11
NC-18340,CA-2016-124485,11.56,12
NC-18340,CA-2015-112452,10.95,13
NC-18340,CA-2017-111332,7.41,14
NC-18340,CA-2016-124485,6.48,15
NC-18340,CA-2015-112452,5.84,16
NC-18340,CA-2014-111899,5.472,17
NC-18415,CA-2017-131254,1525.188,1
NC-18415,CA-2017-131254,191.058,2
NC-18415,US-2015-113593,115.44,3
NC-18415,CA-2016-156503,102.592,4
NC-18415,CA-2016-156503,93.024,5
NC-18415,CA-2014-135755,40.176,6
NC-18415,CA-2016-156503,39.152,7
NC-18415,CA-2016-156503,35.008,8
NC-18415,CA-2016-156503,22.704,9
NC-18415,CA-2017-131254,13.04,10
NC-18415,CA-2015-144190,12.96,11
NC-18415,CA-2016-156503,12.768,12
NC-18415,CA-2014-135755,10.896,13
NC-18415,CA-2014-165393,4.984,14
NC-18535,CA-2017-149881,4799.984,1
NC-18535,CA-2014-114321,896.99,2
NC-18535,CA-2014-145254,604.752,3
NC-18535,CA-2014-114321,500.24,4
NC-18535,CA-2017-149881,482.664,5
NC-18535,CA-2017-139402,419.4,6
NC-18535,CA-2014-145254,302.376,7
NC-18535,US-2016-131674,58.416,8
NC-18535,CA-2014-145254,45,9
NC-18535,CA-2014-145254,40.7,10
NC-18535,CA-2017-163874,26.352,11
NC-18535,CA-2014-114321,20.12,12
NC-18535,CA-2017-148355,19.44,13
NC-18535,CA-2017-139402,13.005,14
NC-18535,CA-2017-148355,12.3,15
NC-18625,US-2016-100839,727.45,1
NC-18625,CA-2017-100951,720.76,2
NC-18625,CA-2015-116687,158.376,3
NC-18625,CA-2014-166590,75.88,4
NC-18625,CA-2017-169404,65.584,5
NC-18625,CA-2017-169404,37.896,6
NC-18625,US-2016-100839,24.96,7
NC-18625,CA-2015-116687,8.856,8
NC-18625,CA-2014-166590,1.98,9
ND-18370,CA-2015-114069,1931.04,1
ND-18370,CA-2017-105410,657.504,2
ND-18370,CA-2014-109232,545.94,3
ND-18370,CA-2014-148915,443.92,4
ND-18370,CA-2017-105410,199.96,5
ND-18370,CA-2014-148915,155.976,6
ND-18370,CA-2017-105410,99.54,7
ND-18370,CA-2016-145247,79.14,8
ND-18370,CA-2017-128699,47.992,9
ND-18370,US-2017-156356,32.544,10
ND-18370,US-2017-156356,26.046,11
ND-18370,CA-2017-105410,19.824,12
ND-18370,CA-2015-114069,11.808,13
ND-18370,CA-2015-114069,9.96,14
ND-18370,CA-2016-130778,8.74,15
ND-18370,US-2017-117331,8.559,16
ND-18370,US-2017-156356,2.896,17
ND-18460,CA-2017-107167,1347.52,1
ND-18460,CA-2017-164112,1085.42,2
ND-18460,CA-2014-131905,161.61,3
ND-18460,CA-2014-131905,144.95,4
ND-18460,CA-2014-138177,73.915,5
ND-18460,US-2015-140851,38.88,6
ND-18460,CA-2017-127803,26.16,7
ND-18460,CA-2014-131905,15,8
NF-18385,CA-2015-147830,2025.36,1
NF-18385,CA-2015-147830,1799.994,2
NF-18385,CA-2014-127614,1256.22,3
NF-18385,CA-2017-155705,866.4,4
NF-18385,US-2016-157945,747.558,5
NF-18385,CA-2017-130505,673.344,6
NF-18385,CA-2015-147830,262.864,7
NF-18385,US-2017-152842,242.352,8
NF-18385,CA-2014-127614,234.45,9
NF-18385,CA-2015-147830,101.988,10
NF-18385,CA-2016-113551,83.84,11
NF-18385,CA-2014-127614,17.46,12
NF-18385,US-2016-157945,8.928,13
NF-18385,CA-2016-113551,2.068,14
NF-18475,US-2015-100069,269.98,1
NF-18475,CA-2014-100293,91.056,2
NF-18475,CA-2016-162404,11.416,3
NF-18475,US-2014-132745,4.71,4
NF-18595,US-2015-139675,915.136,1
NF-18595,US-2015-139675,327.76,2
NF-18595,CA-2017-151358,323.1,3
NF-18595,CA-2015-110667,108.4,4
NF-18595,CA-2015-110667,82.344,5
NF-18595,CA-2014-169460,76.14,6
NF-18595,CA-2017-100335,73.008,7
NF-18595,US-2014-131870,60.672,8
NF-18595,US-2014-131870,30.816,9
NF-18595,CA-2015-160864,13.848,10
NF-18595,CA-2015-110667,11.16,11
NF-18595,CA-2015-110667,9.088,12
NG-18355,CA-2017-120019,579.51,1
NG-18355,US-2017-116659,370.782,2
NG-18355,CA-2014-100762,196.62,3
NG-18355,CA-2014-100762,151.92,4
NG-18355,CA-2014-100762,144.12,5
NG-18355,CA-2017-117947,107.424,6
NG-18355,CA-2017-117947,88.02,7
NG-18355,US-2015-130519,55.968,8
NG-18355,CA-2017-117947,40.48,9
NG-18355,CA-2017-117947,37.91,10
NG-18355,US-2015-130519,24.672,11
NG-18355,CA-2014-100762,15.96,12
NG-18355,US-2015-130519,15.712,13
NG-18355,US-2015-130519,15.552,14
NG-18355,CA-2017-120019,14.99,15
NG-18355,CA-2017-117947,9.94,16
NG-18430,CA-2017-130386,540.048,1
NG-18430,CA-2014-122749,479.96,2
NG-18430,CA-2017-130386,223.056,3
NG-18430,CA-2015-137708,42.8,4
NG-18430,CA-2015-137708,37.94,5
NG-18430,CA-2015-137708,33.63,6
NG-18430,CA-2015-103961,19.824,7
NG-18430,CA-2017-130386,16.056,8
NG-18430,CA-2014-115973,2.624,9
NH-18610,CA-2017-122693,1245.86,1
NH-18610,CA-2017-100384,385.6,2
NH-18610,US-2017-136721,306.9,3
NH-18610,US-2017-136721,273.96,4
NH-18610,CA-2014-111157,151.2,5
NH-18610,CA-2015-113901,149.95,6
NH-18610,CA-2015-147102,66.36,7
NH-18610,CA-2015-113901,38.28,8
NH-18610,CA-2017-100384,35.82,9
NH-18610,CA-2016-123722,15.936,10
NH-18610,CA-2014-111157,3.424,11
NK-18490,CA-2016-102561,284.08,1
NK-18490,CA-2017-126536,101.84,2
NK-18490,CA-2017-162712,74.352,3
NK-18490,CA-2017-130148,31.08,4
NK-18490,CA-2016-102561,18.496,5
NK-18490,CA-2016-141586,18.16,6
NK-18490,CA-2017-148166,17.856,7
NK-18490,CA-2016-102561,11.264,8
NK-18490,CA-2017-130148,7.3,9
NK-18490,CA-2015-118948,6.63,10
NK-18490,CA-2017-126536,0.99,11
NL-18310,US-2017-163790,590.352,1
NL-18310,US-2017-163790,452.55,2
NL-18310,US-2015-139759,105.96,3
NL-18310,US-2017-163790,76.58,4
NL-18310,US-2014-120313,73.584,5
NL-18310,US-2015-139759,40.784,6
NL-18310,CA-2016-147473,38.88,7
NL-18310,US-2017-163790,25.02,8
NL-18310,US-2017-163790,8.8,9
NL-18310,US-2017-163790,5.58,10
NM-18445,CA-2014-164973,3991.98,1
NM-18445,CA-2015-136805,850.5,2
NM-18445,CA-2014-150581,399.96,3
NM-18445,CA-2014-164973,360,4
NM-18445,CA-2014-164973,275.94,5
NM-18445,CA-2014-164973,135.882,6
NM-18445,US-2015-152128,127.96,7
NM-18445,CA-2014-150581,99.592,8
NM-18445,CA-2015-136805,75.33,9
NM-18445,CA-2014-111857,48.91,10
NM-18445,CA-2014-164973,43.57,11
NM-18445,US-2015-152128,21.24,12
NM-18445,CA-2014-125759,14.56,13
NM-18445,CA-2017-125367,13.92,14
NM-18520,CA-2016-153598,1649.95,1
NM-18520,CA-2016-168844,179.7,2
NM-18520,CA-2016-153598,111.9,3
NM-18520,CA-2015-162166,41.88,4
NM-18520,CA-2015-162166,26.4,5
NM-18520,CA-2016-158806,25.92,6
NM-18520,US-2015-100531,24.288,7
NM-18520,CA-2016-158806,23.076,8
NM-18520,US-2015-100531,15.08,9
NM-18520,CA-2016-168844,7.152,10
NM-18520,US-2015-105676,6.688,11
NM-18520,US-2017-107636,5.76,12
NM-18520,CA-2016-136049,5.553,13
NP-18325,CA-2015-131338,1217.568,1
NP-18325,CA-2015-131338,979.95,2
NP-18325,CA-2014-117464,717.72,3
NP-18325,CA-2015-131338,382.806,4
NP-18325,CA-2015-131338,307.98,5
NP-18325,US-2014-117135,284.82,6
NP-18325,CA-2015-131338,247.8,7
NP-18325,CA-2014-117464,236.5,8
NP-18325,CA-2015-143490,219.184,9
NP-18325,CA-2014-117464,170.352,10
NP-18325,CA-2014-114433,149.97,11
NP-18325,CA-2015-131338,143.7,12
NP-18325,CA-2015-143490,120.15,13
NP-18325,US-2014-117135,104.01,14
NP-18325,CA-2017-126865,92.94,15
NP-18325,CA-2015-131338,47.04,16
NP-18325,CA-2015-131338,41.96,17
NP-18325,US-2014-117135,36.84,18
NP-18325,CA-2014-117464,11.52,19
NP-18325,CA-2015-131338,10.65,20
NP-18325,CA-2015-131338,6.16,21
NP-18670,CA-2017-150091,2154.9,1
NP-18670,CA-2016-114104,944.93,2
NP-18670,CA-2015-138485,538.92,3
NP-18670,CA-2017-167227,83.9,4
NP-18670,CA-2016-162110,55.992,5
NP-18670,CA-2017-150091,45,6
NP-18670,CA-2017-150091,40.48,7
NP-18670,CA-2017-150091,17.9,8
NP-18670,CA-2016-114104,14.62,9
NP-18685,CA-2015-156104,999.98,1
NP-18685,US-2014-131982,107.648,2
NP-18685,CA-2016-166653,63.968,3
NP-18685,CA-2016-113138,17.712,4
NP-18685,CA-2016-113138,17.28,5
NP-18685,CA-2015-141768,14.73,6
NP-18685,CA-2015-125696,7.38,7
NP-18700,CA-2014-168494,3610.848,1
NP-18700,CA-2016-105459,1591.02,2
NP-18700,CA-2014-168494,764.688,3
NP-18700,CA-2016-125094,479.72,4
NP-18700,CA-2017-138310,431.928,5
NP-18700,CA-2014-106572,264.32,6
NP-18700,CA-2014-168494,254.9745,7
NP-18700,CA-2016-105459,209.148,8
NP-18700,CA-2014-142510,132.16,9
NP-18700,CA-2014-142510,124.032,10
NP-18700,CA-2014-142510,17.904,11
NP-18700,CA-2017-169264,16.68,12
NP-18700,CA-2017-169264,5.76,13
NR-18550,CA-2017-140872,503.96,1
NR-18550,CA-2016-109400,366.744,2
NR-18550,CA-2016-152688,315.98,3
NR-18550,CA-2014-106229,268.935,4
NR-18550,CA-2017-140872,241.568,5
NR-18550,CA-2017-140872,205.992,6
NR-18550,CA-2016-152688,120.98,7
NR-18550,CA-2017-140872,110.4,8
NR-18550,CA-2017-140872,24.472,9
NR-18550,CA-2017-140872,15.552,10
NR-18550,CA-2017-140872,5.2,11
NR-18550,CA-2017-140872,4.554,12
NS-18505,CA-2017-153045,887.271,1
NS-18505,CA-2017-153045,429.6,2
NS-18505,CA-2016-128531,297.576,3
NS-18505,CA-2017-121195,264.32,4
NS-18505,CA-2017-129378,241.96,5
NS-18505,CA-2017-129378,108.608,6
NS-18505,CA-2016-128531,94.992,7
NS-18505,CA-2016-128531,74.352,8
NS-18505,CA-2017-129378,61.776,9
NS-18505,CA-2016-128531,41.92,10
NS-18505,CA-2017-153045,31.968,11
NS-18505,CA-2017-153045,21.696,12
NS-18505,CA-2016-128531,14.04,13
NS-18505,CA-2016-128531,4.344,14
NS-18505,CA-2017-129378,1.44,15
NS-18640,CA-2016-162187,458.43,1
NS-18640,CA-2014-159338,447.84,2
NS-18640,CA-2016-162187,387.136,3
NS-18640,CA-2015-123155,359.88,4
NS-18640,CA-2016-162187,328.59,5
NS-18640,US-2015-160563,239.97,6
NS-18640,CA-2015-123155,113.52,7
NS-18640,CA-2017-134635,79.14,8
NS-18640,US-2015-117492,77.58,9
NS-18640,CA-2016-144645,73.784,10
NS-18640,CA-2016-162187,64.96,11
NS-18640,CA-2016-169824,60.35,12
NS-18640,CA-2017-115651,58.464,13
NS-18640,CA-2015-108259,39.879,14
NS-18640,CA-2016-169824,35.52,15
NS-18640,CA-2015-108259,31.504,16
NS-18640,CA-2017-141614,20.736,17
NS-18640,US-2015-160563,16.02,18
NS-18640,CA-2016-162187,13.52,19
NS-18640,CA-2016-131639,13.488,20
NS-18640,CA-2016-131639,11.416,21
NS-18640,CA-2016-169824,11.2,22
NS-18640,CA-2017-115651,8.84,23
NS-18640,CA-2015-108259,5.04,24
NS-18640,CA-2015-108259,4.712,25
NS-18640,CA-2015-163895,3.304,26
NW-18400,US-2015-160857,2799.944,1
NW-18400,CA-2015-102582,1056.86,2
NW-18400,CA-2015-102582,801.96,3
NW-18400,CA-2014-168984,669.08,4
NW-18400,CA-2014-168984,438.336,5
NW-18400,US-2015-160857,357.93,6
NW-18400,CA-2014-138317,206.991,7
NW-18400,CA-2016-159023,179.991,8
NW-18400,CA-2015-115511,141.96,9
NW-18400,US-2015-160857,127.764,10
NW-18400,CA-2014-138317,95.968,11
NW-18400,US-2015-160857,79.44,12
NW-18400,CA-2015-115511,66.048,13
NW-18400,CA-2015-102582,59.97,14
NW-18400,CA-2014-138317,44.416,15
NW-18400,CA-2017-127656,30.32,16
NW-18400,CA-2014-138317,24.896,17
NW-18400,US-2015-160857,19.44,18
NW-18400,CA-2014-168984,15.552,19
NW-18400,CA-2014-138317,9.006,20
NW-18400,CA-2016-159023,4.158,21
NW-18400,CA-2014-138317,3.984,22
NZ-18565,US-2014-106299,838.38,1
NZ-18565,CA-2015-144267,544.008,2
NZ-18565,CA-2016-110772,255.984,3
NZ-18565,US-2017-148054,227.84,4
NZ-18565,CA-2017-154676,151.056,5
NZ-18565,CA-2016-110772,86.97,6
NZ-18565,CA-2015-144267,59.94,7
NZ-18565,CA-2016-134222,44.856,8
NZ-18565,US-2017-148054,41.96,9
NZ-18565,US-2017-148054,37.94,10
NZ-18565,CA-2016-164154,37.52,11
NZ-18565,US-2014-106299,26.7,12
NZ-18565,CA-2015-144267,23.92,13
NZ-18565,CA-2017-150609,23.24,14
NZ-18565,CA-2016-164154,22.428,15
NZ-18565,US-2014-106299,21.2,16
NZ-18565,CA-2016-110772,19.096,17
NZ-18565,CA-2016-110772,18.496,18
NZ-18565,CA-2015-144267,4.28,19
NZ-18565,US-2016-158680,2.496,20
ON-18715,CA-2016-130820,630.024,1
ON-18715,CA-2014-154095,239.84,2
ON-18715,US-2016-151862,159.984,3
ON-18715,CA-2014-154095,146.82,4
ON-18715,CA-2014-140039,79.4,5
ON-18715,CA-2014-154095,60.72,6
ON-18715,CA-2014-121286,58.24,7
ON-18715,CA-2015-112014,50.8,8
ON-18715,CA-2016-118255,45.98,9
ON-18715,US-2015-117184,33.28,10
ON-18715,CA-2016-118255,17.46,11
ON-18715,CA-2014-154095,15.66,12
ON-18715,US-2015-117184,14.088,13
ON-18715,CA-2014-121286,8.376,14
ON-18715,US-2015-161466,6.848,15
OT-18730,CA-2016-107783,1369.764,1
OT-18730,CA-2016-113243,1335.68,2
OT-18730,CA-2017-162173,356.85,3
OT-18730,CA-2017-162173,251.58,4
OT-18730,CA-2015-109169,180.96,5
OT-18730,CA-2016-107783,177.45,6
OT-18730,CA-2017-115364,83.76,7
OT-18730,CA-2016-113243,32.4,8
OT-18730,CA-2016-113243,20.7,9
OT-18730,CA-2016-107783,9.48,10
PA-19060,CA-2015-129476,339.96,1
PA-19060,CA-2017-140508,114.848,2
PA-19060,CA-2015-105970,101.88,3
PA-19060,CA-2014-148761,91.68,4
PA-19060,US-2016-117387,67.136,5
PA-19060,CA-2015-105970,10.16,6
PA-19060,US-2016-158309,3.744,7
PB-18805,CA-2017-156958,199.9,1
PB-18805,CA-2017-156958,172.752,2
PB-18805,CA-2017-156958,83.92,3
PB-18805,CA-2016-125738,60.12,4
PB-18805,CA-2016-125738,45.68,5
PB-18805,CA-2016-125738,41.72,6
PB-18805,CA-2017-156958,31.176,7
PB-18805,CA-2015-146465,24.192,8
PB-18805,CA-2017-156958,9.296,9
PB-19105,CA-2014-128888,604.656,1
PB-19105,US-2017-101518,40.776,2
PB-19105,CA-2017-161970,17.94,3
PB-19105,CA-2017-161970,12.96,4
PB-19105,CA-2016-150889,11.992,5
PB-19150,CA-2015-137526,464.85,1
PB-19150,CA-2016-148796,383.8,2
PB-19150,CA-2017-142391,199.8,3
PB-19150,CA-2014-146843,102.24,4
PB-19150,CA-2015-137526,77.6,5
PB-19150,CA-2015-137526,70.008,6
PB-19150,US-2014-150532,55.92,7
PB-19150,CA-2014-146843,47.992,8
PB-19150,US-2014-111353,25.06,9
PB-19150,CA-2014-107573,23.472,10
PB-19150,CA-2015-167269,6.208,11
PB-19210,CA-2016-164938,69.93,1
PB-19210,CA-2014-149055,62.808,2
PC-18745,CA-2014-150245,1573.488,1
PC-18745,CA-2016-105494,155.82,2
PC-18745,CA-2016-105494,70.008,3
PC-18745,CA-2016-159639,31.56,4
PC-18745,US-2017-162068,1.188,5
PC-19000,CA-2015-153388,1004.976,1
PC-19000,US-2014-163797,49.792,2
PC-19000,CA-2015-153388,6.72,3
PF-19120,US-2015-126977,4228.704,1
PF-19120,US-2015-126977,2003.92,2
PF-19120,US-2015-126977,659.9,3
PF-19120,CA-2015-140025,463.248,4
PF-19120,CA-2015-140025,383.952,5
PF-19120,CA-2015-129896,364.704,6
PF-19120,US-2015-126977,209.97,7
PF-19120,US-2015-126977,199.764,8
PF-19120,US-2015-126977,110.96,9
PF-19120,US-2015-126977,94.6,10
PF-19120,US-2015-126977,87.71,11
PF-19120,US-2015-126977,67.8,12
PF-19120,CA-2015-129896,40.256,13
PF-19120,CA-2014-166457,24.56,14
PF-19120,US-2015-126977,14.9,15
PF-19120,CA-2015-129896,9.568,16
PF-19120,CA-2014-166457,9.42,17
PF-19120,CA-2014-166457,6.56,18
PF-19165,CA-2016-162355,1266.86,1
PF-19165,US-2014-134614,617.7,2
PF-19165,CA-2016-138233,479.97,3
PF-19165,CA-2017-118437,155.25,4
PF-19165,CA-2015-101707,114.2,5
PF-19165,CA-2015-111458,50,6
PF-19165,CA-2016-162355,35.97,7
PF-19165,CA-2015-101707,32.94,8
PF-19165,CA-2017-118437,14.03,9
PF-19165,CA-2015-101707,3.08,10
PF-19225,CA-2016-114972,1101.48,1
PF-19225,US-2017-130687,455.712,2
PF-19225,CA-2016-114972,217.584,3
PF-19225,CA-2016-160234,135.95,4
PF-19225,CA-2016-114972,87.71,5
PF-19225,CA-2016-114972,82.95,6
PF-19225,US-2017-130687,80.96,7
PF-19225,US-2017-130687,25.98,8
PF-19225,US-2016-163258,11.232,9
PF-19225,CA-2017-110380,6.57,10
PG-18820,CA-2016-103464,595,1
PG-18820,CA-2016-151561,468.9,2
PG-18820,US-2016-162859,398.352,3
PG-18820,US-2015-155369,310.392,4
PG-18820,CA-2016-151561,191.82,5
PG-18820,US-2014-102071,167.97,6
PG-18820,CA-2016-144344,165.048,7
PG-18820,CA-2017-140186,97.84,8
PG-18820,CA-2017-140186,72.784,9
PG-18820,CA-2016-151561,72.48,10
PG-18820,US-2014-102071,67.8,11
PG-18820,CA-2016-144344,63.968,12
PG-18820,CA-2017-140186,51.75,13
PG-18820,CA-2016-144344,47.952,14
PG-18820,CA-2017-140186,46.672,15
PG-18820,CA-2016-144344,37.425,16
PG-18820,CA-2014-109890,35.98,17
PG-18820,US-2017-116491,35.184,18
PG-18820,CA-2017-140186,35,19
PG-18820,US-2015-129553,29.97,20
PG-18820,CA-2017-123701,27.76,21
PG-18820,US-2015-155369,19.568,22
PG-18820,CA-2016-150000,17.92,23
PG-18820,CA-2016-151561,10.95,24
PG-18820,CA-2016-106306,9.702,25
PG-18820,US-2016-162859,8.72,26
PG-18895,US-2017-135986,503.96,1
PG-18895,CA-2015-166464,479.984,2
PG-18895,CA-2015-134117,204.85,3
PG-18895,CA-2017-122056,181.86,4
PG-18895,CA-2015-134117,135.984,5
PG-18895,CA-2014-103849,100.792,6
PG-18895,CA-2015-134117,92.96,7
PG-18895,CA-2014-103849,66.112,8
PG-18895,CA-2014-103849,58.112,9
PG-18895,CA-2017-148320,35.88,10
PG-18895,US-2017-135986,32.4,11
PG-18895,CA-2016-147578,31.56,12
PG-18895,CA-2017-155558,19.99,13
PG-18895,CA-2015-134117,16.4,14
PG-18895,CA-2015-166464,12.6,15
PG-18895,CA-2016-111010,7.56,16
PG-18895,CA-2017-155558,6.16,17
PH-18790,CA-2017-113558,683.952,1
PH-18790,CA-2017-113558,45.696,2
PJ-18835,CA-2015-154746,826.11,1
PJ-18835,CA-2015-137897,59.9,2
PJ-18835,CA-2014-135993,57.408,3
PJ-18835,CA-2017-105130,40.736,4
PJ-18835,US-2017-108700,38.016,5
PJ-18835,CA-2015-137897,37.6,6
PJ-18835,CA-2015-137897,37,7
PJ-18835,CA-2015-154746,33.96,8
PJ-18835,CA-2014-135993,27.6,9
PJ-18835,CA-2017-103009,26.4,10
PJ-18835,CA-2016-112676,14.352,11
PJ-18835,CA-2017-105130,11.76,12
PJ-18835,CA-2016-160136,9.248,13
PJ-19015,CA-2017-143686,1399.93,1
PJ-19015,CA-2016-153101,146.04,2
PJ-19015,CA-2015-122973,135.99,3
PJ-19015,CA-2016-137939,89.95,4
PJ-19015,CA-2017-143686,18.28,5
PJ-19015,CA-2017-163069,9.912,6
PJ-19015,CA-2014-124023,8.96,7
PJ-19015,CA-2015-122973,7.38,8
PJ-19015,CA-2017-151218,4.464,9
PJ-19015,CA-2015-122973,3.328,10
PK-18910,CA-2016-158099,1141.47,1
PK-18910,CA-2016-158099,280.782,2
PK-18910,CA-2014-105172,18.9,3
PK-19075,US-2017-102183,4305.552,1
PK-19075,CA-2017-116680,1478.272,2
PK-19075,CA-2014-105893,665.88,3
PK-19075,CA-2016-118332,563.92,4
PK-19075,CA-2016-115756,242.94,5
PK-19075,CA-2016-115756,194.94,6
PK-19075,US-2016-134488,155.372,7
PK-19075,CA-2016-166282,123.088,8
PK-19075,CA-2017-132346,100.94,9
PK-19075,CA-2016-115756,70.95,10
PK-19075,CA-2016-166282,35.168,11
PK-19075,US-2017-102183,32.088,12
PK-19075,CA-2017-147753,25.06,13
PK-19075,CA-2017-107461,23.88,14
PK-19075,CA-2016-129126,23.12,15
PK-19075,CA-2016-115756,22.05,16
PK-19075,CA-2016-129126,21.48,17
PK-19075,CA-2016-129126,17.15,18
PK-19075,CA-2016-129126,14.62,19
PK-19075,CA-2017-116680,13.344,20
PK-19075,CA-2016-115756,12.22,21
PK-19075,CA-2016-150343,10.86,22
PK-19075,CA-2016-129126,5.76,23
PL-18925,US-2016-113509,83.976,1
PL-18925,CA-2014-168305,44.4,2
PL-18925,CA-2017-165757,31.155,3
PL-18925,CA-2017-119564,22.77,4
PL-18925,CA-2014-168305,21.4,5
PL-18925,CA-2017-109946,16.52,6
PL-18925,CA-2017-165757,10.332,7
PL-18925,CA-2017-165757,8.928,8
PM-18940,CA-2016-102092,1056.86,1
PM-18940,CA-2015-141250,199.304,2
PM-18940,CA-2015-141250,102.438,3
PM-18940,CA-2014-117709,46.8,4
PM-19135,US-2015-134558,2249.91,1
PM-19135,US-2015-134558,1053.164,2
PM-19135,CA-2017-159667,499.168,3
PM-19135,CA-2017-159667,191.976,4
PM-19135,CA-2016-149685,60.144,5
PM-19135,CA-2016-165148,31.4,6
PM-19135,US-2015-134558,29.9,7
PN-18775,CA-2016-138597,563.94,1
PN-18775,US-2017-132031,387.136,2
PN-18775,CA-2017-161018,96.53,3
PN-18775,US-2017-132031,77.952,4
PN-18775,US-2017-148768,71.976,5
PN-18775,CA-2017-132213,67.92,6
PN-18775,US-2016-118780,59.48,7
PN-18775,US-2017-132031,45.408,8
PN-18775,CA-2017-132213,42.048,9
PN-18775,CA-2016-155439,25.92,10
PN-18775,CA-2015-141936,19.152,11
PN-18775,US-2016-118780,6.69,12
PN-18775,US-2017-132031,3,13
PO-18850,CA-2017-129021,4367.896,1
PO-18850,US-2016-141544,786.744,2
PO-18850,CA-2015-130183,613.9992,3
PO-18850,CA-2017-141705,517.405,4
PO-18850,US-2016-141544,290.898,5
PO-18850,CA-2017-129021,161.376,6
PO-18850,US-2017-101784,122.136,7
PO-18850,CA-2014-159681,105.52,8
PO-18850,US-2016-141544,100.24,9
PO-18850,CA-2014-148782,88.776,10
PO-18850,US-2016-141544,54.224,11
PO-18850,US-2016-141544,37.764,12
PO-18850,CA-2015-104486,37.32,13
PO-18850,CA-2015-104486,35.06,14
PO-18850,CA-2017-149853,17.92,15
PO-18850,CA-2017-149853,15.552,16
PO-18850,CA-2017-129021,8.72,17
PO-18850,CA-2016-111409,3,18
PO-18850,CA-2017-129021,2.784,19
PO-18865,CA-2014-120838,604.752,1
PO-18865,CA-2014-120838,330.4,2
PO-18865,CA-2017-143259,323.136,3
PO-18865,CA-2017-140088,301.96,4
PO-18865,CA-2014-146703,211.96,5
PO-18865,US-2016-152415,191.82,6
PO-18865,CA-2017-128328,133.2,7
PO-18865,CA-2017-128328,125.88,8
PO-18865,CA-2017-143259,90.93,9
PO-18865,CA-2017-128328,79.78,10
PO-18865,CA-2017-143259,52.776,11
PO-18865,CA-2017-108756,31.8,12
PO-18865,US-2016-152415,14.82,13
PO-19180,CA-2016-147375,1007.979,1
PO-19180,CA-2015-121783,795.51,2
PO-19180,CA-2015-121783,715.64,3
PO-19180,CA-2015-121783,549.99,4
PO-19180,CA-2015-164539,523.25,5
PO-19180,CA-2017-118346,399.95,6
PO-19180,CA-2016-147375,313.488,7
PO-19180,CA-2016-151148,146.952,8
PO-19180,US-2015-156797,138,9
PO-19180,CA-2016-151148,83.136,10
PO-19180,CA-2015-121783,74.76,11
PO-19180,CA-2017-143665,39.28,12
PO-19180,CA-2015-121783,29.22,13
PO-19180,CA-2017-143665,20.34,14
PO-19180,CA-2016-147683,19.54,15
PO-19180,CA-2017-142867,13.776,16
PO-19180,US-2015-156797,11.96,17
PO-19180,CA-2017-142867,10.272,18
PO-19195,CA-2015-110891,344.372,1
PO-19195,CA-2014-112326,272.736,2
PO-19195,US-2017-103247,160.93,3
PO-19195,CA-2015-156335,104.98,4
PO-19195,US-2017-103247,75.792,5
PO-19195,CA-2015-156335,63.96,6
PO-19195,CA-2015-156335,14.46,7
PO-19195,CA-2014-112326,11.784,8
PO-19195,CA-2015-144099,4.304,9
PO-19195,CA-2014-112326,3.54,10
PP-18955,CA-2014-126683,2348.82,1
PP-18955,CA-2017-117401,706.86,2
PP-18955,US-2016-108504,484.83,3
PP-18955,CA-2017-134096,383.96,4
PP-18955,US-2016-108504,348.84,5
PP-18955,US-2016-108504,342.37,6
PP-18955,CA-2016-145177,334.88,7
PP-18955,CA-2015-146087,301.96,8
PP-18955,US-2016-108504,239.98,9
PP-18955,CA-2016-145177,178.92,10
PP-18955,CA-2014-146815,172.764,11
PP-18955,US-2016-108504,167.96,12
PP-18955,US-2014-115413,149.97,13
PP-18955,CA-2016-145177,148.288,14
PP-18955,US-2016-108504,122.97,15
PP-18955,CA-2017-117401,114.95,16
PP-18955,US-2016-108504,104.85,17
PP-18955,CA-2016-145177,89.568,18
PP-18955,US-2016-108504,80.98,19
PP-18955,CA-2016-145177,69.888,20
PP-18955,CA-2017-117401,43.19,21
PP-18955,CA-2016-145177,41.958,22
PP-18955,US-2016-108504,18.84,23
PP-18955,CA-2017-134096,15.57,24
PP-18955,CA-2015-130253,15.24,25
PP-18955,US-2016-108504,9.45,26
PP-18955,CA-2016-145177,9.216,27
PP-18955,US-2014-115413,8.64,28
PP-18955,CA-2014-126683,6.16,29
PP-18955,CA-2015-111864,5.904,30
PP-18955,CA-2016-145177,4.624,31
PP-18955,CA-2014-146815,3.52,32
PR-18880,US-2017-109253,568.728,1
PR-18880,US-2017-109253,431.968,2
PR-18880,US-2017-109253,203.52,3
PR-18880,US-2015-110261,158.376,4
PR-18880,US-2017-109253,129.92,5
PR-18880,US-2017-109253,117.144,6
PR-18880,CA-2015-125563,67.36,7
PR-18880,CA-2015-125563,54.528,8
PR-18880,US-2017-109253,51.75,9
PR-18880,CA-2014-136861,31.984,10
PR-18880,US-2017-109253,17.12,11
PR-18880,CA-2017-162250,7.78,12
PS-18760,CA-2015-143147,399.54,1
PS-18760,CA-2016-153269,354.9,2
PS-18760,CA-2017-128965,274.89,3
PS-18760,CA-2017-156237,241.17,4
PS-18760,CA-2017-128965,218.352,5
PS-18760,CA-2017-156237,127.936,6
PS-18760,CA-2017-156237,113.372,7
PS-18760,CA-2015-143147,105.686,8
PS-18760,CA-2015-143147,104.93,9
PS-18760,CA-2016-153269,51.8,10
PS-18760,CA-2014-126963,36.544,11
PS-18760,CA-2017-128965,28.14,12
PS-18760,CA-2017-128965,23.04,13
PS-18760,US-2016-101497,18.97,14
PS-18760,CA-2017-156237,18.312,15
PS-18760,CA-2016-153269,17.94,16
PS-18760,CA-2017-156237,12.585,17
PS-18760,CA-2016-153269,11.21,18
PS-18760,CA-2017-128965,10.9,19
PS-18760,CA-2017-128965,7.38,20
PS-18760,CA-2017-156237,3.882,21
PS-18970,CA-2017-111591,359.32,1
PS-18970,US-2015-164175,213.115,2
PS-18970,CA-2015-135727,191.968,3
PS-18970,US-2014-120740,187.76,4
PS-18970,US-2014-120740,106.96,5
PS-18970,CA-2015-140830,71.88,6
PS-18970,US-2017-111920,36.44,7
PS-18970,CA-2017-111591,30.576,8
PS-18970,CA-2017-111591,22.14,9
PS-18970,CA-2017-163818,19.98,10
PS-18970,CA-2015-140830,17.48,11
PS-18970,CA-2017-111591,13.02,12
PS-18970,CA-2016-161158,8,13
PS-19045,CA-2017-133865,3359.952,1
PS-19045,CA-2014-136567,2244.48,2
PS-19045,CA-2014-136567,455.1,3
PS-19045,CA-2017-160423,348.208,4
PS-19045,CA-2014-136567,122.48,5
PS-19045,CA-2015-132374,79.36,6
PS-19045,CA-2015-155054,67.98,7
PS-19045,CA-2014-136567,62.31,8
PS-19045,CA-2017-160423,35.784,9
PS-19045,CA-2015-155054,29.84,10
PS-19045,CA-2017-109211,16.98,11
PS-19045,CA-2016-164896,12.9,12
PS-19045,CA-2015-155054,8.26,13
PT-19090,US-2016-152373,93.456,1
PT-19090,CA-2017-103065,43.936,2
PT-19090,US-2014-150924,5.18,3
PT-19090,CA-2017-103065,4.768,4
PT-19090,CA-2017-103065,4.448,5
PT-19090,CA-2017-145093,2.112,6
PV-18985,CA-2017-105914,1575.14,1
PV-18985,CA-2014-161508,512.358,2
PV-18985,CA-2016-119025,490.32,3
PV-18985,CA-2017-105914,112.12,4
PV-18985,US-2017-133081,63.88,5
PV-18985,CA-2016-107216,29.29,6
PV-18985,US-2017-133081,26.72,7
PV-18985,CA-2014-161508,22.288,8
PV-18985,CA-2014-161508,16.032,9
PV-18985,CA-2016-107216,8.73,10
PV-18985,CA-2016-107216,8.64,11
PV-18985,CA-2016-107216,7.04,12
PV-18985,CA-2014-161508,3.488,13
PW-19030,CA-2017-116988,1287.45,1
PW-19030,CA-2016-113607,1091.93,2
PW-19030,CA-2014-125150,232.88,3
PW-19030,CA-2016-140438,197.97,4
PW-19030,CA-2017-116988,126.3,5
PW-19030,CA-2016-105354,115.84,6
PW-19030,CA-2016-113607,111.96,7
PW-19030,CA-2017-137323,96.36,8
PW-19030,CA-2015-127327,90.882,9
PW-19030,CA-2017-156272,64.384,10
PW-19030,CA-2017-116988,19.44,11
PW-19030,CA-2017-117695,13.76,12
PW-19030,CA-2016-140256,5.76,13
PW-19240,CA-2015-162782,2541.98,1
PW-19240,US-2015-114839,408.422,2
PW-19240,US-2015-145422,359.499,3
PW-19240,CA-2015-144274,307.98,4
PW-19240,CA-2014-164210,145.98,5
PW-19240,CA-2015-144274,38.88,6
PW-19240,CA-2014-164210,35.808,7
PW-19240,CA-2015-144274,16.56,8
PW-19240,CA-2015-144274,13.12,9
PW-19240,CA-2016-120257,7.872,10
PW-19240,US-2016-131891,2.214,11
QJ-19255,CA-2015-117086,4404.9,1
QJ-19255,CA-2017-144526,677.58,2
QJ-19255,CA-2016-142097,232.96,3
QJ-19255,CA-2017-104066,205.03,4
QJ-19255,US-2014-157070,138.56,5
QJ-19255,CA-2014-127859,126.624,6
QJ-19255,CA-2016-134425,114.95,7
QJ-19255,CA-2016-142097,66.54,8
QJ-19255,US-2014-157070,65.52,9
QJ-19255,CA-2016-142097,43.26,10
QJ-19255,CA-2017-144526,13.896,11
QJ-19255,CA-2016-109652,13.568,12
QJ-19255,CA-2015-130995,4.95,13
RA-19285,CA-2015-111780,1199.96,1
RA-19285,CA-2017-141929,487.984,2
RA-19285,CA-2017-131695,248.57,3
RA-19285,CA-2017-141929,217.85,4
RA-19285,CA-2017-161480,191.984,5
RA-19285,CA-2017-127313,79.12,6
RA-19285,CA-2015-155068,55.944,7
RA-19285,CA-2017-127313,37.392,8
RA-19285,CA-2017-131695,22.23,9
RA-19285,CA-2015-111780,17.94,10
RA-19285,CA-2015-111780,12.6,11
RA-19285,CA-2015-150441,11.36,12
RA-19285,CA-2015-155068,10.688,13
RA-19285,CA-2017-141929,5.56,14
RA-19285,US-2016-128195,3.98,15
RA-19285,CA-2014-154186,2.92,16
RA-19885,US-2014-118997,1215.92,1
RA-19885,US-2017-106145,931.176,2
RA-19885,CA-2014-129091,675.12,3
RA-19885,CA-2014-129091,319.9,4
RA-19885,CA-2017-163629,206.1,5
RA-19885,US-2017-111745,159.99,6
RA-19885,CA-2017-163629,79.99,7
RA-19885,CA-2016-101343,77.88,8
RA-19885,US-2017-106145,71.88,9
RA-19885,US-2017-106145,35.88,10
RA-19885,US-2017-106145,17.04,11
RA-19885,CA-2014-129091,16.23,12
RA-19885,CA-2014-129091,11.36,13
RA-19885,US-2017-106145,9.24,14
RA-19885,CA-2015-155453,4.608,15
RA-19915,CA-2014-134313,1983.968,1
RA-19915,US-2015-122784,913.43,2
RA-19915,US-2015-122784,384.944,3
RA-19915,CA-2016-149979,368.97,4
RA-19915,CA-2017-112809,200.064,5
RA-19915,US-2015-122784,153.584,6
RA-19915,CA-2017-140585,119.98,7
RA-19915,CA-2017-140585,119.833,8
RA-19915,CA-2016-149979,118.25,9
RA-19915,CA-2015-149909,96.08,10
RA-19915,CA-2015-149909,63.77,11
RA-19915,CA-2015-149909,50.97,12
RA-19915,CA-2014-102008,48.94,13
RA-19915,CA-2017-140585,46.672,14
RA-19915,CA-2014-134313,43.176,15
RA-19915,CA-2015-130792,23.832,16
RA-19915,CA-2017-112809,21.38,17
RA-19915,CA-2015-130792,8.652,18
RA-19915,CA-2017-112809,6.744,19
RA-19915,CA-2014-123064,5.248,20
RA-19915,US-2015-122784,2.88,21
RA-19945,CA-2014-169775,505.176,1
RA-19945,CA-2015-126445,484.65,2
RA-19945,CA-2017-152583,251.006,3
RA-19945,CA-2014-169775,174.0585,4
RA-19945,CA-2017-146346,146.352,5
RA-19945,CA-2017-152583,54.192,6
RA-19945,CA-2014-169775,29.808,7
RA-19945,CA-2015-112823,25.488,8
RA-19945,CA-2017-152583,16.192,9
RB-19330,CA-2014-159835,657.93,1
RB-19330,CA-2017-106068,259.136,2
RB-19330,CA-2017-106068,55.2,3
RB-19330,CA-2017-106068,13.72,4
RB-19330,CA-2014-159835,12.448,5
RB-19330,CA-2017-106068,9.762,6
RB-19360,CA-2017-140151,13999.96,1
RB-19360,CA-2016-166674,263.88,2
RB-19360,CA-2016-166674,161.94,3
RB-19360,CA-2016-109953,151.62,4
RB-19360,CA-2017-162572,119.96,5
RB-19360,CA-2016-109953,110.376,6
RB-19360,CA-2016-166674,59.52,7
RB-19360,CA-2016-156573,44.76,8
RB-19360,CA-2016-166674,35.12,9
RB-19360,CA-2017-140151,32.48,10
RB-19360,CA-2016-109953,30.8,11
RB-19360,CA-2016-166674,30.48,12
RB-19360,CA-2017-169810,20.23,13
RB-19360,CA-2017-140151,20.04,14
RB-19360,CA-2016-156573,11.277,15
RB-19360,CA-2017-162572,10.608,16
RB-19360,CA-2016-166674,9.84,17
RB-19360,CA-2016-156573,4.448,18
RB-19435,CA-2017-153871,735.98,1
RB-19435,US-2014-144078,725.344,2
RB-19435,US-2014-144078,539.92,3
RB-19435,US-2015-103996,212.64,4
RB-19435,CA-2014-167360,111.79,5
RB-19435,US-2014-105137,101.994,6
RB-19435,US-2015-103996,53.25,7
RB-19435,CA-2017-153871,40.2,8
RB-19435,CA-2015-120397,32.784,9
RB-19435,CA-2017-146458,22.96,10
RB-19435,CA-2017-153871,22.75,11
RB-19435,US-2015-103996,19.92,12
RB-19435,US-2014-105137,18.264,13
RB-19435,US-2015-103996,9.87,14
RB-19435,US-2014-103338,7.98,15
RB-19435,US-2014-144078,7.44,16
RB-19465,CA-2016-115917,1049.2,1
RB-19465,US-2016-146066,815.292,2
RB-19465,CA-2014-152618,574.91,3
RB-19465,CA-2017-105823,487.96,4
RB-19465,CA-2014-117765,429.9,5
RB-19465,CA-2016-120803,199.75,6
RB-19465,CA-2016-105662,177.48,7
RB-19465,CA-2016-103107,177.48,8
RB-19465,CA-2014-117765,161.96,9
RB-19465,CA-2016-158568,95.976,10
RB-19465,CA-2016-105662,93.248,11
RB-19465,CA-2016-103107,71.976,12
RB-19465,CA-2016-158568,64.624,13
RB-19465,CA-2014-117765,32.06,14
RB-19465,CA-2016-103107,25.4,15
RB-19465,CA-2017-104822,24.55,16
RB-19465,CA-2014-117765,19.86,17
RB-19465,CA-2017-137456,15.92,18
RB-19465,CA-2016-115917,15.424,19
RB-19465,CA-2017-161578,13.36,20
RB-19465,CA-2014-152618,8.448,21
RB-19465,CA-2016-158568,1.788,22
RB-19570,US-2016-104815,198.744,1
RB-19570,CA-2017-130351,99.39,2
RB-19570,CA-2017-130351,61.44,3
RB-19570,US-2016-128678,48.664,4
RB-19570,CA-2017-130351,38.9,5
RB-19570,CA-2017-138779,21.744,6
RB-19570,CA-2017-138779,7.92,7
RB-19645,CA-2016-107615,58.58,1
RB-19645,CA-2015-153038,55.936,2
RB-19645,CA-2014-154837,49.568,3
RB-19645,CA-2015-153038,20.32,4
RB-19645,CA-2015-153038,18.432,5
RB-19645,CA-2014-125682,9.96,6
RB-19645,CA-2014-106719,8.288,7
RB-19705,CA-2017-152975,1079.85,1
RB-19705,CA-2017-152975,589.41,2
RB-19705,CA-2015-119550,275.058,3
RB-19705,CA-2017-152975,70.98,4
RB-19705,CA-2017-152975,29.95,5
RB-19705,CA-2015-129854,16.52,6
RB-19705,US-2017-109484,5.682,7
RB-19795,US-2017-110576,2065.32,1
RB-19795,US-2017-110576,1007.232,2
RB-19795,US-2016-168620,540.048,3
RB-19795,US-2017-110576,516.488,4
RB-19795,US-2016-123750,408.744,5
RB-19795,US-2016-123750,291.96,6
RB-19795,US-2016-168620,255.68,7
RB-19795,US-2016-123750,189.588,8
RB-19795,US-2016-155971,99.9,9
RB-19795,CA-2017-157672,63.824,10
RB-19795,CA-2017-100748,58.48,11
RB-19795,US-2016-168620,27.882,12
RB-19795,US-2017-110576,25.344,13
RB-19795,US-2015-150161,25.176,14
RB-19795,US-2016-155971,22.05,15
RB-19795,US-2017-110576,15.552,16
RB-19795,CA-2014-141299,15.28,17
RB-19795,US-2016-123750,4.768,18
RC-19825,CA-2016-125318,328.224,1
RC-19825,CA-2016-140746,181.797,2
RC-19825,CA-2016-141397,161.94,3
RC-19825,CA-2016-141397,161.568,4
RC-19825,CA-2016-141397,46.76,5
RC-19825,CA-2014-138296,24.56,6
RC-19825,CA-2016-141397,21.78,7
RC-19825,CA-2016-141397,17.712,8
RC-19825,CA-2016-114538,11.328,9
RC-19825,CA-2016-143308,10.74,10
RC-19960,US-2014-112872,275.49,1
RC-19960,CA-2014-115259,130.464,2
RC-19960,CA-2016-130225,99.568,3
RC-19960,US-2016-157728,97.98,4
RC-19960,US-2016-144351,89.97,5
RC-19960,US-2014-112872,53.424,6
RC-19960,CA-2014-115259,40.096,7
RC-19960,CA-2017-112774,34.504,8
RC-19960,CA-2014-115259,23.976,9
RC-19960,CA-2014-115259,4.72,10
RD-19480,CA-2014-108147,1676.88,1
RD-19480,US-2017-166688,1123.128,2
RD-19480,US-2017-116652,218.352,3
RD-19480,CA-2015-122826,201.568,4
RD-19480,CA-2016-164637,128.4,5
RD-19480,US-2017-116652,108.96,6
RD-19480,US-2017-116652,99.3,7
RD-19480,CA-2014-108147,68.48,8
RD-19480,US-2017-166688,64.9,9
RD-19480,CA-2016-136434,17.31,10
RD-19480,CA-2017-159457,16.68,11
RD-19480,US-2017-166688,8.288,12
RD-19480,CA-2015-146696,8.096,13
RD-19480,US-2017-116652,2.688,14
RD-19585,CA-2014-164315,1049.93,1
RD-19585,CA-2015-157770,494.376,2
RD-19585,US-2015-151407,263.96,3
RD-19585,CA-2015-157770,248.85,4
RD-19585,CA-2017-111647,167.968,5
RD-19585,CA-2014-164315,154.9,6
RD-19585,CA-2017-139437,87.92,7
RD-19585,CA-2015-121776,87.71,8
RD-19585,CA-2015-127544,79.99,9
RD-19585,CA-2016-131576,49.44,10
RD-19585,CA-2015-121776,36.84,11
RD-19585,CA-2015-162537,36.63,12
RD-19585,CA-2015-157770,36.24,13
RD-19585,CA-2015-162537,33.11,14
RD-19585,CA-2015-157770,29.2,15
RD-19585,CA-2015-162537,24.1,16
RD-19585,CA-2014-164315,15.84,17
RD-19585,CA-2015-162537,10.67,18
RD-19585,CA-2017-131653,5.22,19
RD-19660,CA-2017-103877,1577.94,1
RD-19660,CA-2016-127670,697.16,2
RD-19660,CA-2015-149650,454.272,3
RD-19660,CA-2015-145415,40.74,4
RD-19660,CA-2016-151974,16.52,5
RD-19720,CA-2016-149762,268.704,1
RD-19720,US-2017-143770,238,2
RD-19720,CA-2016-149762,205.666,3
RD-19720,CA-2014-157546,89.712,4
RD-19720,CA-2014-107454,89.34,5
RD-19720,CA-2016-146157,81.576,6
RD-19720,CA-2017-126550,81.4,7
RD-19720,US-2017-143770,61.96,8
RD-19720,CA-2015-112375,50.88,9
RD-19720,CA-2016-149762,48.72,10
RD-19720,CA-2016-146157,38.432,11
RD-19720,CA-2014-107454,34.86,12
RD-19720,CA-2015-112375,27.312,13
RD-19720,CA-2014-157546,22.83,14
RD-19720,CA-2016-149762,21.92,15
RD-19720,CA-2016-146157,21.568,16
RD-19720,CA-2016-161543,11.96,17
RD-19720,US-2017-132927,11.088,18
RD-19720,CA-2014-161249,9.345,19
RD-19720,CA-2014-161249,4.464,20
RD-19810,CA-2017-127474,419.4,1
RD-19810,CA-2016-112739,159.56,2
RD-19810,CA-2016-112942,146.82,3
RD-19810,CA-2017-155292,105.98,4
RD-19810,CA-2017-127474,65.584,5
RD-19810,CA-2017-155292,35.06,6
RD-19810,CA-2017-155292,33.94,7
RD-19810,CA-2017-104381,33.376,8
RD-19810,CA-2016-120558,32.4,9
RD-19810,CA-2017-155292,30,10
RD-19810,CA-2017-127474,22.2,11
RD-19810,CA-2016-102596,17.184,12
RD-19810,CA-2014-148285,11.952,13
RD-19810,CA-2014-148285,10.368,14
RD-19810,CA-2016-112739,8.608,15
RD-19810,CA-2017-127474,5.184,16
RD-19900,CA-2016-140382,862.344,1
RD-19900,CA-2014-149104,689.82,2
RD-19900,CA-2014-158372,601.536,3
RD-19900,CA-2017-124401,279.944,4
RD-19900,CA-2016-154235,127.95,5
RD-19900,CA-2016-140382,93.68,6
RD-19900,CA-2014-158372,62.24,7
RD-19900,CA-2014-158372,53.2,8
RD-19900,US-2014-149034,47.496,9
RD-19900,CA-2014-149104,40.2,10
RD-19900,CA-2014-158372,39.88,11
RD-19900,CA-2014-158372,39.84,12
RD-19900,CA-2017-124401,37.68,13
RD-19900,CA-2016-154508,28.4,14
RD-19900,CA-2014-149104,26.7,15
RD-19900,CA-2016-140382,21.93,16
RD-19900,CA-2015-148964,20.24,17
RD-19900,CA-2016-140382,19.98,18
RD-19900,CA-2015-163440,15.984,19
RD-19900,CA-2014-149104,13.89,20
RD-19900,CA-2014-158372,10.99,21
RD-19930,CA-2015-139248,623.96,1
RD-19930,CA-2017-160122,127.386,2
RD-19930,CA-2017-125115,95.736,3
RD-19930,CA-2017-160122,55.584,4
RD-19930,CA-2014-120775,31.776,5
RD-19930,CA-2014-120775,15.072,6
RD-19930,CA-2017-125115,10.368,7
RD-19930,CA-2014-120775,4.928,8
RD-19930,CA-2014-120775,4.344,9
RD-19930,CA-2014-120775,1.788,10
RE-19405,CA-2014-165477,48.36,1
RE-19450,CA-2015-151589,239.9,1
RE-19450,CA-2015-151589,195.64,2
RE-19450,CA-2014-163867,132.696,3
RE-19450,CA-2015-142454,104.23,4
RE-19450,CA-2015-142454,70.26,5
RE-19450,CA-2016-169215,29.61,6
RE-19450,CA-2017-127621,26.88,7
RE-19450,CA-2014-163867,15.936,8
RF-19345,CA-2016-163167,1263.3,1
RF-19345,CA-2016-163167,1126.02,2
RF-19345,CA-2016-163167,182.67,3
RF-19345,CA-2015-106187,165.98,4
RF-19345,US-2014-114188,139.86,5
RF-19345,CA-2016-163167,101.7,6
RF-19345,CA-2014-124079,87.96,7
RF-19345,CA-2015-106187,75,8
RF-19345,US-2014-114188,38.52,9
RF-19345,CA-2014-141152,33.552,10
RF-19345,US-2014-114188,33.28,11
RF-19345,CA-2015-106187,27.42,12
RF-19345,CA-2016-145009,11.952,13
RF-19345,CA-2016-122518,10.08,14
RF-19345,CA-2014-148425,6.642,15
RF-19345,CA-2014-124079,5.214,16
RF-19735,CA-2015-111206,519.96,1
RF-19735,US-2017-130953,461.97,2
RF-19735,CA-2016-110044,359.976,3
RF-19735,US-2017-130953,302.67,4
RF-19735,CA-2017-126074,157.74,5
RF-19735,CA-2016-105585,154.9,6
RF-19735,US-2017-130953,137.62,7
RF-19735,CA-2014-115357,62.91,8
RF-19735,CA-2017-126074,58.05,9
RF-19735,CA-2017-126074,56.98,10
RF-19735,US-2017-130953,33.48,11
RF-19735,US-2015-134271,21.93,12
RF-19735,CA-2016-105585,10.23,13
RF-19735,CA-2017-126074,2.88,14
RF-19840,CA-2016-136686,383.64,1
RF-19840,CA-2016-139381,203.92,2
RF-19840,CA-2016-125843,103.6,3
RF-19840,CA-2016-136686,56.52,4
RF-19840,CA-2014-151078,49.632,5
RF-19840,CA-2014-123925,40.05,6
RF-19840,CA-2017-117933,35.91,7
RF-19840,CA-2016-125843,22.32,8
RF-19840,CA-2017-136497,13.71,9
RF-19840,CA-2015-130855,6.36,10
RH-19495,CA-2015-124891,2309.65,1
RH-19495,CA-2015-124891,1090.782,2
RH-19495,CA-2017-121538,88.768,3
RH-19495,CA-2014-110639,45.92,4
RH-19495,CA-2014-110639,25.92,5
RH-19495,CA-2017-106537,20.736,6
RH-19495,CA-2017-151428,20.16,7
RH-19495,CA-2015-124891,19.44,8
RH-19510,CA-2016-169663,3357.6,1
RH-19510,CA-2016-168354,1606.23,2
RH-19510,CA-2016-168354,872.32,3
RH-19510,CA-2015-157805,555.96,4
RH-19510,CA-2014-149643,273.96,5
RH-19510,CA-2015-167255,146.82,6
RH-19510,CA-2016-168354,49.53,7
RH-19510,CA-2016-122322,44.4,8
RH-19510,CA-2016-169663,26.85,9
RH-19510,CA-2015-167255,15.51,10
RH-19510,CA-2015-167255,12.96,11
RH-19555,CA-2016-164574,704.76,1
RH-19555,CA-2016-164574,27.396,2
RH-19555,CA-2015-110247,8.226,3
RH-19600,CA-2015-157322,435.504,1
RH-19600,CA-2015-157322,408.422,2
RH-19600,CA-2015-157322,382.116,3
RH-19600,CA-2015-109386,265.86,4
RH-19600,CA-2015-109386,226.2,5
RH-19600,CA-2015-109386,186.54,6
RH-19600,CA-2015-157322,68.6,7
RH-19600,CA-2015-109386,44.43,8
RH-19600,CA-2016-101378,29,9
RH-19600,CA-2015-109386,27.9,10
RH-19600,CA-2015-157322,11.168,11
RK-19300,CA-2015-160472,831.2,1
RK-19300,CA-2015-159786,209.67,2
RK-19300,CA-2015-160472,141.4,3
RK-19300,CA-2015-160472,106.75,4
RK-19300,CA-2015-160472,97.82,5
RK-19300,CA-2015-160472,34.76,6
RK-19300,CA-2015-160472,26.4,7
RL-19615,CA-2016-144764,1362.9,1
RL-19615,CA-2016-168753,979.95,2
RL-19615,US-2017-169551,683.988,3
RL-19615,CA-2015-126557,659.168,4
RL-19615,CA-2015-126557,537.544,5
RL-19615,US-2017-169551,527.92,6
RL-19615,CA-2015-126557,383.607,7
RL-19615,CA-2017-159226,344.981,8
RL-19615,US-2017-135062,229.544,9
RL-19615,CA-2015-126557,148.48,10
RL-19615,US-2017-169551,87.21,11
RL-19615,US-2017-151127,49.56,12
RL-19615,CA-2014-133830,49.12,13
RL-19615,CA-2016-144764,35.168,14
RL-19615,CA-2016-144764,29.24,15
RL-19615,CA-2014-133830,26.46,16
RL-19615,CA-2016-168753,22.75,17
RL-19615,US-2017-169551,16.776,18
RL-19615,US-2017-169551,15.552,19
RL-19615,CA-2014-133830,15,20
RL-19615,US-2017-169551,13.392,21
RL-19615,CA-2015-126557,7.76,22
RL-19615,CA-2015-126557,6.912,23
RL-19615,CA-2015-126557,1.928,24
RM-19375,US-2017-127292,542.94,1
RM-19375,US-2016-106600,354.9,2
RM-19375,CA-2016-100965,215.65,3
RM-19375,CA-2015-156328,177.48,4
RM-19375,US-2017-127292,79.92,5
RM-19375,CA-2014-139017,46.864,6
RM-19375,CA-2014-141278,21.4,7
RM-19375,US-2017-127292,12.28,8
RM-19375,US-2017-127292,2.04,9
RM-19675,CA-2017-145219,2879.952,1
RM-19675,CA-2015-160171,1640.7,2
RM-19675,CA-2014-158274,503.96,3
RM-19675,CA-2015-115392,311.98,4
RM-19675,CA-2015-160171,270,5
RM-19675,CA-2014-158274,149.95,6
RM-19675,CA-2017-145219,90.48,7
RM-19675,CA-2014-166989,69.264,8
RM-19675,CA-2014-158274,29,9
RM-19675,CA-2015-115392,22.45,10
RM-19750,CA-2017-168193,71.97,1
RM-19750,CA-2017-168193,26.38,2
RO-19780,CA-2015-155600,1598.058,1
RO-19780,CA-2017-150266,853.93,2
RO-19780,CA-2017-148411,520.464,3
RO-19780,CA-2017-150266,299.96,4
RO-19780,US-2016-120929,189.882,5
RO-19780,CA-2015-153752,173.94,6
RO-19780,CA-2017-150266,67.84,7
RO-19780,CA-2015-155600,36.96,8
RO-19780,CA-2016-152940,29.74,9
RO-19780,CA-2017-150266,18.688,10
RO-19780,CA-2015-162607,14.592,11
RO-19780,CA-2017-148411,11.424,12
RP-19270,CA-2015-135251,369.1992,1
RP-19270,CA-2014-155264,146.73,2
RP-19270,CA-2015-148250,134.48,3
RP-19270,CA-2014-155264,117.576,4
RP-19270,CA-2015-135251,56.704,5
RP-19270,CA-2015-135251,35.52,6
RP-19270,CA-2016-167983,33.44,7
RP-19270,CA-2014-155264,20.064,8
RP-19270,CA-2014-155264,18.75,9
RP-19270,CA-2015-148250,12.96,10
RP-19270,CA-2015-135251,6.23,11
RP-19270,CA-2014-155264,2.992,12
RP-19390,CA-2014-120474,2807.84,1
RP-19390,CA-2014-148383,946.764,2
RP-19390,CA-2016-101980,276.784,3
RP-19390,CA-2014-142769,199.98,4
RP-19390,CA-2016-101980,146.688,5
RP-19390,CA-2014-142769,144.96,6
RP-19390,CA-2014-142769,118,7
RP-19390,CA-2014-143413,116.28,8
RP-19390,CA-2017-103352,107.424,9
RP-19390,CA-2014-142769,48.94,10
RP-19390,CA-2014-120474,46.64,11
RP-19390,CA-2014-156314,30.36,12
RP-19390,CA-2015-166492,25.92,13
RP-19390,CA-2016-101980,25.32,14
RP-19390,CA-2014-142769,22.66,15
RP-19390,CA-2015-166492,22.58,16
RP-19390,CA-2014-142769,14.19,17
RP-19390,CA-2014-155593,11.64,18
RP-19390,CA-2014-142769,7.3,19
RP-19390,CA-2017-103352,6.99,20
RP-19390,CA-2014-142769,5.7,21
RP-19390,CA-2015-133494,3.552,22
RP-19390,US-2017-145863,2.934,23
RP-19390,US-2017-145863,2.694,24
RP-19855,CA-2015-154326,699.98,1
RP-19855,CA-2016-168774,535.41,2
RP-19855,CA-2015-129546,186.15,3
RP-19855,CA-2015-154326,139.95,4
RP-19855,CA-2015-154326,134.97,5
RP-19855,US-2014-157231,115.36,6
RP-19855,CA-2017-134152,98.16,7
RP-19855,CA-2015-129546,81.792,8
RP-19855,CA-2015-129546,47.19,9
RP-19855,CA-2015-129546,36.784,10
RP-19855,CA-2017-134152,31.44,11
RP-19855,US-2016-150567,27.018,12
RP-19855,US-2016-152835,21.4,13
RP-19855,CA-2017-104108,12.16,14
RP-19855,US-2016-150567,2.952,15
RR-19315,CA-2017-162565,520.464,1
RR-19315,CA-2017-162565,77.72,2
RR-19315,CA-2017-162565,10.368,3
RR-19315,CA-2016-149482,7.38,4
RR-19525,CA-2014-126403,1325.85,1
RR-19525,CA-2014-126403,785.88,2
RR-19525,CA-2017-102155,360.38,3
RR-19525,CA-2015-150308,246.168,4
RR-19525,CA-2016-115525,243.88,5
RR-19525,CA-2014-126403,166.44,6
RR-19525,US-2015-131842,97.424,7
RR-19525,CA-2016-101623,36.48,8
RR-19525,CA-2014-126403,26.2,9
RR-19525,CA-2017-102155,13.56,10
RS-19420,US-2014-117968,1133.35,1
RS-19420,CA-2017-115154,892.98,2
RS-19420,US-2017-128951,872.94,3
RS-19420,US-2017-128951,179.94,4
RS-19420,US-2014-117968,79.47,5
RS-19420,US-2016-159093,32.04,6
RS-19420,CA-2017-164819,13.05,7
RS-19420,US-2017-128951,12.96,8
RS-19420,US-2014-117968,4.56,9
RS-19765,CA-2014-106726,1261.33,1
RS-19765,CA-2014-128846,629.95,2
RS-19765,CA-2017-113670,510.24,3
RS-19765,US-2017-100048,307.98,4
RS-19765,US-2017-100048,299.97,5
RS-19765,US-2017-100048,281.34,6
RS-19765,CA-2017-113670,204.95,7
RS-19765,CA-2014-128846,122.97,8
RS-19765,CA-2017-152856,116.832,9
RS-19765,CA-2017-128300,79.1,10
RS-19765,US-2015-158911,11.784,11
RS-19765,US-2015-158911,4.928,12
RS-19765,CA-2017-124114,0.556,13
RS-19870,CA-2016-107475,9.648,1
RS-19870,CA-2017-142776,7.28,2
RS-19870,CA-2017-142776,5.4,3
RW-19540,CA-2017-166093,2518.29,1
RW-19540,CA-2017-141733,1458.65,2
RW-19540,CA-2017-166093,540.57,3
RW-19540,CA-2017-141733,476.8,4
RW-19540,CA-2015-124800,363.648,5
RW-19540,CA-2017-128041,314.6,6
RW-19540,CA-2017-128041,283.56,7
RW-19540,CA-2015-124800,263.96,8
RW-19540,CA-2017-166093,221.056,9
RW-19540,CA-2017-101014,148.02,10
RW-19540,CA-2015-157959,136.92,11
RW-19540,CA-2015-124800,119.904,12
RW-19540,CA-2017-141733,87.444,13
RW-19540,CA-2015-124800,86.272,14
RW-19540,CA-2015-124800,77.031,15
RW-19540,CA-2015-124800,72.588,16
RW-19540,CA-2017-166093,71.976,17
RW-19540,CA-2015-124800,60.672,18
RW-19540,CA-2017-141733,26.64,19
RW-19540,CA-2017-166093,23.36,20
RW-19540,CA-2015-132815,22.96,21
RW-19540,CA-2017-166093,13.92,22
RW-19540,CA-2017-166093,8.56,23
RW-19630,CA-2016-142958,1114.272,1
RW-19630,CA-2017-155460,895.92,2
RW-19630,CA-2016-112585,715.64,3
RW-19630,CA-2016-144911,152,4
RW-19630,CA-2016-165218,149.352,5
RW-19630,CA-2017-123981,65.99,6
RW-19630,CA-2014-111150,47.53,7
RW-19630,CA-2016-144911,34.95,8
RW-19630,CA-2014-111150,29.68,9
RW-19630,US-2016-131114,20.568,10
RW-19630,US-2016-131114,19.04,11
RW-19630,CA-2016-165218,12.992,12
RW-19630,CA-2014-156993,6.08,13
RW-19630,CA-2017-155460,5.28,14
RW-19630,US-2016-131114,4.356,15
RW-19690,CA-2017-167752,1924.16,1
RW-19690,CA-2017-112431,435.84,2
RW-19690,CA-2017-110905,296.85,3
RW-19690,CA-2017-110905,286.29,4
RW-19690,CA-2017-169285,277.4,5
RW-19690,CA-2017-110905,112.8,6
RW-19690,CA-2017-167752,34.384,7
RW-19690,CA-2017-110905,33.99,8
RW-19690,CA-2017-110905,24.9,9
RW-19690,CA-2017-110905,24.18,10
RW-19690,CA-2017-110905,16.2,11
RW-19690,CA-2017-110905,13.71,12
RW-19690,CA-2017-112431,5.88,13
RW-19690,CA-2017-169285,5.78,14
RW-19690,CA-2016-145499,3.282,15
SA-20830,CA-2014-154627,2735.952,1
SA-20830,CA-2017-124436,697.16,2
SA-20830,CA-2015-115938,332.94,3
SA-20830,CA-2017-122154,251.64,4
SA-20830,CA-2015-122266,191.5155,5
SA-20830,CA-2015-115938,143.96,6
SA-20830,US-2017-147998,133.12,7
SA-20830,CA-2015-115938,43.04,8
SA-20830,CA-2017-124436,30.93,9
SA-20830,CA-2016-167507,22.784,10
SA-20830,CA-2017-160661,21.93,11
SA-20830,CA-2014-133354,19.44,12
SA-20830,CA-2017-122154,17.43,13
SA-20830,CA-2015-115938,15.42,14
SA-20830,CA-2017-122154,15.12,15
SA-20830,CA-2017-124436,14.624,16
SA-20830,CA-2016-167507,11.84,17
SA-20830,CA-2017-127264,7.056,18
SA-20830,CA-2015-122266,2.624,19
SB-20170,CA-2017-108441,858.24,1
SB-20170,CA-2017-145807,354.9,2
SB-20170,CA-2017-108441,64.14,3
SB-20170,CA-2017-108441,19.04,4
SB-20170,US-2014-161305,13.984,5
SB-20170,CA-2017-108441,13.128,6
SB-20185,CA-2015-149846,2973.32,1
SB-20185,CA-2015-146675,1439.968,2
SB-20185,CA-2015-149846,775.728,3
SB-20185,CA-2014-120411,493.43,4
SB-20185,CA-2017-116127,400.784,5
SB-20185,CA-2015-149846,104.79,6
SB-20185,CA-2017-119424,71.976,7
SB-20185,CA-2015-159779,68.62,8
SB-20185,CA-2015-146675,43.56,9
SB-20185,CA-2017-119424,19.44,10
SB-20185,CA-2014-120411,11.12,11
SB-20185,CA-2015-149846,8.26,12
SB-20290,US-2014-106992,3059.982,1
SB-20290,US-2014-106992,2519.958,2
SB-20290,US-2017-165344,652.995,3
SB-20290,CA-2017-147361,628.81,4
SB-20290,CA-2014-122882,399.54,5
SB-20290,CA-2015-153794,265.86,6
SB-20290,CA-2016-158575,103.968,7
SB-20290,CA-2014-158771,83.25,8
SB-20290,CA-2014-122882,64.784,9
SB-20290,US-2017-165344,60.864,10
SB-20290,CA-2017-147361,56.45,11
SB-20290,CA-2014-158771,45.36,12
SB-20290,CA-2014-122882,42.368,13
SB-20290,CA-2014-122882,32.382,14
SB-20290,CA-2014-158771,20.65,15
SB-20290,US-2017-165344,11.22,16
SB-20290,CA-2014-158771,9.45,17
SC-20020,CA-2015-147690,577.584,1
SC-20020,CA-2014-121006,563.94,2
SC-20020,CA-2014-121006,535.41,3
SC-20020,CA-2014-166863,509.488,4
SC-20020,CA-2014-166863,418.8,5
SC-20020,CA-2014-166863,201.584,6
SC-20020,CA-2014-166863,193.0656,7
SC-20020,CA-2014-130421,176.772,8
SC-20020,CA-2014-121006,62.94,9
SC-20020,US-2014-157847,33.488,10
SC-20020,US-2014-157847,26.72,11
SC-20020,CA-2014-121006,15.84,12
SC-20020,CA-2014-166863,15.552,13
SC-20020,CA-2014-121006,12.84,14
SC-20020,CA-2014-166863,11.648,15
SC-20020,CA-2014-121006,3.9,16
SC-20020,CA-2014-166863,3.392,17
SC-20050,US-2014-131275,1856.19,1
SC-20050,US-2014-131275,1279.968,2
SC-20050,CA-2016-155005,377.97,3
SC-20050,CA-2016-123533,339.92,4
SC-20050,CA-2017-123022,284.97,5
SC-20050,US-2014-131275,111,6
SC-20050,CA-2016-129238,109.592,7
SC-20050,CA-2017-123022,82.56,8
SC-20050,CA-2016-129238,56.7,9
SC-20050,CA-2016-123533,42.384,10
SC-20050,CA-2017-154123,27.58,11
SC-20050,CA-2015-133627,22.2,12
SC-20050,US-2017-130603,11.646,13
SC-20050,US-2017-143028,11.364,14
SC-20050,CA-2016-123533,10.528,15
SC-20095,CA-2014-116904,9449.95,1
SC-20095,CA-2014-152268,1793.98,2
SC-20095,US-2014-157385,603.92,3
SC-20095,CA-2014-116904,404.9,4
SC-20095,US-2014-157385,381.44,5
SC-20095,CA-2016-130638,282.84,6
SC-20095,CA-2016-126158,255.76,7
SC-20095,CA-2016-126158,241.568,8
SC-20095,US-2014-110674,129.568,9
SC-20095,CA-2016-126158,119.616,10
SC-20095,CA-2015-123568,92.94,11
SC-20095,CA-2015-123568,91.68,12
SC-20095,CA-2016-126158,69.3,13
SC-20095,CA-2015-123568,66.69,14
SC-20095,CA-2014-116904,32.4,15
SC-20095,US-2014-157385,29.99,16
SC-20095,CA-2016-130638,27.72,17
SC-20095,US-2014-157385,21.84,18
SC-20095,CA-2014-117016,15.552,19
SC-20095,CA-2014-116904,12.94,20
SC-20095,CA-2017-152961,12.7,21
SC-20095,CA-2015-123568,5.04,22
SC-20230,US-2016-126452,2887.056,1
SC-20230,CA-2016-156685,863.64,2
SC-20230,US-2016-126452,254.97,3
SC-20230,CA-2016-108350,105.52,4
SC-20230,US-2016-126452,91.96,5
SC-20230,CA-2016-156685,47.616,6
SC-20230,US-2016-126452,47.52,7
SC-20230,US-2016-126452,31.984,8
SC-20230,CA-2017-141747,16.06,9
SC-20230,US-2016-126452,12.96,10
SC-20230,US-2016-126452,12.672,11
SC-20260,CA-2015-111514,1552.831,1
SC-20260,CA-2017-107132,713.88,2
SC-20260,CA-2014-169803,653.55,3
SC-20260,CA-2015-111514,239.976,4
SC-20260,CA-2015-111514,137.24,5
SC-20260,CA-2017-107132,102.368,6
SC-20260,CA-2015-137106,79.96,7
SC-20260,CA-2017-107132,68.52,8
SC-20260,CA-2015-111514,36.51,9
SC-20260,CA-2014-169803,33.9,10
SC-20260,CA-2017-144680,33.62,11
SC-20260,CA-2017-107132,28.4,12
SC-20260,CA-2014-128622,10.95,13
SC-20260,US-2014-127635,9.96,14
SC-20260,US-2014-127635,8.552,15
SC-20260,US-2014-127635,6.848,16
SC-20260,CA-2015-152681,6.68,17
SC-20260,US-2014-127635,6.048,18
SC-20305,CA-2015-164777,2803.92,1
SC-20305,CA-2017-122539,398.972,2
SC-20305,CA-2014-113257,319.968,3
SC-20305,CA-2017-146360,155.34,4
SC-20305,CA-2017-106103,132.52,5
SC-20305,CA-2016-101651,43.96,6
SC-20305,CA-2016-101651,39.76,7
SC-20305,CA-2017-146920,26.72,8
SC-20305,CA-2017-146920,25.344,9
SC-20305,CA-2017-122539,15.936,10
SC-20305,CA-2014-113257,8.624,11
SC-20380,CA-2017-142090,1781.682,1
SC-20380,CA-2017-138975,1628.82,2
SC-20380,CA-2017-153843,465.16,3
SC-20380,CA-2017-142090,383.976,4
SC-20380,CA-2017-138975,377.97,5
SC-20380,CA-2014-131009,362.25,6
SC-20380,CA-2017-138975,286.93,7
SC-20380,CA-2014-131009,129.552,8
SC-20380,CA-2017-126354,115.296,9
SC-20380,CA-2017-142293,89.97,10
SC-20380,CA-2017-138975,67.8,11
SC-20380,CA-2014-131009,63.552,12
SC-20380,CA-2017-153843,30.88,13
SC-20380,CA-2015-142419,29.97,14
SC-20380,CA-2017-153843,27.12,15
SC-20380,CA-2014-131009,18.84,16
SC-20380,US-2016-149790,15.624,17
SC-20380,CA-2015-113740,14.91,18
SC-20380,CA-2017-126354,3.882,19
SC-20440,CA-2015-103835,1158.12,1
SC-20440,CA-2017-131366,229.544,2
SC-20440,CA-2015-166135,139.424,3
SC-20440,CA-2017-131366,89.988,4
SC-20440,CA-2017-115119,81.438,5
SC-20440,CA-2017-115119,61.542,6
SC-20440,CA-2015-111297,52.2,7
SC-20440,CA-2017-136000,40.176,8
SC-20440,CA-2015-103835,14.91,9
SC-20440,CA-2015-113523,7.656,10
SC-20575,CA-2014-136644,647.84,1
SC-20575,CA-2017-132955,102.93,2
SC-20575,US-2017-141509,99.2,3
SC-20575,CA-2015-162761,37.376,4
SC-20575,CA-2015-162761,11.214,5
SC-20575,CA-2017-101728,2.296,6
SC-20575,CA-2015-162761,1.872,7
SC-20680,US-2015-164308,821.94,1
SC-20680,CA-2016-143924,109.92,2
SC-20680,CA-2014-154781,94.99,3
SC-20680,CA-2016-113726,82.26,4
SC-20680,CA-2017-128475,71.98,5
SC-20680,CA-2016-155383,46.53,6
SC-20680,CA-2016-143924,20.44,7
SC-20680,CA-2014-154781,6.58,8
SC-20695,CA-2015-158659,714.3,1
SC-20695,CA-2016-112277,519.68,2
SC-20695,US-2016-124163,499.95,3
SC-20695,US-2016-124163,201.96,4
SC-20695,CA-2017-145443,177.2,5
SC-20695,CA-2014-151379,114.2,6
SC-20695,US-2016-151260,73.536,7
SC-20695,US-2016-124163,68.64,8
SC-20695,CA-2016-152457,68.52,9
SC-20695,CA-2015-111017,52.59,10
SC-20695,CA-2016-114713,45.584,11
SC-20695,CA-2017-152926,21.984,12
SC-20695,CA-2017-152926,15.224,13
SC-20695,US-2016-124163,3.04,14
SC-20725,US-2015-161991,1114.4,1
SC-20725,CA-2017-108539,725.84,2
SC-20725,CA-2014-159310,683.144,3
SC-20725,CA-2014-135657,515.88,4
SC-20725,CA-2017-144463,474.43,5
SC-20725,CA-2016-153661,305.01,6
SC-20725,CA-2015-119627,252.8,7
SC-20725,CA-2017-163531,239.97,8
SC-20725,CA-2016-103730,226.56,9
SC-20725,CA-2015-165057,181.35,10
SC-20725,CA-2016-103730,115.02,11
SC-20725,CA-2016-103730,68.04,12
SC-20725,CA-2016-153661,50.784,13
SC-20725,CA-2016-103730,47.04,14
SC-20725,CA-2014-159310,40.712,15
SC-20725,CA-2015-119627,36.288,16
SC-20725,CA-2016-103730,30.84,17
SC-20725,CA-2015-119627,30.08,18
SC-20725,CA-2016-153661,26.01,19
SC-20725,CA-2015-128860,20.104,20
SC-20725,CA-2017-108539,10.896,21
SC-20725,CA-2015-119627,10.272,22
SC-20725,CA-2015-165057,8.64,23
SC-20725,CA-2017-108539,8.544,24
SC-20725,US-2015-161991,2.08,25
SC-20725,CA-2014-159310,1.476,26
SC-20770,CA-2017-112529,718.116,1
SC-20770,US-2016-114013,552.56,2
SC-20770,US-2016-114013,539.91,3
SC-20770,CA-2016-131744,453.6,4
SC-20770,US-2016-114013,449.1,5
SC-20770,US-2016-114013,386.68,6
SC-20770,US-2016-114013,379.96,7
SC-20770,CA-2015-140144,257.64,8
SC-20770,CA-2016-127208,208.16,9
SC-20770,US-2016-114013,126.08,10
SC-20770,CA-2015-140144,125.976,11
SC-20770,CA-2016-105963,99.39,12
SC-20770,US-2016-114013,51.897,13
SC-20770,US-2016-114013,41.24,14
SC-20770,CA-2017-112529,31.776,15
SC-20770,US-2016-114013,23.16,16
SC-20770,CA-2016-127208,16.74,17
SC-20770,CA-2017-146024,12.222,18
SC-20770,CA-2017-146024,6.976,19
SC-20770,CA-2016-131744,6.848,20
SC-20770,CA-2016-131744,4.626,21
SC-20800,CA-2015-155761,159.984,1
SC-20800,CA-2016-168536,66.3,2
SC-20800,CA-2015-155761,46.344,3
SC-20800,CA-2017-135167,4.26,4
SC-20800,CA-2017-102267,2.368,5
SC-20845,CA-2017-117646,237.096,1
SC-20845,CA-2017-117646,22.752,2
SC-20845,CA-2016-103128,14.112,3
SC-20845,CA-2017-117646,6.672,4
SD-20485,CA-2015-120782,3812.97,1
SD-20485,US-2014-155502,489.92,2
SD-20485,CA-2017-102337,470.302,3
SD-20485,US-2014-155502,187.98,4
SD-20485,CA-2015-120782,186.732,5
SD-20485,US-2014-155502,155.35,6
SD-20485,US-2014-118486,154.764,7
SD-20485,US-2014-118486,116.784,8
SD-20485,CA-2014-101476,69.99,9
SD-20485,US-2014-155502,62.82,10
SD-20485,CA-2017-102337,47.984,11
SD-20485,CA-2014-150329,46.872,12
SD-20485,CA-2016-102932,27.93,13
SD-20485,CA-2016-102932,25.44,14
SD-20485,CA-2015-142139,20.96,15
SD-20485,US-2017-141698,20.736,16
SD-20485,US-2014-155502,12.42,17
SD-20485,US-2014-118486,10.304,18
SE-20110,CA-2016-158841,8749.95,1
SE-20110,CA-2017-105851,1332.496,2
SE-20110,US-2016-115455,601.47,3
SE-20110,CA-2015-111164,406.6,4
SE-20110,CA-2016-142405,389.97,5
SE-20110,CA-2014-158225,169.45,6
SE-20110,CA-2017-144827,124.36,7
SE-20110,CA-2015-111164,85.14,8
SE-20110,CA-2017-123624,82.95,9
SE-20110,CA-2016-142405,53.984,10
SE-20110,US-2014-107993,51.016,11
SE-20110,CA-2014-158225,40.68,12
SE-20110,CA-2016-158841,36.4,13
SE-20110,CA-2015-111164,21.99,14
SE-20110,CA-2016-158841,18.69,15
SE-20110,CA-2016-142405,14.62,16
SE-20110,US-2016-115455,14.136,17
SE-20110,US-2014-121734,9.584,18
SE-20110,CA-2017-155047,5.952,19
SF-20065,CA-2014-113383,254.9,1
SF-20065,CA-2017-104136,189.7,2
SF-20065,CA-2014-113383,81.92,3
SF-20065,US-2017-156909,71.372,4
SF-20065,CA-2015-142937,45.04,5
SF-20065,CA-2017-104136,40.99,6
SF-20065,CA-2016-130442,34.944,7
SF-20065,CA-2015-148495,31.56,8
SF-20065,US-2015-164357,13.12,9
SF-20200,CA-2017-123967,2665.62,1
SF-20200,CA-2014-142314,207.24,2
SF-20200,CA-2015-120341,121.104,3
SF-20200,CA-2017-163097,120.576,4
SF-20200,US-2017-158505,71.928,5
SF-20200,CA-2015-153108,60.69,6
SF-20200,CA-2015-120341,45.894,7
SF-20200,US-2017-158505,25.99,8
SF-20200,CA-2017-123967,25.12,9
SF-20200,CA-2015-153108,23.92,10
SF-20200,CA-2016-128811,20.704,11
SF-20200,CA-2016-128811,11.07,12
SF-20200,CA-2016-128811,10.47,13
SF-20200,CA-2016-127250,8.82,14
SF-20200,CA-2016-132899,3.64,15
SF-20965,CA-2016-146913,1403.92,1
SF-20965,CA-2015-138009,555.21,2
SF-20965,CA-2015-138009,523.48,3
SF-20965,CA-2015-138009,301.96,4
SF-20965,CA-2015-138009,161.82,5
SF-20965,CA-2017-139311,153.584,6
SF-20965,CA-2015-161214,77.55,7
SF-20965,CA-2014-169852,36.36,8
SF-20965,CA-2015-143077,21.936,9
SF-20965,CA-2017-122644,18.544,10
SF-20965,CA-2017-139311,12.864,11
SF-20965,CA-2017-122644,10.848,12
SF-20965,CA-2015-121097,10.368,13
SF-20965,CA-2017-139311,9.184,14
SF-20965,CA-2015-143077,6.588,15
SF-20965,CA-2017-152205,2.655,16
SG-20080,CA-2015-164882,1295.84,1
SG-20080,CA-2017-155376,839.43,2
SG-20080,CA-2015-164882,425.833,3
SG-20080,CA-2015-164882,398.352,4
SG-20080,CA-2015-164882,323.136,5
SG-20080,CA-2015-164882,46.84,6
SG-20080,CA-2015-164882,29.7,7
SG-20080,CA-2015-164882,19.98,8
SG-20080,CA-2015-164882,17.45,9
SG-20080,CA-2015-164882,5.04,10
SG-20080,CA-2015-162544,4.98,11
SG-20470,US-2017-102890,1044.63,1
SG-20470,CA-2015-153535,163.136,2
SG-20470,CA-2014-116190,162.89,3
SG-20470,CA-2014-159800,139.93,4
SG-20470,CA-2015-165799,117.882,5
SG-20470,CA-2014-116190,67.88,6
SG-20470,CA-2014-159800,43.68,7
SG-20470,CA-2015-130218,31.56,8
SG-20470,CA-2015-130218,27.92,9
SG-20470,CA-2016-130484,26.352,10
SG-20470,CA-2014-116190,25.71,11
SG-20470,CA-2015-140375,19.44,12
SG-20470,CA-2015-140375,7.38,13
SG-20470,CA-2015-153535,6.408,14
SG-20605,US-2015-127040,1619.91,1
SG-20605,CA-2014-121573,783.96,2
SG-20605,CA-2014-169446,323.976,3
SG-20605,US-2015-127040,113.92,4
SG-20605,CA-2017-125381,107.97,5
SG-20605,CA-2014-121573,48.896,6
SG-20605,US-2015-127040,41.86,7
SG-20605,CA-2014-169446,32.592,8
SG-20605,CA-2017-139493,15.92,9
SG-20605,CA-2014-169446,15.552,10
SG-20605,US-2015-127040,6.48,11
SG-20605,CA-2014-146997,5.94,12
SG-20890,CA-2016-144337,19.648,1
SG-20890,US-2014-105151,10.5,2
SG-20890,CA-2017-112536,8.928,3
SG-20890,CA-2017-112536,1.996,4
SH-19975,US-2016-146794,424.9575,1
SH-19975,US-2016-115441,403.56,2
SH-19975,US-2014-112991,338.352,3
SH-19975,CA-2015-149083,307.136,4
SH-19975,US-2016-115441,297.55,5
SH-19975,CA-2015-149083,159.98,6
SH-19975,CA-2017-106180,143.7,7
SH-19975,US-2016-115441,124.25,8
SH-19975,US-2016-115441,95.2,9
SH-19975,CA-2017-101805,70.68,10
SH-19975,CA-2017-125101,67.78,11
SH-19975,CA-2016-109743,63.936,12
SH-19975,CA-2016-125164,49.848,13
SH-19975,CA-2016-109743,40.776,14
SH-19975,US-2014-112991,25.92,15
SH-19975,US-2016-115441,20.62,16
SH-19975,CA-2016-125164,20.368,17
SH-19975,CA-2016-151512,18.72,18
SH-19975,CA-2017-101805,15.92,19
SH-19975,CA-2017-127922,15.84,20
SH-19975,US-2017-108245,13.392,21
SH-19975,CA-2015-149083,12.6,22
SH-19975,US-2017-108245,11.228,23
SH-19975,CA-2017-106180,10.86,24
SH-19975,CA-2017-106180,8.82,25
SH-19975,CA-2017-127922,8.448,26
SH-19975,CA-2016-125920,3.798,27
SH-20395,CA-2014-165764,945.036,1
SH-20395,CA-2014-165764,410.352,2
SH-20395,CA-2014-115889,362.92,3
SH-20395,CA-2017-157980,127.984,4
SH-20395,CA-2017-110884,91.59,5
SH-20395,CA-2017-168172,70.12,6
SH-20395,CA-2014-115889,46.384,7
SH-20395,CA-2015-112053,31.95,8
SH-20395,CA-2014-165764,25.984,9
SH-20395,CA-2017-110884,25.92,10
SH-20395,CA-2017-122280,18.76,11
SH-20395,CA-2014-165764,14.301,12
SH-20395,CA-2017-126774,4.89,13
SH-20395,CA-2017-168900,2.313,14
SH-20395,CA-2016-113600,2.214,15
SH-20635,CA-2014-124247,1403.92,1
SH-20635,CA-2015-166975,692.472,2
SJ-20125,CA-2017-105669,1415.76,1
SJ-20125,CA-2015-102260,720.064,2
SJ-20125,CA-2017-129490,419.136,3
SJ-20125,CA-2016-140571,319.76,4
SJ-20125,CA-2017-105669,318.43,5
SJ-20125,CA-2016-159730,113.888,6
SJ-20125,CA-2016-159730,105.584,7
SJ-20125,CA-2016-147123,80.28,8
SJ-20125,CA-2017-110212,48.9,9
SJ-20125,CA-2016-140571,45.68,10
SJ-20125,CA-2017-166849,44.4,11
SJ-20125,CA-2017-120719,34.76,12
SJ-20125,CA-2016-130400,27.96,13
SJ-20125,CA-2017-100433,25.92,14
SJ-20125,CA-2015-102260,12,15
SJ-20125,CA-2017-105669,9.912,16
SJ-20125,CA-2016-130400,8.856,17
SJ-20125,CA-2017-161984,7.61,18
SJ-20125,CA-2017-161984,7.16,19
SJ-20125,CA-2017-105669,5.8,20
SJ-20125,CA-2015-102260,3.204,21
SJ-20125,CA-2015-102260,2.816,22
SJ-20215,CA-2017-100615,317.058,1
SJ-20215,CA-2017-113355,317.058,2
SJ-20215,CA-2017-113355,219.8,3
SJ-20215,CA-2015-146038,203.92,4
SJ-20215,CA-2015-161627,170.352,5
SJ-20215,CA-2017-122987,67.136,6
SJ-20215,CA-2017-100615,15.76,7
SJ-20215,CA-2017-100615,14.56,8
SJ-20215,CA-2017-122987,13.428,9
SJ-20500,CA-2016-157336,751.92,1
SJ-20500,CA-2014-138240,144.6,2
SJ-20500,US-2017-152366,97.264,3
SJ-20500,CA-2014-143385,92.52,4
SJ-20500,CA-2016-157336,88.08,5
SJ-20500,CA-2014-138240,15.992,6
SK-19990,CA-2017-119193,629.958,1
SK-19990,CA-2017-108553,122.71,2
SK-19990,CA-2017-108553,121.94,3
SK-19990,CA-2016-105018,7.16,4
SK-19990,CA-2017-119193,1.641,5
SL-20155,CA-2017-145884,1439.92,1
SL-20155,CA-2015-153549,1166.92,2
SL-20155,CA-2017-145884,262.11,3
SL-20155,CA-2014-124513,66.03,4
SL-20155,US-2014-155817,61.568,5
SL-20155,US-2015-107349,41.568,6
SL-20155,CA-2016-100587,6.48,7
SL-20155,US-2014-155817,6.192,8
SL-20155,CA-2017-156391,2.224,9
SM-20005,CA-2014-148488,106.344,1
SM-20005,US-2016-111563,66.112,2
SM-20005,US-2016-154256,25.83,3
SM-20005,CA-2014-159625,23.472,4
SM-20005,US-2016-111563,11.376,5
SM-20320,CA-2014-145317,22638.48,1
SM-20320,CA-2014-145317,821.3,2
SM-20320,US-2015-130512,663.072,3
SM-20320,CA-2017-145128,526.45,4
SM-20320,CA-2014-145317,122.352,5
SM-20320,US-2015-130512,99.588,6
SM-20320,US-2015-130512,49.568,7
SM-20320,CA-2014-145317,30.768,8
SM-20320,US-2015-130512,21.728,9
SM-20320,CA-2014-145317,21.376,10
SM-20320,CA-2014-145317,18.936,11
SM-20320,CA-2015-144890,9.96,12
SM-20320,CA-2014-145317,8.016,13
SM-20320,CA-2017-149146,7.968,14
SM-20320,US-2015-130512,3.488,15
SM-20905,CA-2016-129280,431.976,1
SM-20905,CA-2016-129280,224.937,2
SM-20905,CA-2016-129280,195.64,3
SM-20905,CA-2016-129280,132.52,4
SM-20905,CA-2016-129280,51.968,5
SM-20905,CA-2016-129280,6,6
SM-20950,CA-2014-122931,1801.632,1
SM-20950,US-2015-116981,1085.42,2
SM-20950,CA-2017-150497,735.98,3
SM-20950,CA-2015-107902,470.36,4
SM-20950,CA-2014-122931,409.272,5
SM-20950,CA-2017-105235,254.9,6
SM-20950,CA-2014-163412,192.186,7
SM-20950,CA-2015-100685,116.28,8
SM-20950,CA-2016-154067,105.52,9
SM-20950,CA-2016-125724,68.432,10
SM-20950,CA-2014-122931,67.176,11
SM-20950,CA-2017-105235,58.68,12
SM-20950,CA-2014-122931,55.44,13
SM-20950,CA-2017-120614,37.52,14
SM-20950,CA-2017-105235,20.94,15
SM-20950,CA-2014-122931,20.928,16
SM-20950,US-2016-144393,17.616,17
SM-20950,CA-2014-126907,15.696,18
SM-20950,US-2015-116981,13.11,19
SM-20950,CA-2015-100685,7.04,20
SM-20950,CA-2015-100685,5.04,21
SM-20950,CA-2014-122931,4.224,22
SN-20560,CA-2017-152093,762.594,1
SN-20560,CA-2016-118101,368.91,2
SN-20560,CA-2015-125934,209.6,3
SN-20560,CA-2016-118101,171.04,4
SN-20560,CA-2015-125934,111.04,5
SN-20560,CA-2015-122287,75.36,6
SN-20560,CA-2015-125934,38.88,7
SN-20560,CA-2015-125934,31.05,8
SN-20560,CA-2017-154102,29.9,9
SN-20560,CA-2015-144652,19.46,10
SN-20560,CA-2015-122287,11.952,11
SN-20560,CA-2015-122287,9.156,12
SN-20560,CA-2015-125934,8.92,13
SN-20560,CA-2016-118101,8.02,14
SN-20560,CA-2015-122287,4.536,15
SN-20710,CA-2015-117415,532.3992,1
SN-20710,US-2016-146570,511.84,2
SN-20710,CA-2015-117415,371.168,3
SN-20710,CA-2016-119963,255.108,4
SN-20710,CA-2017-152702,254.604,5
SN-20710,CA-2016-169957,236.88,6
SN-20710,CA-2015-117415,212.058,7
SN-20710,CA-2015-125234,113.82,8
SN-20710,CA-2015-117415,113.328,9
SN-20710,CA-2015-125234,107.97,10
SN-20710,US-2014-154879,107.94,11
SN-20710,CA-2016-169957,100,12
SN-20710,US-2016-146570,91.96,13
SN-20710,CA-2016-119963,48.848,14
SN-20710,CA-2016-169957,29.9,15
SN-20710,CA-2016-119963,19.648,16
SN-20710,US-2016-146570,8.34,17
SN-20710,CA-2016-119963,6.368,18
SN-20710,US-2014-154879,5.78,19
SO-20335,US-2015-108966,957.5775,1
SO-20335,CA-2015-161718,364.41,2
SO-20335,CA-2015-161718,361.764,3
SO-20335,CA-2017-147228,258.48,4
SO-20335,CA-2017-147228,177.536,5
SO-20335,CA-2017-149076,154.9,6
SO-20335,CA-2017-166926,141.96,7
SO-20335,CA-2017-166926,41.86,8
SO-20335,CA-2015-161718,39.96,9
SO-20335,CA-2015-161718,28.44,10
SO-20335,US-2015-108966,22.368,11
SO-20335,CA-2017-101700,18.688,12
SO-20335,CA-2017-147228,14.136,13
SO-20335,CA-2017-101700,11.664,14
SO-20335,CA-2017-147228,8.832,15
SP-20545,CA-2016-123666,459.95,1
SP-20545,US-2016-128909,332.832,2
SP-20545,US-2017-101840,227.46,3
SP-20545,US-2016-103646,102.336,4
SP-20545,US-2016-103646,48.792,5
SP-20545,US-2017-101840,46.24,6
SP-20545,US-2016-103646,44.848,7
SP-20545,US-2016-128909,19.136,8
SP-20545,CA-2016-102134,16.74,9
SP-20545,CA-2014-123316,7.752,10
SP-20620,US-2017-118087,1931.958,1
SP-20620,CA-2016-131289,1421.664,2
SP-20620,CA-2017-148929,478.08,3
SP-20620,CA-2014-104738,328.776,4
SP-20620,US-2017-118087,258.696,5
SP-20620,CA-2014-104738,217.584,6
SP-20620,CA-2015-131597,170.136,7
SP-20620,CA-2017-112844,154.95,8
SP-20620,US-2017-118087,141.372,9
SP-20620,US-2017-118087,95.88,10
SP-20620,CA-2014-104738,47.984,11
SP-20620,CA-2016-131289,45.36,12
SP-20620,CA-2017-112844,43.6,13
SP-20620,CA-2015-149636,29.6,14
SP-20620,US-2017-118087,17.024,15
SP-20620,CA-2014-123127,16.78,16
SP-20620,CA-2014-104738,12.984,17
SP-20620,CA-2016-131289,8.56,18
SP-20620,US-2017-118087,4.672,19
SP-20620,US-2017-118087,4.503,20
SP-20620,US-2017-118087,3.036,21
SP-20620,US-2017-162208,2.896,22
SP-20620,CA-2014-104738,2.286,23
SP-20620,CA-2015-149636,1.938,24
SP-20650,CA-2016-136770,279.96,1
SP-20650,CA-2016-136770,259.896,2
SP-20650,CA-2016-136770,247.188,3
SP-20650,US-2016-140172,207.144,4
SP-20650,CA-2014-110065,135.99,5
SP-20650,CA-2015-124919,105.52,6
SP-20650,US-2014-124625,89.97,7
SP-20650,CA-2015-124919,80.88,8
SP-20650,CA-2015-124919,58.38,9
SP-20650,CA-2016-133802,41.904,10
SP-20650,CA-2014-155208,39.072,11
SP-20650,CA-2016-149349,22.752,12
SP-20650,CA-2014-110065,15.96,13
SP-20650,US-2016-140172,13.9,14
SP-20860,US-2016-163881,1684.752,1
SP-20860,US-2016-163881,659.9,2
SP-20860,US-2016-163881,559.92,3
SP-20860,US-2015-126753,519.792,4
SP-20860,CA-2015-103870,131.104,5
SP-20860,CA-2014-164259,99.136,6
SP-20860,CA-2015-103870,72.744,7
SP-20860,CA-2015-103870,53.352,8
SP-20860,CA-2017-169362,39.984,9
SP-20860,CA-2015-105158,36.84,10
SP-20860,CA-2015-156923,35.88,11
SP-20860,US-2015-126753,31.176,12
SP-20860,CA-2015-103870,22.512,13
SP-20860,CA-2017-110478,15.25,14
SP-20860,US-2015-126753,10.368,15
SP-20860,CA-2017-160017,10.368,16
SP-20860,US-2015-126753,10.272,17
SP-20860,CA-2017-110478,9.32,18
SP-20860,CA-2014-119466,8.544,19
SP-20860,CA-2015-105158,6.16,20
SP-20860,CA-2015-103870,4.728,21
SP-20860,US-2015-126753,3.762,22
SP-20860,US-2015-126753,2.724,23
SP-20920,CA-2016-124590,1537.074,1
SP-20920,CA-2016-124590,1474.802,2
SP-20920,CA-2016-124590,449.372,3
SP-20920,CA-2017-161172,159.984,4
SP-20920,CA-2016-124590,110.096,5
SP-20920,CA-2017-161172,54.224,6
SP-20920,CA-2014-135090,53.82,7
SP-20920,CA-2017-161172,51.264,8
SP-20920,CA-2017-161172,44.376,9
SP-20920,CA-2017-100356,23.992,10
SP-20920,CA-2016-124590,16.752,11
SP-20920,CA-2016-152800,6.12,12
SP-20920,CA-2017-161172,5.193,13
SP-20920,CA-2016-105291,3.62,14
SR-20425,CA-2017-134845,2549.985,1
SR-20425,CA-2014-140487,212.94,2
SR-20425,CA-2017-120061,155.372,3
SR-20425,CA-2017-100412,141.96,4
SR-20425,CA-2017-143658,109.9,5
SR-20425,CA-2017-134845,21.594,6
SR-20425,CA-2017-134845,20.736,7
SR-20425,CA-2017-134845,12.03,8
SR-20425,CA-2017-134845,8.964,9
SR-20740,CA-2017-165323,3404.5,1
SR-20740,CA-2016-132661,379.4,2
SR-20740,US-2014-147704,169.45,3
SR-20740,CA-2017-165323,101.34,4
SR-20740,US-2014-147704,78.35,5
SR-20740,CA-2015-154970,61.584,6
SR-20740,CA-2014-133634,47.79,7
SR-20740,US-2014-147704,31.68,8
SR-20740,US-2014-147704,29.12,9
SR-20740,CA-2015-150196,19.44,10
SR-20740,CA-2014-164903,12.96,11
SR-20740,CA-2016-162222,10.272,12
SS-20140,CA-2017-164756,411.98,1
SS-20140,CA-2017-164756,244.55,2
SS-20140,CA-2017-164756,113.94,3
SS-20140,CA-2015-143616,99.2,4
SS-20140,CA-2017-164756,95.68,5
SS-20140,CA-2017-164756,50.96,6
SS-20140,CA-2017-165603,49.96,7
SS-20140,CA-2017-145772,44.75,8
SS-20140,CA-2014-120544,34.176,9
SS-20140,CA-2017-164756,25.92,10
SS-20140,CA-2017-108322,23.68,11
SS-20140,CA-2016-101168,21.12,12
SS-20140,CA-2017-164756,20.32,13
SS-20140,CA-2017-165603,12.96,14
SS-20140,CA-2017-145772,11.96,15
SS-20140,CA-2017-136063,10.192,16
SS-20140,CA-2014-120544,6.368,17
SS-20140,CA-2014-120544,5.544,18
SS-20140,CA-2017-145772,3.912,19
SS-20140,CA-2017-108322,2.376,20
SS-20410,CA-2015-119879,1252.704,1
SS-20410,CA-2014-127558,772.47,2
SS-20410,CA-2014-145800,355.455,3
SS-20410,CA-2014-126193,304.99,4
SS-20410,CA-2017-127726,195.68,5
SS-20410,CA-2015-119879,110.97,6
SS-20410,CA-2014-127558,20.46,7
SS-20410,CA-2017-127726,14.2,8
SS-20410,CA-2014-126193,13.16,9
SS-20410,CA-2014-127558,10.11,10
SS-20410,CA-2014-126193,3.828,11
SS-20410,CA-2017-159954,2.78,12
SS-20515,CA-2015-103135,279.86,1
SS-20515,CA-2015-103135,135.09,2
SS-20515,CA-2015-103135,90.06,3
SS-20515,US-2016-163538,47.97,4
SS-20515,CA-2014-124464,39.48,5
SS-20515,CA-2015-103135,20.94,6
SS-20590,CA-2016-166275,199.99,1
SS-20590,CA-2016-169166,93.98,2
SS-20590,CA-2014-150490,45.98,3
SS-20590,CA-2016-136287,18.9,4
SS-20590,CA-2015-120551,17.43,5
SS-20590,CA-2014-150490,16.36,6
SS-20590,CA-2014-150490,15.78,7
SS-20590,CA-2016-116540,8.26,8
SS-20590,CA-2016-116540,1.81,9
SS-20875,CA-2015-163965,290.352,1
SS-20875,US-2014-123519,263.96,2
SS-20875,US-2014-123519,136.53,3
SS-20875,CA-2015-163965,62.88,4
SS-20875,US-2016-146710,51.52,5
SS-20875,CA-2017-107909,22.92,6
SS-20875,CA-2017-107909,19.99,7
SS-20875,CA-2015-163965,17.44,8
SS-20875,CA-2015-163965,7.23,9
SS-20875,US-2016-146710,4.624,10
SS-20875,CA-2015-154900,3.15,11
SS-20875,US-2014-123519,2.624,12
ST-20530,CA-2014-163559,139.44,1
ST-20530,CA-2015-153325,58.72,2
ST-20530,CA-2014-164182,41.584,3
ST-20530,CA-2014-152345,33.29,4
ST-20530,CA-2014-164182,31.984,5
ST-20530,CA-2017-106852,31.104,6
ST-20530,CA-2014-164182,23.988,7
ST-20530,CA-2014-152345,23.976,8
ST-20530,CA-2014-107706,16.176,9
ST-20530,CA-2017-101273,14.336,10
ST-20530,CA-2014-164182,13.494,11
ST-20530,CA-2017-106852,5.248,12
SU-20665,CA-2017-157966,959.984,1
SU-20665,CA-2017-148922,599.97,2
SU-20665,CA-2017-111388,215.976,3
SU-20665,CA-2017-157966,209.986,4
SU-20665,CA-2015-134943,152.8,5
SU-20665,CA-2017-157966,89.768,6
SU-20665,US-2016-126431,75.06,7
SU-20665,CA-2017-148922,45.84,8
SU-20665,CA-2017-148922,38.97,9
SU-20665,CA-2017-157966,34.36,10
SU-20665,US-2016-126431,30.84,11
SU-20665,US-2016-126431,30.53,12
SU-20665,CA-2017-157966,29.76,13
SU-20665,CA-2016-123414,28.048,14
SU-20665,CA-2017-157966,19.456,15
SU-20665,CA-2017-157966,15.552,16
SU-20665,CA-2016-164490,9.248,17
SU-20665,CA-2016-123414,9.216,18
SV-20365,CA-2017-100111,2888.127,1
SV-20365,CA-2017-100111,2254.41,2
SV-20365,CA-2017-100111,1299.66,3
SV-20365,CA-2016-118745,902.712,4
SV-20365,CA-2014-134572,744.1,5
SV-20365,US-2017-165358,599.97,6
SV-20365,CA-2015-168746,431.976,7
SV-20365,CA-2014-134572,401.59,8
SV-20365,CA-2017-100111,272.646,9
SV-20365,CA-2017-100111,212.8,10
SV-20365,US-2017-165358,198.744,11
SV-20365,CA-2015-168746,181.986,12
SV-20365,CA-2015-168746,155.37,13
SV-20365,CA-2017-161200,145.74,14
SV-20365,CA-2017-159793,130.98,15
SV-20365,CA-2017-100111,104.85,16
SV-20365,CA-2016-157511,99.372,17
SV-20365,CA-2017-100111,80.991,18
SV-20365,CA-2017-100111,72.64,19
SV-20365,CA-2017-100111,59.97,20
SV-20365,CA-2017-100111,45.4,21
SV-20365,CA-2014-134572,44.84,22
SV-20365,US-2016-136581,31.104,23
SV-20365,CA-2017-161200,15.4,24
SV-20365,CA-2017-100111,13.76,25
SV-20365,CA-2014-130092,9.94,26
SV-20365,US-2017-165358,9.184,27
SV-20365,CA-2016-157511,5.352,28
SV-20365,CA-2017-100111,4.36,29
SV-20365,CA-2016-157511,2.672,30
SV-20785,CA-2015-112130,844.116,1
SV-20785,CA-2015-162887,715.2,2
SV-20785,CA-2016-148852,484.704,3
SV-20785,CA-2016-148852,371.976,4
SV-20785,CA-2015-149097,364.776,5
SV-20785,CA-2014-100895,356.94,6
SV-20785,CA-2014-100895,239.97,7
SV-20785,CA-2016-148852,211.168,8
SV-20785,CA-2015-112130,76.752,9
SV-20785,CA-2015-149097,74.76,10
SV-20785,CA-2014-169257,62.016,11
SV-20785,CA-2015-112130,59.904,12
SV-20785,CA-2016-148852,45.36,13
SV-20785,US-2014-158365,32.4,14
SV-20785,CA-2015-112130,27.552,15
SV-20785,US-2014-160780,25.164,16
SV-20785,CA-2017-151176,25.02,17
SV-20785,CA-2015-112130,23.696,18
SV-20785,CA-2015-112130,18.2,19
SV-20785,US-2014-160780,11.088,20
SV-20785,CA-2017-151176,10.71,21
SV-20785,CA-2014-100895,8.56,22
SV-20785,CA-2015-112130,7.968,23
SV-20785,CA-2016-148852,5.94,24
SV-20785,CA-2014-169257,1.365,25
SV-20815,CA-2015-126697,946.344,1
SV-20815,CA-2015-126697,151.2,2
SV-20815,CA-2015-146290,125.93,3
SV-20815,CA-2016-160598,31.008,4
SV-20815,CA-2017-100237,11.68,5
SV-20815,CA-2015-126697,4.928,6
SV-20935,CA-2017-116953,552,1
SV-20935,CA-2017-116225,390.75,2
SV-20935,US-2017-147669,273.06,3
SV-20935,CA-2016-133669,235.152,4
SV-20935,US-2017-147669,158.928,5
SV-20935,CA-2017-122798,118.25,6
SV-20935,CA-2017-147767,67.86,7
SV-20935,US-2017-147669,39.312,8
SV-20935,CA-2016-136371,20.32,9
SV-20935,CA-2016-124681,15.576,10
SV-20935,CA-2016-136371,14.98,11
SV-20935,US-2017-147669,13.023,12
SV-20935,CA-2017-122798,4.28,13
SW-20245,CA-2017-111717,239.358,1
SW-20245,US-2017-134642,231.92,2
SW-20245,US-2017-134642,196.784,3
SW-20245,CA-2015-100657,109.764,4
SW-20245,CA-2015-101091,47.984,5
SW-20245,CA-2014-142965,27.36,6
SW-20245,CA-2015-101091,26.064,7
SW-20245,CA-2014-142965,25.984,8
SW-20245,US-2016-119270,19.98,9
SW-20275,CA-2016-127761,881.93,1
SW-20275,CA-2017-137022,811.28,2
SW-20275,CA-2017-119305,173.8,3
SW-20275,CA-2017-148145,46.2,4
SW-20275,CA-2017-107874,27.42,5
SW-20275,US-2014-100279,22.38,6
SW-20275,CA-2016-127761,3.64,7
SW-20350,CA-2016-128517,517.9,1
SW-20350,US-2017-160465,222.32,2
SW-20350,US-2017-160465,210.564,3
SW-20350,US-2017-160465,33.93,4
SW-20350,US-2016-133508,29.05,5
SW-20350,CA-2016-128517,5.28,6
SW-20455,CA-2015-153423,1217.568,1
SW-20455,CA-2016-140249,1001.584,2
SW-20455,CA-2017-145429,225.296,3
SW-20455,CA-2015-150560,196.62,4
SW-20455,CA-2015-154886,119.9,5
SW-20455,US-2015-151435,85.98,6
SW-20455,CA-2017-145429,50.352,7
SW-20455,CA-2017-145429,16.34,8
SW-20455,CA-2017-139948,7.904,9
SW-20755,CA-2016-137050,579.136,1
SW-20755,CA-2014-134726,52.792,2
SW-20755,CA-2014-134726,41.94,3
SW-20755,CA-2016-137050,41.86,4
SW-20755,CA-2016-137050,14.07,5
SW-20755,CA-2016-137050,11.21,6
SW-20755,CA-2016-137050,9.144,7
SW-20755,CA-2016-137050,8.544,8
SZ-20035,CA-2015-154284,637.44,1
SZ-20035,CA-2017-157273,604.768,2
SZ-20035,CA-2015-154284,600.53,3
SZ-20035,CA-2017-129000,501.81,4
SZ-20035,US-2017-111024,215.148,5
SZ-20035,CA-2014-105165,200.795,6
SZ-20035,CA-2014-105165,196.776,7
SZ-20035,CA-2017-133249,145.9,8
SZ-20035,CA-2016-135965,128.34,9
SZ-20035,CA-2015-154284,59.904,10
SZ-20035,CA-2014-132227,52.064,11
SZ-20035,CA-2015-154284,51.756,12
SZ-20035,CA-2014-105165,46.688,13
SZ-20035,CA-2016-113096,46.53,14
SZ-20035,US-2017-111024,30.96,15
SZ-20035,CA-2015-136105,24.56,16
SZ-20035,CA-2017-105144,23.68,17
SZ-20035,CA-2014-105165,21.864,18
SZ-20035,CA-2014-105165,2.92,19
TA-21385,CA-2017-127180,11199.968,1
TA-21385,CA-2017-127180,2399.6,2
TA-21385,US-2014-119081,357.93,3
TA-21385,US-2014-119081,331.96,4
TA-21385,CA-2016-129847,84.272,5
TA-21385,CA-2017-127180,63.9,6
TA-21385,US-2014-119081,57.4,7
TA-21385,CA-2017-127180,52.99,8
TA-21385,US-2014-119081,40.56,9
TA-21385,CA-2017-140536,7.04,10
TB-21055,CA-2016-111682,319.41,1
TB-21055,CA-2016-145982,244.615,2
TB-21055,CA-2016-111682,208.56,3
TB-21055,CA-2017-145037,146.82,4
TB-21055,CA-2016-145982,122.97,5
TB-21055,CA-2016-145982,81.54,6
TB-21055,CA-2017-145037,79.92,7
TB-21055,CA-2016-145982,59.97,8
TB-21055,CA-2016-111682,48.48,9
TB-21055,CA-2016-111682,32.4,10
TB-21055,CA-2016-111682,30,11
TB-21055,CA-2016-145982,29,12
TB-21055,CA-2017-163566,16.52,13
TB-21055,CA-2016-111682,14.56,14
TB-21055,CA-2016-145982,11.68,15
TB-21055,CA-2017-145037,10.9,16
TB-21055,CA-2017-117156,8.856,17
TB-21055,CA-2016-111682,1.68,18
TB-21175,CA-2017-143567,2249.91,1
TB-21175,CA-2017-143567,975.92,2
TB-21175,CA-2016-124254,129.552,3
TB-21175,CA-2014-104773,60.416,4
TB-21175,CA-2017-143567,59.92,5
TB-21175,CA-2016-124254,51.984,6
TB-21175,CA-2016-161473,20.7,7
TB-21175,CA-2016-161473,14.352,8
TB-21175,CA-2016-161473,10.95,9
TB-21175,CA-2017-143567,5.32,10
TB-21190,CA-2014-163447,767.214,1
TB-21190,CA-2017-148985,34.92,2
TB-21190,CA-2017-162096,7.8,3
TB-21190,CA-2015-160059,6.24,4
TB-21250,CA-2015-141040,631.96,1
TB-21250,US-2016-166660,435.168,2
TB-21250,CA-2014-129364,103.92,3
TB-21250,US-2017-104661,62.592,4
TB-21250,CA-2014-129364,52.68,5
TB-21250,US-2016-166660,48.58,6
TB-21250,US-2017-104661,47.984,7
TB-21250,CA-2014-129364,39.072,8
TB-21250,CA-2014-129364,27.888,9
TB-21250,CA-2016-162614,27.264,10
TB-21250,CA-2015-141040,23.92,11
TB-21250,CA-2014-129364,13.88,12
TB-21250,CA-2015-117898,12.224,13
TB-21250,CA-2014-129364,11.52,14
TB-21250,CA-2014-129364,10.368,15
TB-21250,US-2016-112970,9.84,16
TB-21250,CA-2014-129364,6.456,17
TB-21250,US-2017-104661,4.276,18
TB-21280,CA-2016-134887,1287.45,1
TB-21280,CA-2014-130624,617.97,2
TB-21280,CA-2014-131527,95.968,3
TB-21280,CA-2014-130624,59.7,4
TB-21280,CA-2016-157266,41.37,5
TB-21280,US-2016-155180,26.336,6
TB-21280,CA-2014-130624,19.65,7
TB-21280,CA-2016-157266,19.44,8
TB-21280,CA-2016-157266,12.7,9
TB-21280,CA-2016-157266,9.64,10
TB-21280,CA-2014-133389,8.226,11
TB-21355,CA-2017-159464,302.94,1
TB-21355,CA-2017-136609,115.296,2
TB-21355,CA-2017-159464,113.94,3
TB-21355,CA-2016-117919,79.92,4
TB-21355,CA-2017-159464,55.98,5
TB-21355,CA-2016-154711,39.88,6
TB-21355,CA-2017-159464,34.75,7
TB-21355,CA-2016-154711,20.82,8
TB-21355,CA-2016-153346,18,9
TB-21355,CA-2017-159464,17.24,10
TB-21355,CA-2016-117919,14.16,11
TB-21355,CA-2016-153346,9.21,12
TB-21400,CA-2014-145541,6999.96,1
TB-21400,CA-2014-131002,821.88,2
TB-21400,CA-2017-134565,385.8,3
TB-21400,CA-2017-134565,174.42,4
TB-21400,US-2017-120147,164.792,5
TB-21400,CA-2014-131002,104.85,6
TB-21400,CA-2014-111059,83.84,7
TB-21400,CA-2016-164735,81.2,8
TB-21400,CA-2014-131002,57.69,9
TB-21400,CA-2014-131002,42.81,10
TB-21400,CA-2017-134565,37.94,11
TB-21400,CA-2014-110422,25.248,12
TB-21400,CA-2014-111059,13.272,13
TB-21400,CA-2014-131002,12.96,14
TB-21400,US-2017-120147,6.08,15
TB-21520,US-2015-150630,3083.43,1
TB-21520,CA-2014-142587,409.59,2
TB-21520,CA-2015-130883,239.8,3
TB-21520,CA-2014-168473,191.88,4
TB-21520,CA-2015-130883,141.76,5
TB-21520,US-2015-150630,124.2,6
TB-21520,CA-2014-142587,121.792,7
TB-21520,CA-2014-124394,119.976,8
TB-21520,US-2015-150630,86.304,9
TB-21520,CA-2017-133718,58.32,10
TB-21520,CA-2015-131128,34.44,11
TB-21520,CA-2015-130883,31.104,12
TB-21520,CA-2017-114440,19.05,13
TB-21520,US-2015-150630,15.76,14
TB-21520,CA-2017-133718,15.192,15
TB-21520,CA-2016-117912,14.368,16
TB-21520,CA-2014-124394,10.78,17
TB-21520,US-2015-150630,9.618,18
TB-21520,US-2015-150630,3.264,19
TB-21595,CA-2016-156300,754.45,1
TB-21595,CA-2016-127236,299.975,2
TB-21595,CA-2016-127236,158.376,3
TB-21595,US-2014-139640,120.768,4
TB-21595,US-2014-139640,25.92,5
TB-21595,US-2014-165589,25.16,6
TB-21595,CA-2017-154214,2.91,7
TB-21625,US-2017-165456,1079.316,1
TB-21625,CA-2017-120168,663.92,2
TB-21625,CA-2015-152891,253.176,3
TB-21625,CA-2016-153157,224.75,4
TB-21625,CA-2014-137575,199.98,5
TB-21625,CA-2017-120168,120,6
TB-21625,CA-2015-149601,77.55,7
TB-21625,CA-2015-152891,60.45,8
TB-21625,US-2017-116505,43.8,9
TB-21625,CA-2017-120168,18.84,10
TB-21625,CA-2016-111696,17.94,11
TB-21625,CA-2015-149601,16.24,12
TB-21625,CA-2015-156377,14.76,13
TB-21625,CA-2015-156377,3.656,14
TB-21625,CA-2017-120168,3.29,15
TC-20980,CA-2016-118689,17499.95,1
TC-20980,CA-2016-118689,735.98,2
TC-20980,CA-2014-153087,498,3
TC-20980,CA-2014-123498,74.352,4
TC-20980,CA-2015-156013,61.4,5
TC-20980,CA-2016-118689,33.96,6
TC-20980,CA-2016-118689,32.48,7
TC-20980,CA-2014-123498,26.046,8
TC-20980,CA-2015-156013,24.448,9
TC-20980,CA-2014-153087,23.92,10
TC-20980,CA-2016-129693,7.312,11
TC-21145,CA-2017-124205,512.96,1
TC-21145,CA-2017-124205,395.94,2
TC-21145,CA-2017-124205,81.96,3
TC-21145,CA-2017-124205,47.4,4
TC-21295,CA-2014-151330,1628.82,1
TC-21295,CA-2016-147368,695.7,2
TC-21295,CA-2017-121048,470.376,3
TC-21295,CA-2014-140816,447.944,4
TC-21295,CA-2017-121048,276.69,5
TC-21295,CA-2014-151330,177,6
TC-21295,CA-2017-136875,166.44,7
TC-21295,CA-2017-121048,140.97,8
TC-21295,CA-2014-151330,79.45,9
TC-21295,CA-2017-121048,71.92,10
TC-21295,CA-2017-167668,59.2,11
TC-21295,CA-2017-142489,21.99,12
TC-21295,CA-2017-121048,18.84,13
TC-21295,CA-2017-121048,4.448,14
TC-21295,US-2017-153633,2.064,15
TC-21475,CA-2017-121419,411.8,1
TC-21475,CA-2017-121419,360,2
TC-21475,US-2016-141880,98.328,3
TC-21475,CA-2017-155740,76.776,4
TC-21475,CA-2015-151841,43.56,5
TC-21475,US-2017-144582,43.372,6
TC-21475,CA-2016-140564,33.92,7
TC-21475,CA-2016-100307,19.44,8
TC-21475,US-2014-112200,9.98,9
TC-21475,CA-2015-151841,5.84,10
TC-21535,CA-2016-157217,389.97,1
TC-21535,CA-2016-166226,67.84,2
TC-21535,CA-2015-115847,61.96,3
TC-21535,CA-2016-166226,61.192,4
TC-21535,CA-2016-157217,35.984,5
TC-21535,US-2015-142020,35.28,6
TC-21535,US-2015-142020,30.44,7
TC-21535,CA-2014-153619,6.72,8
TC-21535,CA-2017-112487,3.132,9
TD-20995,US-2016-167339,1013.488,1
TD-20995,US-2016-167339,153.568,2
TD-20995,CA-2017-104010,54.9,3
TD-20995,CA-2014-130155,34.2,4
TD-20995,CA-2015-114468,31.68,5
TD-20995,CA-2017-134306,24.56,6
TD-20995,CA-2017-103156,24.048,7
TD-20995,CA-2017-111178,19.56,8
TD-20995,CA-2017-150959,18.336,9
TD-20995,CA-2017-134306,12.96,10
TD-20995,CA-2015-114468,12.032,11
TD-20995,CA-2017-150959,10.44,12
TD-20995,CA-2015-114468,10.368,13
TD-20995,CA-2017-134306,7.56,14
TD-20995,CA-2015-114468,5.768,15
TD-20995,US-2017-100209,1.08,16
TG-21310,CA-2016-146633,1016.792,1
TG-21310,CA-2016-166429,999.98,2
TG-21310,CA-2015-143364,441.92,3
TG-21310,CA-2015-143364,272.736,4
TG-21310,US-2017-104437,137.94,5
TG-21310,CA-2015-143364,127.764,6
TG-21310,CA-2016-146633,38.136,7
TG-21310,CA-2015-143364,18.496,8
TG-21310,CA-2015-110345,4.608,9
TG-21640,CA-2014-130428,1125.488,1
TG-21640,CA-2015-141012,355.36,2
TG-21640,CA-2015-149713,160.72,3
TG-21640,CA-2015-141012,140.376,4
TG-21640,CA-2017-128783,135.3,5
TG-21640,CA-2017-128783,113.52,6
TG-21640,CA-2015-149713,19.92,7
TG-21640,CA-2014-130428,12.645,8
TG-21640,CA-2015-149713,7.3,9
TG-21640,CA-2014-130428,4.032,10
TH-21100,CA-2014-153850,1502.376,1
TH-21100,US-2014-133130,603.92,2
TH-21100,CA-2017-161809,160.776,3
TH-21100,US-2014-133130,81.98,4
TH-21100,CA-2014-153850,35.168,5
TH-21100,CA-2016-159765,27.86,6
TH-21100,CA-2015-133837,10.744,7
TH-21115,CA-2016-125087,1554.936,1
TH-21115,CA-2017-127782,859.2,2
TH-21115,CA-2016-125087,344.372,3
TH-21115,CA-2016-125087,127.88,4
TH-21115,CA-2017-127782,20.136,5
TH-21115,CA-2016-152520,12.96,6
TH-21115,CA-2014-148369,11.12,7
TH-21115,CA-2017-127782,8.856,8
TH-21115,CA-2017-127782,3.312,9
TH-21235,CA-2017-132682,381.576,1
TH-21235,CA-2016-108224,185.528,2
TH-21235,US-2017-118556,106.869,3
TH-21235,CA-2017-132682,85.056,4
TH-21235,CA-2014-114517,56.52,5
TH-21235,CA-2017-117261,54.32,6
TH-21235,CA-2014-114517,53.316,7
TH-21235,CA-2016-132409,34.848,8
TH-21235,CA-2016-152646,32.4,9
TH-21235,CA-2017-132682,23.76,10
TH-21235,US-2017-118556,3.564,11
TH-21235,US-2014-134187,2.94,12
TH-21235,CA-2016-132409,1.504,13
TH-21550,US-2017-120390,1633.188,1
TH-21550,CA-2015-117800,589.9,2
TH-21550,CA-2017-133256,543.92,3
TH-21550,CA-2015-117800,542.94,4
TH-21550,CA-2017-112956,277.4,5
TH-21550,CA-2015-100769,255.968,6
TH-21550,CA-2015-120810,128.82,7
TH-21550,CA-2017-112956,91.92,8
TH-21550,CA-2015-120810,68.94,9
TH-21550,CA-2014-113887,55.48,10
TH-21550,CA-2017-112956,25.16,11
TH-21550,CA-2017-133256,15.92,12
TM-21010,CA-2015-147788,1406.86,1
TM-21010,CA-2014-154669,423.28,2
TM-21010,CA-2017-144589,359.976,3
TM-21010,CA-2015-147788,323.1,4
TM-21010,CA-2015-102015,105.98,5
TM-21010,CA-2017-160927,94.85,6
TM-21010,CA-2014-156006,47.79,7
TM-21010,CA-2015-102015,28.9,8
TM-21010,CA-2015-102015,27.18,9
TM-21010,CA-2017-144589,24.2,10
TM-21010,CA-2015-102015,20.7,11
TM-21010,CA-2017-134439,15.96,12
TM-21010,CA-2015-147788,15.75,13
TM-21010,CA-2017-160927,14.91,14
TM-21010,CA-2017-160927,13.48,15
TM-21010,CA-2017-160927,12.96,16
TM-21010,CA-2015-102015,9.26,17
TM-21010,CA-2014-165540,8.85,18
TM-21490,CA-2017-108791,543.92,1
TM-21490,CA-2017-113474,325.86,2
TM-21490,CA-2017-131037,210.008,3
TM-21490,CA-2017-108791,14.89,4
TN-21040,CA-2016-109869,1272.63,1
TN-21040,CA-2015-140557,559.93,2
TN-21040,US-2016-109260,431.976,3
TN-21040,CA-2016-121377,286.4,4
TN-21040,CA-2016-109869,185.376,5
TN-21040,CA-2014-140403,122.352,6
TN-21040,US-2017-139577,104.75,7
TN-21040,CA-2016-109869,78.272,8
TN-21040,CA-2016-109869,28.485,9
TN-21040,CA-2016-109869,23.56,10
TN-21040,CA-2016-155446,21.21,11
TN-21040,CA-2014-140403,15.28,12
TP-21130,CA-2017-120376,1586.69,1
TP-21130,CA-2016-109722,699.98,2
TP-21130,CA-2016-109722,584.82,3
TP-21130,CA-2017-120376,411.8,4
TP-21130,US-2017-107384,399.95,5
TP-21130,CA-2016-142370,249.95,6
TP-21130,CA-2017-120376,199.95,7
TP-21130,US-2017-107384,142.8,8
TP-21130,CA-2017-120376,84.99,9
TP-21130,CA-2015-116841,35.208,10
TP-21130,CA-2016-117408,23.968,11
TP-21130,CA-2016-120180,11.632,12
TP-21130,US-2017-107384,8.8,13
TP-21130,CA-2017-119669,5.67,14
TP-21130,CA-2016-142370,5.04,15
TP-21130,CA-2015-126970,2.808,16
TP-21415,CA-2017-118892,4416.174,1
TP-21415,CA-2015-136196,322.59,2
TP-21415,CA-2017-118773,252.784,3
TP-21415,CA-2016-145303,156.3728,4
TP-21415,CA-2017-118773,127.984,5
TP-21415,CA-2016-145303,13.14,6
TP-21415,CA-2017-118773,12.992,7
TP-21415,CA-2017-137470,12.96,8
TP-21415,CA-2016-145303,10.024,9
TP-21415,CA-2017-118773,3.984,10
TP-21565,CA-2016-163328,650.352,1
TP-21565,CA-2016-163328,629.184,2
TP-21565,US-2017-106131,169.064,3
TP-21565,US-2017-106131,168.624,4
TP-21565,CA-2016-163328,104.784,5
TP-21565,CA-2015-104052,95.84,6
TP-21565,CA-2016-163328,47.952,7
TP-21565,CA-2016-103919,38.08,8
TP-21565,CA-2016-163328,17.584,9
TP-21565,CA-2016-163328,15.176,10
TR-21325,CA-2016-160815,278.4,1
TR-21325,CA-2017-101434,239.97,2
TR-21325,CA-2014-131051,58.2,3
TR-21325,CA-2016-110009,43.13,4
TR-21325,CA-2016-119515,15.552,5
TR-21325,CA-2017-101434,9.82,6
TS-21085,US-2017-168690,2.808,1
TS-21085,US-2015-160150,2.025,2
TS-21160,US-2016-152051,422.058,1
TS-21160,CA-2015-149342,287.97,2
TS-21160,US-2016-152051,254.352,3
TS-21160,CA-2016-156251,241.96,4
TS-21160,CA-2015-161263,118.782,5
TS-21160,CA-2015-161263,55.47,6
TS-21160,CA-2015-161263,45.216,7
TS-21160,US-2016-152051,38.088,8
TS-21160,CA-2016-120005,35.28,9
TS-21160,CA-2016-120005,25.35,10
TS-21160,CA-2015-149342,12.96,11
TS-21160,CA-2015-161263,10.416,12
TS-21160,CA-2016-156251,8.52,13
TS-21160,CA-2015-161263,7.872,14
TS-21160,US-2014-112564,2.502,15
TS-21160,CA-2015-161263,1.448,16
TS-21205,CA-2017-119284,2239.936,1
TS-21205,CA-2016-155978,1039.728,2
TS-21205,CA-2014-140662,733.95,3
TS-21205,CA-2014-140662,241.44,4
TS-21205,CA-2017-119284,239.976,5
TS-21205,CA-2017-119284,142.776,6
TS-21205,CA-2017-119284,120.96,7
TS-21205,CA-2014-140662,99.98,8
TS-21205,CA-2017-119284,91.36,9
TS-21205,CA-2014-120887,87.54,10
TS-21205,CA-2014-160262,79.14,11
TS-21205,CA-2017-119284,76.608,12
TS-21205,CA-2016-155978,45.96,13
TS-21205,CA-2014-160262,37.4,14
TS-21205,CA-2017-119284,31.168,15
TS-21205,CA-2014-169649,20.388,16
TS-21205,CA-2014-160262,18.06,17
TS-21205,US-2014-107405,16.272,18
TS-21205,CA-2014-169649,8.448,19
TS-21340,CA-2015-153416,454.86,1
TS-21340,CA-2014-146591,181.47,2
TS-21340,CA-2014-146591,108.72,3
TS-21340,CA-2015-153416,91.392,4
TS-21340,CA-2014-146591,56.064,5
TS-21340,CA-2014-146591,32.34,6
TS-21340,CA-2015-153416,19.44,7
TS-21340,CA-2017-117863,14.56,8
TS-21340,CA-2014-140032,8.608,9
TS-21340,CA-2015-153416,3.168,10
TS-21340,CA-2015-146829,1.112,11
TS-21370,CA-2017-143112,5199.96,1
TS-21370,US-2015-100377,2799.96,2
TS-21370,CA-2017-166436,977.292,3
TS-21370,CA-2015-136469,716,4
TS-21370,CA-2014-101931,616.998,5
TS-21370,CA-2014-101931,480.74,6
TS-21370,CA-2017-143112,221.382,7
TS-21370,CA-2015-136469,221.06,8
TS-21370,US-2017-139647,209.979,9
TS-21370,CA-2015-136469,199.836,10
TS-21370,CA-2014-101931,141.4,11
TS-21370,CA-2017-143112,87.8,12
TS-21370,CA-2014-101931,7.184,13
TS-21370,CA-2014-101931,6.28,14
TS-21430,CA-2014-111192,1367.84,1
TS-21430,CA-2014-155796,521.96,2
TS-21430,CA-2017-136623,71.952,3
TS-21430,CA-2016-128972,30.36,4
TS-21430,CA-2017-136623,29.8,5
TS-21430,CA-2014-155796,23.968,6
TS-21430,US-2016-100405,8.26,7
TS-21505,CA-2014-134551,662.88,1
TS-21505,CA-2017-152737,439.8,2
TS-21505,CA-2016-113978,331.536,3
TS-21505,CA-2016-113978,286.256,4
TS-21505,CA-2017-106747,102.3,5
TS-21505,CA-2017-116946,102.018,6
TS-21505,CA-2017-166856,101.34,7
TS-21505,CA-2017-116946,78.256,8
TS-21505,CA-2014-134551,43.512,9
TS-21505,CA-2014-134551,25.92,10
TS-21505,CA-2016-113978,24.224,11
TS-21505,CA-2017-152737,21.792,12
TS-21505,CA-2017-116946,13.36,13
TS-21505,CA-2017-166856,10.08,14
TS-21610,CA-2017-105214,1212.96,1
TS-21610,CA-2014-142839,853.092,2
TS-21610,CA-2016-131093,295.4,3
TS-21610,US-2017-107272,243.992,4
TS-21610,CA-2017-163160,96.784,5
TS-21610,CA-2017-163160,63.312,6
TS-21610,CA-2016-110023,14.624,7
TS-21610,CA-2017-163160,10.476,8
TS-21610,CA-2017-124191,8.856,9
TS-21610,US-2017-107272,2.388,10
TS-21655,CA-2017-147207,913.43,1
TS-21655,CA-2015-137064,670.752,2
TS-21655,CA-2016-148684,399.98,3
TS-21655,CA-2017-147207,372.144,4
TS-21655,CA-2016-148684,343.85,5
TS-21655,CA-2015-153878,272.4,6
TS-21655,CA-2017-133487,152.94,7
TS-21655,CA-2016-148684,106.32,8
TS-21655,CA-2015-153878,57.75,9
TS-21655,CA-2017-147207,31.744,10
TS-21655,CA-2016-148684,19.89,11
TS-21655,CA-2015-137064,18.528,12
TS-21655,CA-2017-147207,5.432,13
TS-21655,CA-2015-137064,2.934,14
TT-21070,CA-2017-122490,2404.704,1
TT-21070,CA-2015-116876,625.99,2
TT-21070,CA-2017-122490,563.024,3
TT-21070,CA-2017-108035,390.368,4
TT-21070,CA-2017-122490,344.91,5
TT-21070,CA-2014-128839,209.97,6
TT-21070,CA-2014-164224,149.232,7
TT-21070,CA-2017-108035,101.52,8
TT-21070,CA-2014-128839,45,9
TT-21070,CA-2015-116876,26.424,10
TT-21070,CA-2015-119942,23.904,11
TT-21070,CA-2014-164224,15.936,12
TT-21070,CA-2017-122490,8.64,13
TT-21070,CA-2016-162733,5.98,14
TT-21220,CA-2017-162075,537.544,1
TT-21220,US-2017-113201,204.95,2
TT-21220,CA-2016-146766,192.8,3
TT-21220,CA-2015-132318,182.91,4
TT-21220,CA-2015-168564,144.784,5
TT-21220,CA-2015-124541,42.048,6
TT-21220,CA-2014-163650,34.5,7
TT-21220,CA-2015-124541,25.488,8
TT-21220,CA-2016-152408,13.776,9
TT-21220,CA-2014-163650,9.84,10
TT-21220,CA-2015-124541,9.648,11
TT-21220,CA-2015-124541,7.968,12
TT-21220,CA-2015-168564,7.28,13
TT-21220,CA-2015-124541,6.9,14
TT-21220,CA-2015-168564,6.608,15
TT-21265,CA-2015-162369,323.1,1
TT-21265,CA-2016-134376,61.44,2
TT-21265,CA-2016-111143,54.96,3
TT-21460,CA-2017-141439,1879.96,1
TT-21460,CA-2015-135622,1718.4,2
TT-21460,CA-2017-141439,828.6,3
TT-21460,CA-2015-135622,360.712,4
TT-21460,CA-2017-141439,257.94,5
TT-21460,US-2017-119816,103.5,6
TT-21460,CA-2017-141439,89.98,7
TT-21460,US-2017-114356,35.96,8
TT-21460,CA-2017-141439,27.46,9
TT-21460,CA-2016-109057,23.952,10
TT-21460,CA-2017-160934,21.4,11
TT-21460,US-2017-119816,8.72,12
TT-21460,CA-2017-158736,5.76,13
TT-21460,US-2017-119816,2.464,14
TW-21025,CA-2015-137113,2003.92,1
TW-21025,CA-2015-137113,1913.4,2
TW-21025,CA-2014-101364,296.712,3
TW-21025,CA-2017-104850,291.136,4
TW-21025,CA-2016-158834,203.184,5
TW-21025,CA-2016-158834,157.92,6
TW-21025,CA-2015-137113,146.73,7
TW-21025,CA-2015-135510,67.96,8
TW-21025,CA-2017-134880,44.784,9
TW-21025,CA-2015-137113,32.4,10
TW-21025,US-2017-127719,6.48,11
TZ-21580,CA-2014-163419,603.92,1
TZ-21580,CA-2014-163419,559.984,2
TZ-21580,US-2016-143280,445.96,3
TZ-21580,US-2016-143280,36.24,4
TZ-21580,CA-2015-119508,25.08,5
TZ-21580,CA-2015-119508,16.9,6
TZ-21580,US-2016-143280,10.65,7
TZ-21580,CA-2017-101665,5.16,8
TZ-21580,CA-2014-163419,3.392,9
VB-21745,CA-2016-120369,756.8,1
VB-21745,CA-2017-155698,647.84,2
VB-21745,CA-2015-111395,335.52,3
VB-21745,CA-2016-162313,167.292,4
VB-21745,CA-2015-111395,27.056,5
VB-21745,CA-2015-111395,23.912,6
VB-21745,CA-2017-155698,20.7,7
VB-21745,CA-2015-121132,14.432,8
VB-21745,CA-2015-121132,6.264,9
VB-21745,CA-2017-154816,5.78,10
VD-21670,CA-2015-113145,1399.93,1
VD-21670,CA-2014-126361,1089.75,2
VD-21670,CA-2015-166583,971.88,3
VD-21670,CA-2015-113145,503.96,4
VD-21670,CA-2014-126361,447.84,5
VD-21670,CA-2014-126361,399.96,6
VD-21670,US-2015-145436,389.696,7
VD-21670,CA-2015-118444,387.136,8
VD-21670,CA-2015-113145,259.7,9
VD-21670,CA-2016-113747,185.88,10
VD-21670,US-2015-145436,161.568,11
VD-21670,CA-2015-113145,42.95,12
VD-21670,CA-2014-126361,16.4,13
VD-21670,CA-2015-113145,13.52,14
VD-21670,CA-2014-126361,13.184,15
VF-21715,CA-2014-113880,634.116,1
VF-21715,CA-2017-138464,86.376,2
VF-21715,CA-2017-138464,18.24,3
VF-21715,CA-2014-113880,17.472,4
VF-21715,CA-2017-138464,15.84,5
VF-21715,CA-2014-146528,15.52,6
VF-21715,CA-2017-138464,13.12,7
VF-21715,CA-2017-130106,9.84,8
VF-21715,CA-2014-146528,6.48,9
VF-21715,CA-2017-130106,2.78,10
VG-21790,CA-2016-151092,211.168,1
VG-21790,CA-2014-156790,155.456,2
VG-21790,CA-2017-139304,119.616,3
VG-21790,US-2017-115301,115.96,4
VG-21790,CA-2017-150189,75.18,5
VG-21790,CA-2017-139304,8.57,6
VG-21790,CA-2017-139304,8.34,7
VG-21805,CA-2014-103191,331.536,1
VG-21805,CA-2016-132094,47.984,2
VG-21805,CA-2016-113803,22.48,3
VG-21805,CA-2016-109911,10.96,4
VG-21805,CA-2017-166499,8.94,5
VG-21805,CA-2016-132094,5.472,6
VM-21685,US-2016-150140,1294.75,1
VM-21685,US-2017-101539,659.976,2
VM-21685,CA-2014-165806,200.97,3
VM-21685,CA-2016-113516,67.136,4
VM-21685,CA-2014-165806,58.32,5
VM-21685,US-2017-101539,46.51,6
VM-21685,CA-2017-107720,46.26,7
VM-21685,CA-2015-105221,35.36,8
VM-21685,CA-2016-113516,33.024,9
VM-21685,US-2017-101539,6.48,10
VM-21685,CA-2015-105221,3.168,11
VM-21685,CA-2017-109778,2.912,12
VM-21835,CA-2016-115476,129.98,1
VM-21835,US-2016-123610,120,2
VM-21835,CA-2016-133872,39.936,3
VM-21835,CA-2016-115476,32.54,4
VM-21835,CA-2016-133872,18.464,5
VM-21835,US-2014-129609,16.28,6
VM-21835,US-2017-166394,14.82,7
VM-21835,US-2016-123610,8.67,8
VP-21730,CA-2017-105333,546.06,1
VP-21730,CA-2017-105333,269.49,2
VP-21730,CA-2017-105333,83.56,3
VP-21730,CA-2017-102946,75.792,4
VP-21730,CA-2015-130610,19,5
VP-21760,CA-2017-159100,1875.258,1
VP-21760,CA-2014-109680,386.34,2
VP-21760,CA-2015-111339,317.058,3
VP-21760,CA-2014-109932,237.096,4
VP-21760,CA-2016-102127,139.96,5
VP-21760,CA-2014-130449,58.48,6
VP-21760,CA-2014-130449,41.88,7
VP-21760,CA-2015-111339,41.568,8
VP-21760,CA-2016-102127,37.74,9
VP-21760,CA-2016-102127,20.97,10
VP-21760,CA-2017-159100,18.528,11
VP-21760,CA-2014-109932,10.688,12
VP-21760,CA-2015-111339,8.04,13
VS-21820,US-2015-165512,602.651,1
VS-21820,CA-2017-167003,171.288,2
VS-21820,US-2016-137295,108.784,3
VS-21820,CA-2014-105417,76.728,4
VS-21820,US-2016-137295,47.616,5
VS-21820,US-2016-137295,30.828,6
VS-21820,CA-2014-105417,10.43,7
VS-21820,US-2015-165512,7.656,8
VT-21700,CA-2015-167010,563.808,1
VT-21700,CA-2015-167010,547.136,2
VT-21700,CA-2015-167010,352.45,3
VT-21700,CA-2014-151897,100.24,4
VT-21700,CA-2015-167010,98.112,5
VT-21700,CA-2015-167010,41.988,6
VT-21700,CA-2015-167010,14.85,7
VT-21700,CA-2015-167010,10.428,8
VT-21700,CA-2015-167010,7.584,9
VW-21775,CA-2017-128265,1247.64,1
VW-21775,CA-2014-152100,1212.96,2
VW-21775,CA-2015-146262,1188,3
VW-21775,CA-2016-125080,661.176,4
VW-21775,CA-2017-116715,559.62,5
VW-21775,CA-2015-146262,452.45,6
VW-21775,CA-2016-121748,359.98,7
VW-21775,CA-2017-116715,109.92,8
VW-21775,CA-2016-121748,100,9
VW-21775,CA-2015-146262,89.584,10
VW-21775,CA-2015-146262,62.982,11
VW-21775,CA-2015-146262,23.68,12
VW-21775,CA-2015-151624,21.36,13
VW-21775,CA-2017-116715,8.56,14
VW-21775,CA-2014-115980,6.54,15
VW-21775,CA-2015-111507,5.28,16
VW-21775,CA-2014-115980,2.97,17
WB-21850,CA-2017-138149,895.92,1
WB-21850,CA-2016-165330,892.136,2
WB-21850,CA-2014-125829,666.344,3
WB-21850,CA-2014-125829,573.728,4
WB-21850,CA-2014-125829,447.968,5
WB-21850,US-2015-156496,438.368,6
WB-21850,CA-2016-165330,363.92,7
WB-21850,CA-2016-165330,209.6,8
WB-21850,CA-2015-122210,152.991,9
WB-21850,US-2015-156496,139.944,10
WB-21850,US-2015-156496,133.472,11
WB-21850,CA-2017-138149,130.71,12
WB-21850,CA-2016-165330,122.688,13
WB-21850,CA-2016-165330,119.96,14
WB-21850,CA-2015-122210,94.92,15
WB-21850,CA-2016-165330,83.42,16
WB-21850,CA-2014-120852,65.44,17
WB-21850,CA-2017-138149,62.31,18
WB-21850,CA-2016-137848,60.12,19
WB-21850,CA-2016-165330,50.22,20
WB-21850,CA-2016-137848,49.536,21
WB-21850,CA-2017-120327,45.92,22
WB-21850,CA-2014-141607,43.31,23
WB-21850,CA-2016-165330,35.808,24
WB-21850,CA-2016-165330,23.32,25
WB-21850,CA-2014-125829,21.936,26
WB-21850,CA-2014-125829,19.44,27
WB-21850,CA-2014-120852,19.432,28
WB-21850,CA-2016-137848,16.52,29
WB-21850,CA-2016-126627,14,30
WB-21850,CA-2017-138149,11.68,31
WB-21850,CA-2015-122210,10.584,32
WB-21850,CA-2016-165330,5.872,33
WB-21850,US-2017-110149,3.273,34
XP-21865,CA-2014-114335,337.088,1
XP-21865,CA-2016-109365,314.55,2
XP-21865,CA-2014-167927,272.94,3
XP-21865,CA-2014-167927,247.716,4
XP-21865,CA-2016-163174,186.54,5
XP-21865,US-2017-136679,167.952,6
XP-21865,CA-2017-118577,143.7,7
XP-21865,CA-2016-109365,116.28,8
XP-21865,CA-2016-129196,68.112,9
XP-21865,CA-2014-167927,66.58,10
XP-21865,CA-2017-138163,50.94,11
XP-21865,US-2017-136679,45.04,12
XP-21865,CA-2014-167927,43.92,13
XP-21865,CA-2016-109365,43.584,14
XP-21865,CA-2016-109365,43.32,15
XP-21865,CA-2015-155586,36.44,16
XP-21865,CA-2014-167927,29.7,17
XP-21865,CA-2016-109365,19.44,18
XP-21865,CA-2015-155586,15.52,19
XP-21865,CA-2016-109365,15.26,20
XP-21865,CA-2014-167927,14.73,21
XP-21865,CA-2014-167927,13.98,22
XP-21865,CA-2016-109365,9.296,23
XP-21865,CA-2014-134677,9.09,24
XP-21865,CA-2017-118577,6.48,25
XP-21865,CA-2015-155586,2.21,26
YC-21895,CA-2014-119375,2934.33,1
YC-21895,CA-2016-110499,1199.976,2
YC-21895,CA-2017-121741,750.68,3
YC-21895,CA-2016-123932,329.584,4
YC-21895,CA-2014-119375,124.41,5
YC-21895,CA-2014-119375,57.75,6
YC-21895,CA-2016-123932,41.92,7
YC-21895,CA-2015-153220,15.7,8
YS-21880,CA-2017-119809,2793.528,1
YS-21880,CA-2017-119809,1000.02,2
YS-21880,CA-2017-138380,1000.02,3
YS-21880,CA-2015-156755,465.18,4
YS-21880,CA-2017-135076,436.704,5
YS-21880,CA-2015-154291,358.58,6
YS-21880,CA-2015-129532,236,7
YS-21880,CA-2015-129532,221.96,8
YS-21880,CA-2015-154291,98.46,9
YS-21880,CA-2017-160724,34.5,10
YS-21880,CA-2017-124828,9.552,11
ZC-21910,CA-2015-115567,1516.2,1
ZC-21910,CA-2016-169103,1363.96,2
ZC-21910,CA-2014-151995,1298.55,3
ZC-21910,CA-2016-130946,1088.792,4
ZC-21910,CA-2015-133452,710.832,5
ZC-21910,CA-2016-130946,431.928,6
ZC-21910,CA-2015-130365,221.024,7
ZC-21910,CA-2014-151995,213.92,8
ZC-21910,CA-2015-133452,199.96,9
ZC-21910,CA-2015-115567,199.96,10
ZC-21910,US-2017-102288,146.176,11
ZC-21910,CA-2015-130365,128.058,12
ZC-21910,CA-2016-169103,102.36,13
ZC-21910,CA-2016-130946,95.984,14
ZC-21910,US-2016-156986,84.784,15
ZC-21910,CA-2017-115322,43.92,16
ZC-21910,CA-2014-126802,38.976,17
ZC-21910,CA-2014-151995,25.78,18
ZC-21910,US-2016-156986,20.736,19
ZC-21910,US-2016-156986,16.821,20
ZC-21910,CA-2017-100013,15.28,21
ZC-21910,CA-2015-106978,12.536,22
ZC-21910,CA-2014-151995,11.52,23
ZC-21910,US-2016-156986,10.368,24
ZC-21910,CA-2017-100013,8.73,25
ZC-21910,CA-2017-100013,5.68,26
ZC-21910,CA-2015-106978,4.512,27
ZC-21910,US-2017-102288,2.264,28
ZC-21910,CA-2015-106978,1.08,29
ZC-21910,US-2017-102288,0.444,30
ZD-21925,CA-2016-152471,823.96,1
ZD-21925,CA-2016-167682,259.96,2
ZD-21925,CA-2014-143336,213.48,3
ZD-21925,CA-2016-167682,71.12,4
ZD-21925,CA-2017-141481,61.44,5
ZD-21925,CA-2014-143336,22.72,6
ZD-21925,US-2016-147991,16.72,7
ZD-21925,CA-2016-152471,15.984,8
ZD-21925,CA-2014-143336,8.56,9
